-- MySQL dump 10.13  Distrib 8.0.26, for macos11 (x86_64)
--
-- Host: 107.178.211.245    Database: TutorPlatform
-- ------------------------------------------------------
-- Server version	5.7.36-google-log

/*!40101 SET @OLD_CHARACTER_SET_CLIENT=@@CHARACTER_SET_CLIENT */;
/*!40101 SET @OLD_CHARACTER_SET_RESULTS=@@CHARACTER_SET_RESULTS */;
/*!40101 SET @OLD_COLLATION_CONNECTION=@@COLLATION_CONNECTION */;
/*!50503 SET NAMES utf8 */;
/*!40103 SET @OLD_TIME_ZONE=@@TIME_ZONE */;
/*!40103 SET TIME_ZONE='+00:00' */;
/*!40014 SET @OLD_UNIQUE_CHECKS=@@UNIQUE_CHECKS, UNIQUE_CHECKS=0 */;
/*!40014 SET @OLD_FOREIGN_KEY_CHECKS=@@FOREIGN_KEY_CHECKS, FOREIGN_KEY_CHECKS=0 */;
/*!40101 SET @OLD_SQL_MODE=@@SQL_MODE, SQL_MODE='NO_AUTO_VALUE_ON_ZERO' */;
/*!40111 SET @OLD_SQL_NOTES=@@SQL_NOTES, SQL_NOTES=0 */;
SET @MYSQLDUMP_TEMP_LOG_BIN = @@SESSION.SQL_LOG_BIN;
SET @@SESSION.SQL_LOG_BIN= 0;

--
-- GTID state at the beginning of the backup 
--

SET @@GLOBAL.GTID_PURGED=/*!80000 '+'*/ 'c511268e-4d91-11ec-bde6-42010a800009:1-32609';

--
-- Table structure for table `Answer`
--

DROP TABLE IF EXISTS `Answer`;
/*!40101 SET @saved_cs_client     = @@character_set_client */;
/*!50503 SET character_set_client = utf8mb4 */;
CREATE TABLE `Answer` (
  `answerId` int(11) NOT NULL AUTO_INCREMENT,
  `title` varchar(45) DEFAULT NULL,
  `description` varchar(45) NOT NULL,
  `questionId` int(11) NOT NULL,
  `tutorNo` int(11) NOT NULL,
  PRIMARY KEY (`answerId`),
  KEY `questionId_idx` (`questionId`),
  KEY `tutorNo_idx` (`tutorNo`),
  CONSTRAINT `fk_Answer_Question` FOREIGN KEY (`questionId`) REFERENCES `Question` (`questionId`) ON DELETE CASCADE ON UPDATE CASCADE,
  CONSTRAINT `fk_Answer_Tutor` FOREIGN KEY (`tutorNo`) REFERENCES `Tutor` (`tutorNo`) ON DELETE CASCADE ON UPDATE CASCADE
) ENGINE=InnoDB AUTO_INCREMENT=601 DEFAULT CHARSET=utf8;
/*!40101 SET character_set_client = @saved_cs_client */;

--
-- Dumping data for table `Answer`
--

LOCK TABLES `Answer` WRITE;
/*!40000 ALTER TABLE `Answer` DISABLE KEYS */;
INSERT INTO `Answer` VALUES (202,'RE: Help With Calculus 2','Yes you should',2,6003),(203,'RE: Help With Calculus 3','Here is the solution 6006',3,6006),(204,'RE: Help With Calculus 4','Here is the solution 6009',4,6009),(205,'RE: Help With Calculus 5','Here is the solution 6012',5,6012),(206,'RE: Help With Calculus 6','Here is the solution 6015',6,6015),(207,'RE: Help With Calculus 7','Here is the solution 6018',7,6018),(208,'RE: Help With Calculus 8','Here is the solution 6021',8,6021),(209,'RE: Help With Calculus 9','Here is the solution 6024',9,6024),(210,'RE: Help With Calculus 10','Here is the solution 6027',10,6027),(211,'RE: Help With Calculus 11','Here is the solution 6030',11,6030),(212,'RE: Help With Calculus 12','Here is the solution 6033',12,6033),(213,'RE: Help With Calculus 13','Here is the solution 6036',13,6036),(214,'RE: Help With Calculus 14','Here is the solution 6039',14,6039),(215,'RE: Help With Calculus 15','Here is the solution 6042',15,6042),(216,'RE: Help With Calculus 16','Here is the solution 6045',16,6045),(217,'RE: Help With Calculus 17','Here is the solution 6048',17,6048),(218,'RE: Help With Calculus 18','Here is the solution 6051',18,6051),(219,'RE: Help With Calculus 19','Here is the solution 6054',19,6054),(220,'RE: Help With Calculus 20','Here is the solution 6057',20,6057),(221,'RE: Help With Calculus 21','Here is the solution 6060',21,6060),(222,'RE: Help With Calculus 22','Here is the solution 6063',22,6063),(223,'RE: Help With Calculus 23','Here is the solution 6066',23,6066),(224,'RE: Help With Calculus 24','Here is the solution 6069',24,6069),(225,'RE: Help With Calculus 25','Here is the solution 6072',25,6072),(226,'RE: Help With Calculus 26','Here is the solution 6075',26,6075),(227,'RE: Help With Calculus 27','Here is the solution 6078',27,6078),(228,'RE: Help With Calculus 28','Here is the solution 6081',28,6081),(229,'RE: Help With Calculus 29','Here is the solution 6084',29,6084),(230,'RE: Help With Calculus 30','Here is the solution 6087',30,6087),(231,'RE: Help With Calculus 31','Here is the solution 6090',31,6090),(232,'RE: Help With Calculus 32','Here is the solution 6093',32,6093),(233,'RE: Help With Calculus 33','Here is the solution 6096',33,6096),(234,'RE: Help With Calculus 34','Here is the solution 6099',34,6099),(235,'RE: Help With Calculus 35','Here is the solution 6102',35,6102),(236,'RE: Help With Calculus 36','Here is the solution 6105',36,6105),(237,'RE: Help With Calculus 37','Here is the solution 6108',37,6108),(238,'RE: Help With Calculus 38','Here is the solution 6111',38,6111),(239,'RE: Help With Calculus 39','Here is the solution 6114',39,6114),(240,'RE: Help With Calculus 40','Here is the solution 6117',40,6117),(241,'RE: Help With Calculus 41','Here is the solution 6120',41,6120),(242,'RE: Help With Calculus 42','Here is the solution 6123',42,6123),(243,'RE: Help With Calculus 43','Here is the solution 6126',43,6126),(244,'RE: Help With Calculus 44','Here is the solution 6129',44,6129),(245,'RE: Help With Calculus 45','Here is the solution 6132',45,6132),(246,'RE: Help With Calculus 46','Here is the solution 6135',46,6135),(247,'RE: Help With Calculus 47','Here is the solution 6138',47,6138),(248,'RE: Help With Calculus 48','Here is the solution 6141',48,6141),(249,'RE: Help With Calculus 49','Here is the solution 6144',49,6144),(250,'RE: Help With Calculus 50','Here is the solution 6147',50,6147),(251,'RE: Help With Physics 1','He doesn\'t like you',51,6150),(252,'RE: Help With Physics 2','Maybe',52,6153),(253,'RE: Help With Physics 3','Here is the solution 6156',53,6156),(254,'RE: Help With Physics 4','Here is the solution 6159',54,6159),(255,'RE: Help With Physics 5','Here is the solution 6162',55,6162),(256,'RE: Help With Physics 6','Here is the solution 6165',56,6165),(257,'RE: Help With Physics 7','Here is the solution 6168',57,6168),(258,'RE: Help With Physics 8','Here is the solution 6171',58,6171),(259,'RE: Help With Physics 9','Here is the solution 6174',59,6174),(260,'RE: Help With Physics 10','Here is the solution 6177',60,6177),(261,'RE: Help With Physics 11','Here is the solution 6180',61,6180),(262,'RE: Help With Physics 12','Here is the solution 6183',62,6183),(263,'RE: Help With Physics 13','Here is the solution 6186',63,6186),(264,'RE: Help With Physics 14','Here is the solution 6189',64,6189),(265,'RE: Help With Physics 15','Here is the solution 6192',65,6192),(266,'RE: Help With Physics 16','Here is the solution 6195',66,6195),(267,'RE: Help With Physics 17','Here is the solution 6198',67,6198),(268,'RE: Help With Physics 18','Here is the solution 6201',68,6201),(269,'RE: Help With Physics 19','Here is the solution 6204',69,6204),(270,'RE: Help With Physics 20','Here is the solution 6207',70,6207),(271,'RE: Help With Physics 21','Here is the solution 6210',71,6210),(272,'RE: Help With Physics 22','Here is the solution 6213',72,6213),(273,'RE: Help With Physics 23','Here is the solution 6216',73,6216),(274,'RE: Help With Physics 24','Here is the solution 6219',74,6219),(275,'RE: Help With Physics 25','Here is the solution 6222',75,6222),(276,'RE: Help With Chemistry 1','No',76,6225),(277,'RE: Help With Chemistry 2','Yes I can',77,6228),(278,'RE: Help With Chemistry 3','Here is the solution 6231',78,6231),(279,'RE: Help With Chemistry 4','Here is the solution 6234',79,6234),(280,'RE: Help With Chemistry 5','Here is the solution 6237',80,6237),(281,'RE: Help With Chemistry 6','Here is the solution 6240',81,6240),(282,'RE: Help With Chemistry 7','Here is the solution 6243',82,6243),(283,'RE: Help With Chemistry 8','Here is the solution 6246',83,6246),(284,'RE: Help With Chemistry 9','Here is the solution 6249',84,6249),(285,'RE: Help With Chemistry 10','Here is the solution 6252',85,6252),(286,'RE: Help With Chemistry 11','Here is the solution 6255',86,6255),(287,'RE: Help With Chemistry 12','Here is the solution 6258',87,6258),(288,'RE: Help With Chemistry 13','Here is the solution 6261',88,6261),(289,'RE: Help With Chemistry 14','Here is the solution 6264',89,6264),(290,'RE: Help With Chemistry 15','Here is the solution 6267',90,6267),(291,'RE: Help With Chemistry 16','Here is the solution 6270',91,6270),(292,'RE: Help With Chemistry 17','Here is the solution 6273',92,6273),(293,'RE: Help With Chemistry 18','Here is the solution 6276',93,6276),(294,'RE: Help With Chemistry 19','Here is the solution 6279',94,6279),(295,'RE: Help With Chemistry 20','Here is the solution 6282',95,6282),(296,'RE: Help With Chemistry 21','Here is the solution 6285',96,6285),(297,'RE: Help With Chemistry 22','Here is the solution 6288',97,6288),(298,'RE: Help With Chemistry 23','Here is the solution 6291',98,6291),(299,'RE: Help With Chemistry 24','Here is the solution 6294',99,6294),(300,'RE: Help With Chemistry 25','Here is the solution 6297',100,6297),(301,'RE: Help With Business 1','Get a job',101,6300),(302,'RE: Help With Business 2','Probably',102,6303),(303,'RE: Help With Business 3','Here is the solution 6306',103,6306),(304,'RE: Help With Business 4','Here is the solution 6309',104,6309),(305,'RE: Help With Business 5','Here is the solution 6312',105,6312),(306,'RE: Help With Business 6','Here is the solution 6315',106,6315),(307,'RE: Help With Business 7','Here is the solution 6318',107,6318),(308,'RE: Help With Business 8','Here is the solution 6321',108,6321),(309,'RE: Help With Business 9','Here is the solution 6324',109,6324),(310,'RE: Help With Business 10','Here is the solution 6327',110,6327),(311,'RE: Help With Business 11','Here is the solution 6330',111,6330),(312,'RE: Help With Business 12','Here is the solution 6333',112,6333),(313,'RE: Help With Business 13','Here is the solution 6336',113,6336),(314,'RE: Help With Business 14','Here is the solution 6339',114,6339),(315,'RE: Help With Business 15','Here is the solution 6342',115,6342),(316,'RE: Help With Business 16','Here is the solution 6345',116,6345),(317,'RE: Help With Business 17','Here is the solution 6348',117,6348),(318,'RE: Help With Business 18','Here is the solution 6351',118,6351),(319,'RE: Help With Business 19','Here is the solution 6354',119,6354),(320,'RE: Help With Business 20','Here is the solution 6357',120,6357),(321,'RE: Help With Business 21','Here is the solution 6360',121,6360),(322,'RE: Help With Business 22','Here is the solution 6363',122,6363),(323,'RE: Help With Business 23','Here is the solution 6366',123,6366),(324,'RE: Help With Business 24','Here is the solution 6369',124,6369),(325,'RE: Help With Business 25','Here is the solution 6372',125,6372),(326,'RE: Help With Biology 1','Powerhouse of the cell',126,6375),(327,'RE: Help With Biology 2','You should drop out',127,6378),(328,'RE: Help With Biology 3','Here is the solution 6381',128,6381),(329,'RE: Help With Biology 4','Here is the solution 6384',129,6384),(330,'RE: Help With Biology 5','Here is the solution 6387',130,6387),(331,'RE: Help With Biology 6','Here is the solution 6390',131,6390),(332,'RE: Help With Biology 7','Here is the solution 6393',132,6393),(333,'RE: Help With Biology 8','Here is the solution 6396',133,6396),(334,'RE: Help With Biology 9','Here is the solution 6399',134,6399),(335,'RE: Help With Biology 10','Here is the solution 6402',135,6402),(336,'RE: Help With Biology 11','Here is the solution 6405',136,6405),(337,'RE: Help With Biology 12','Here is the solution 6408',137,6408),(338,'RE: Help With Biology 13','Here is the solution 6411',138,6411),(339,'RE: Help With Biology 14','Here is the solution 6414',139,6414),(340,'RE: Help With Biology 15','Here is the solution 6417',140,6417),(341,'RE: Help With Biology 16','Here is the solution 6420',141,6420),(342,'RE: Help With Biology 17','Here is the solution 6423',142,6423),(343,'RE: Help With Biology 18','Here is the solution 6426',143,6426),(344,'RE: Help With Biology 19','Here is the solution 6429',144,6429),(345,'RE: Help With Biology 20','Here is the solution 6432',145,6432),(346,'RE: Help With Biology 21','Here is the solution 6435',146,6435),(347,'RE: Help With Biology 22','Here is the solution 6438',147,6438),(348,'RE: Help With Biology 23','Here is the solution 6441',148,6441),(349,'RE: Help With Biology 24','Here is the solution 6444',149,6444),(350,'RE: Help With Biology 25','Here is the solution 6447',150,6447),(351,'RE: Help With ComputerSci 1','Right here',151,6450),(352,'RE: Help With ComputerSci 2','That is illegal',152,6453),(353,'RE: Help With ComputerSci 3','Here is the solution 6456',153,6456),(354,'RE: Help With ComputerSci 4','Here is the solution 6459',154,6459),(355,'RE: Help With ComputerSci 5','Here is the solution 6462',155,6462),(356,'RE: Help With ComputerSci 6','Here is the solution 6465',156,6465),(357,'RE: Help With ComputerSci 7','Here is the solution 6468',157,6468),(358,'RE: Help With ComputerSci 8','Here is the solution 6471',158,6471),(359,'RE: Help With ComputerSci 9','Here is the solution 6474',159,6474),(360,'RE: Help With ComputerSci 10','Here is the solution 6477',160,6477),(361,'RE: Help With ComputerSci 11','Here is the solution 6480',161,6480),(362,'RE: Help With ComputerSci 12','Here is the solution 6483',162,6483),(363,'RE: Help With ComputerSci 13','Here is the solution 6486',163,6486),(364,'RE: Help With ComputerSci 14','Here is the solution 6489',164,6489),(365,'RE: Help With ComputerSci 15','Here is the solution 6492',165,6492),(366,'RE: Help With ComputerSci 16','Here is the solution 6495',166,6495),(367,'RE: Help With ComputerSci 17','Here is the solution 6498',167,6498),(368,'RE: Help With ComputerSci 18','Here is the solution 6501',168,6501),(369,'RE: Help With ComputerSci 19','Here is the solution 6504',169,6504),(370,'RE: Help With ComputerSci 20','Here is the solution 6507',170,6507),(371,'RE: Help With ComputerSci 21','Here is the solution 6510',171,6510),(372,'RE: Help With ComputerSci 22','Here is the solution 6513',172,6513),(373,'RE: Help With ComputerSci 23','Here is the solution 6516',173,6516),(374,'RE: Help With ComputerSci 24','Here is the solution 6519',174,6519),(375,'RE: Help With ComputerSci 25','Here is the solution 6522',175,6522),(376,'RE: Help With Algebra 1','21',176,6525),(377,'RE: Help With Algebra 2','Can\'t beat it either',177,6528),(378,'RE: Help With Algebra 3','Here is the solution 6531',178,6531),(379,'RE: Help With Algebra 4','Here is the solution 6534',179,6534),(380,'RE: Help With Algebra 5','Here is the solution 6537',180,6537),(381,'RE: Help With Algebra 6','Here is the solution 6540',181,6540),(382,'RE: Help With Algebra 7','Here is the solution 6543',182,6543),(383,'RE: Help With Algebra 8','Here is the solution 6546',183,6546),(384,'RE: Help With Algebra 9','Here is the solution 6549',184,6549),(385,'RE: Help With Algebra 10','Here is the solution 6552',185,6552),(386,'RE: Help With Algebra 11','Here is the solution 6555',186,6555),(387,'RE: Help With Algebra 12','Here is the solution 6558',187,6558),(388,'RE: Help With Algebra 13','Here is the solution 6561',188,6561),(389,'RE: Help With Algebra 14','Here is the solution 6564',189,6564),(390,'RE: Help With Algebra 15','Here is the solution 6567',190,6567),(391,'RE: Help With Algebra 16','Here is the solution 6570',191,6570),(392,'RE: Help With Algebra 17','Here is the solution 6573',192,6573),(393,'RE: Help With Algebra 18','Here is the solution 6576',193,6576),(394,'RE: Help With Algebra 19','Here is the solution 6579',194,6579),(395,'RE: Help With Algebra 20','Here is the solution 6582',195,6582),(396,'RE: Help With Algebra 21','Here is the solution 6585',196,6585),(397,'RE: Help With Algebra 22','Here is the solution 6588',197,6588),(398,'RE: Help With Algebra 23','Here is the solution 6591',198,6591),(399,'RE: Help With Algebra 24','Here is the solution 6594',199,6594),(400,'RE: Help With Algebra 25','Here is the solution 6597',200,6597),(401,'Due Date','Due date for the enrollment is 2021/11/31.',1,6001),(402,'Due Date','Due date for the enrollment is 2021/11/31.',2,6001),(403,'Due Date','Due date for the enrollment is 2021/11/31.',3,6001),(404,'Due Date','Due date for the enrollment is 2021/11/31.',4,6001),(405,'Due Date','Due date for the enrollment is 2021/11/31.',5,6001),(406,'Due Date','Due date for the enrollment is 2021/11/31.',6,6001),(407,'Due Date','Due date for the enrollment is 2021/11/31.',7,6001),(408,'Due Date','Due date for the enrollment is 2021/11/31.',8,6001),(409,'Due Date','Due date for the enrollment is 2021/11/31.',9,6001),(410,'Due Date','Due date for the enrollment is 2021/11/31.',10,6001),(411,'Due Date','Due date for the enrollment is 2021/11/31.',11,6001),(412,'Due Date','Due date for the enrollment is 2021/11/31.',12,6001),(413,'Due Date','Due date for the enrollment is 2021/11/31.',13,6001),(414,'Due Date','Due date for the enrollment is 2021/11/31.',14,6001),(415,'Due Date','Due date for the enrollment is 2021/11/31.',15,6001),(416,'Due Date','Due date for the enrollment is 2021/11/31.',16,6001),(417,'Due Date','Due date for the enrollment is 2021/11/31.',17,6001),(418,'Due Date','Due date for the enrollment is 2021/11/31.',18,6001),(419,'Due Date','Due date for the enrollment is 2021/11/31.',19,6001),(420,'Due Date','Due date for the enrollment is 2021/11/31.',20,6001),(421,'Due Date','Due date for the enrollment is 2021/11/31.',21,6001),(422,'Due Date','Due date for the enrollment is 2021/11/31.',22,6001),(423,'Due Date','Due date for the enrollment is 2021/11/31.',23,6001),(424,'Due Date','Due date for the enrollment is 2021/11/31.',24,6001),(425,'Due Date','Due date for the enrollment is 2021/11/31.',25,6001),(426,'Due Date','Due date for the enrollment is 2021/11/31.',26,6001),(427,'Due Date','Due date for the enrollment is 2021/11/31.',27,6001),(428,'Due Date','Due date for the enrollment is 2021/11/31.',28,6001),(429,'Due Date','Due date for the enrollment is 2021/11/31.',29,6001),(430,'Due Date','Due date for the enrollment is 2021/11/31.',30,6001),(431,'Due Date','Due date for the enrollment is 2021/11/31.',31,6001),(432,'Due Date','Due date for the enrollment is 2021/11/31.',32,6001),(433,'Due Date','Due date for the enrollment is 2021/11/31.',33,6001),(434,'Due Date','Due date for the enrollment is 2021/11/31.',34,6001),(435,'Due Date','Due date for the enrollment is 2021/11/31.',35,6001),(436,'Due Date','Due date for the enrollment is 2021/11/31.',36,6001),(437,'Due Date','Due date for the enrollment is 2021/11/31.',37,6001),(438,'Due Date','Due date for the enrollment is 2021/11/31.',38,6001),(439,'Due Date','Due date for the enrollment is 2021/11/31.',39,6001),(440,'Due Date','Due date for the enrollment is 2021/11/31.',40,6001),(441,'Due Date','Due date for the enrollment is 2021/11/31.',41,6001),(442,'Due Date','Due date for the enrollment is 2021/11/31.',42,6001),(443,'Due Date','Due date for the enrollment is 2021/11/31.',43,6001),(444,'Due Date','Due date for the enrollment is 2021/11/31.',44,6001),(445,'Due Date','Due date for the enrollment is 2021/11/31.',45,6001),(446,'Due Date','Due date for the enrollment is 2021/11/31.',46,6001),(447,'Due Date','Due date for the enrollment is 2021/11/31.',47,6001),(448,'Due Date','Due date for the enrollment is 2021/11/31.',48,6001),(449,'Due Date','Due date for the enrollment is 2021/11/31.',49,6001),(450,'Due Date','Due date for the enrollment is 2021/11/31.',50,6001),(451,'Due Date','Due date for the enrollment is 2021/11/31.',51,6001),(452,'Due Date','Due date for the enrollment is 2021/11/31.',52,6001),(453,'Due Date','Due date for the enrollment is 2021/11/31.',53,6001),(454,'Due Date','Due date for the enrollment is 2021/11/31.',54,6001),(455,'Due Date','Due date for the enrollment is 2021/11/31.',55,6001),(456,'Due Date','Due date for the enrollment is 2021/11/31.',56,6001),(457,'Due Date','Due date for the enrollment is 2021/11/31.',57,6001),(458,'Due Date','Due date for the enrollment is 2021/11/31.',58,6001),(459,'Due Date','Due date for the enrollment is 2021/11/31.',59,6001),(460,'Due Date','Due date for the enrollment is 2021/11/31.',60,6001),(461,'Due Date','Due date for the enrollment is 2021/11/31.',61,6001),(462,'Due Date','Due date for the enrollment is 2021/11/31.',62,6001),(463,'Due Date','Due date for the enrollment is 2021/11/31.',63,6001),(464,'Due Date','Due date for the enrollment is 2021/11/31.',64,6001),(465,'Due Date','Due date for the enrollment is 2021/11/31.',65,6001),(466,'Due Date','Due date for the enrollment is 2021/11/31.',66,6001),(467,'Due Date','Due date for the enrollment is 2021/11/31.',67,6001),(468,'Due Date','Due date for the enrollment is 2021/11/31.',68,6001),(469,'Due Date','Due date for the enrollment is 2021/11/31.',69,6001),(470,'Due Date','Due date for the enrollment is 2021/11/31.',70,6001),(471,'Due Date','Due date for the enrollment is 2021/11/31.',71,6001),(472,'Due Date','Due date for the enrollment is 2021/11/31.',72,6001),(473,'Due Date','Due date for the enrollment is 2021/11/31.',73,6001),(474,'Due Date','Due date for the enrollment is 2021/11/31.',74,6001),(475,'Due Date','Due date for the enrollment is 2021/11/31.',75,6001),(476,'Due Date','Due date for the enrollment is 2021/11/31.',76,6001),(477,'Due Date','Due date for the enrollment is 2021/11/31.',77,6001),(478,'Due Date','Due date for the enrollment is 2021/11/31.',78,6001),(479,'Due Date','Due date for the enrollment is 2021/11/31.',79,6001),(480,'Due Date','Due date for the enrollment is 2021/11/31.',80,6001),(481,'Due Date','Due date for the enrollment is 2021/11/31.',81,6001),(482,'Due Date','Due date for the enrollment is 2021/11/31.',82,6001),(483,'Due Date','Due date for the enrollment is 2021/11/31.',83,6001),(484,'Due Date','Due date for the enrollment is 2021/11/31.',84,6001),(485,'Due Date','Due date for the enrollment is 2021/11/31.',85,6001),(486,'Due Date','Due date for the enrollment is 2021/11/31.',86,6001),(487,'Due Date','Due date for the enrollment is 2021/11/31.',87,6001),(488,'Due Date','Due date for the enrollment is 2021/11/31.',88,6001),(489,'Due Date','Due date for the enrollment is 2021/11/31.',89,6001),(490,'Due Date','Due date for the enrollment is 2021/11/31.',90,6001),(491,'Due Date','Due date for the enrollment is 2021/11/31.',91,6001),(492,'Due Date','Due date for the enrollment is 2021/11/31.',92,6001),(493,'Due Date','Due date for the enrollment is 2021/11/31.',93,6001),(494,'Due Date','Due date for the enrollment is 2021/11/31.',94,6001),(495,'Due Date','Due date for the enrollment is 2021/11/31.',95,6001),(496,'Due Date','Due date for the enrollment is 2021/11/31.',96,6001),(497,'Due Date','Due date for the enrollment is 2021/11/31.',97,6001),(498,'Due Date','Due date for the enrollment is 2021/11/31.',98,6001),(499,'Due Date','Due date for the enrollment is 2021/11/31.',99,6001),(500,'Due Date','Due date for the enrollment is 2021/11/31.',100,6001),(501,'Due Date','Due date for the enrollment is 2021/11/31.',101,6001),(502,'Due Date','Due date for the enrollment is 2021/11/31.',102,6001),(503,'Due Date','Due date for the enrollment is 2021/11/31.',103,6001),(504,'Due Date','Due date for the enrollment is 2021/11/31.',104,6001),(505,'Due Date','Due date for the enrollment is 2021/11/31.',105,6001),(506,'Due Date','Due date for the enrollment is 2021/11/31.',106,6001),(507,'Due Date','Due date for the enrollment is 2021/11/31.',107,6001),(508,'Due Date','Due date for the enrollment is 2021/11/31.',108,6001),(509,'Due Date','Due date for the enrollment is 2021/11/31.',109,6001),(510,'Due Date','Due date for the enrollment is 2021/11/31.',110,6001),(511,'Due Date','Due date for the enrollment is 2021/11/31.',111,6001),(512,'Due Date','Due date for the enrollment is 2021/11/31.',112,6001),(513,'Due Date','Due date for the enrollment is 2021/11/31.',113,6001),(514,'Due Date','Due date for the enrollment is 2021/11/31.',114,6001),(515,'Due Date','Due date for the enrollment is 2021/11/31.',115,6001),(516,'Due Date','Due date for the enrollment is 2021/11/31.',116,6001),(517,'Due Date','Due date for the enrollment is 2021/11/31.',117,6001),(518,'Due Date','Due date for the enrollment is 2021/11/31.',118,6001),(519,'Due Date','Due date for the enrollment is 2021/11/31.',119,6001),(520,'Due Date','Due date for the enrollment is 2021/11/31.',120,6001),(521,'Due Date','Due date for the enrollment is 2021/11/31.',121,6001),(522,'Due Date','Due date for the enrollment is 2021/11/31.',122,6001),(523,'Due Date','Due date for the enrollment is 2021/11/31.',123,6001),(524,'Due Date','Due date for the enrollment is 2021/11/31.',124,6001),(525,'Due Date','Due date for the enrollment is 2021/11/31.',125,6001),(526,'Due Date','Due date for the enrollment is 2021/11/31.',126,6001),(527,'Due Date','Due date for the enrollment is 2021/11/31.',127,6001),(528,'Due Date','Due date for the enrollment is 2021/11/31.',128,6001),(529,'Due Date','Due date for the enrollment is 2021/11/31.',129,6001),(530,'Due Date','Due date for the enrollment is 2021/11/31.',130,6001),(531,'Due Date','Due date for the enrollment is 2021/11/31.',131,6001),(532,'Due Date','Due date for the enrollment is 2021/11/31.',132,6001),(533,'Due Date','Due date for the enrollment is 2021/11/31.',133,6001),(534,'Due Date','Due date for the enrollment is 2021/11/31.',134,6001),(535,'Due Date','Due date for the enrollment is 2021/11/31.',135,6001),(536,'Due Date','Due date for the enrollment is 2021/11/31.',136,6001),(537,'Due Date','Due date for the enrollment is 2021/11/31.',137,6001),(538,'Due Date','Due date for the enrollment is 2021/11/31.',138,6001),(539,'Due Date','Due date for the enrollment is 2021/11/31.',139,6001),(540,'Due Date','Due date for the enrollment is 2021/11/31.',140,6001),(541,'Due Date','Due date for the enrollment is 2021/11/31.',141,6001),(542,'Due Date','Due date for the enrollment is 2021/11/31.',142,6001),(543,'Due Date','Due date for the enrollment is 2021/11/31.',143,6001),(544,'Due Date','Due date for the enrollment is 2021/11/31.',144,6001),(545,'Due Date','Due date for the enrollment is 2021/11/31.',145,6001),(546,'Due Date','Due date for the enrollment is 2021/11/31.',146,6001),(547,'Due Date','Due date for the enrollment is 2021/11/31.',147,6001),(548,'Due Date','Due date for the enrollment is 2021/11/31.',148,6001),(549,'Due Date','Due date for the enrollment is 2021/11/31.',149,6001),(550,'Due Date','Due date for the enrollment is 2021/11/31.',150,6001),(551,'Due Date','Due date for the enrollment is 2021/11/31.',151,6001),(552,'Due Date','Due date for the enrollment is 2021/11/31.',152,6001),(553,'Due Date','Due date for the enrollment is 2021/11/31.',153,6001),(554,'Due Date','Due date for the enrollment is 2021/11/31.',154,6001),(555,'Due Date','Due date for the enrollment is 2021/11/31.',155,6001),(556,'Due Date','Due date for the enrollment is 2021/11/31.',156,6001),(557,'Due Date','Due date for the enrollment is 2021/11/31.',157,6001),(558,'Due Date','Due date for the enrollment is 2021/11/31.',158,6001),(559,'Due Date','Due date for the enrollment is 2021/11/31.',159,6001),(560,'Due Date','Due date for the enrollment is 2021/11/31.',160,6001),(561,'Due Date','Due date for the enrollment is 2021/11/31.',161,6001),(562,'Due Date','Due date for the enrollment is 2021/11/31.',162,6001),(563,'Due Date','Due date for the enrollment is 2021/11/31.',163,6001),(564,'Due Date','Due date for the enrollment is 2021/11/31.',164,6001),(565,'Due Date','Due date for the enrollment is 2021/11/31.',165,6001),(566,'Due Date','Due date for the enrollment is 2021/11/31.',166,6001),(567,'Due Date','Due date for the enrollment is 2021/11/31.',167,6001),(568,'Due Date','Due date for the enrollment is 2021/11/31.',168,6001),(569,'Due Date','Due date for the enrollment is 2021/11/31.',169,6001),(570,'Due Date','Due date for the enrollment is 2021/11/31.',170,6001),(571,'Due Date','Due date for the enrollment is 2021/11/31.',171,6001),(572,'Due Date','Due date for the enrollment is 2021/11/31.',172,6001),(573,'Due Date','Due date for the enrollment is 2021/11/31.',173,6001),(574,'Due Date','Due date for the enrollment is 2021/11/31.',174,6001),(575,'Due Date','Due date for the enrollment is 2021/11/31.',175,6001),(576,'Due Date','Due date for the enrollment is 2021/11/31.',176,6001),(577,'Due Date','Due date for the enrollment is 2021/11/31.',177,6001),(578,'Due Date','Due date for the enrollment is 2021/11/31.',178,6001),(579,'Due Date','Due date for the enrollment is 2021/11/31.',179,6001),(580,'Due Date','Due date for the enrollment is 2021/11/31.',180,6001),(581,'Due Date','Due date for the enrollment is 2021/11/31.',181,6001),(582,'Due Date','Due date for the enrollment is 2021/11/31.',182,6001),(583,'Due Date','Due date for the enrollment is 2021/11/31.',183,6001),(584,'Due Date','Due date for the enrollment is 2021/11/31.',184,6001),(585,'Due Date','Due date for the enrollment is 2021/11/31.',185,6001),(586,'Due Date','Due date for the enrollment is 2021/11/31.',186,6001),(587,'Due Date','Due date for the enrollment is 2021/11/31.',187,6001),(588,'Due Date','Due date for the enrollment is 2021/11/31.',188,6001),(589,'Due Date','Due date for the enrollment is 2021/11/31.',189,6001),(590,'Due Date','Due date for the enrollment is 2021/11/31.',190,6001),(591,'Due Date','Due date for the enrollment is 2021/11/31.',191,6001),(592,'Due Date','Due date for the enrollment is 2021/11/31.',192,6001),(593,'Due Date','Due date for the enrollment is 2021/11/31.',193,6001),(594,'Due Date','Due date for the enrollment is 2021/11/31.',194,6001),(595,'Due Date','Due date for the enrollment is 2021/11/31.',195,6001),(596,'Due Date','Due date for the enrollment is 2021/11/31.',196,6001),(597,'Due Date','Due date for the enrollment is 2021/11/31.',197,6001),(598,'Due Date','Due date for the enrollment is 2021/11/31.',198,6001),(599,'Due Date','Due date for the enrollment is 2021/11/31.',199,6001),(600,'Due Date','Due date for the enrollment is 2021/11/31.',200,6001);
/*!40000 ALTER TABLE `Answer` ENABLE KEYS */;
UNLOCK TABLES;

--
-- Temporary view structure for view `ExperiencedCalculusTutors`
--

DROP TABLE IF EXISTS `ExperiencedCalculusTutors`;
/*!50001 DROP VIEW IF EXISTS `ExperiencedCalculusTutors`*/;
SET @saved_cs_client     = @@character_set_client;
/*!50503 SET character_set_client = utf8mb4 */;
/*!50001 CREATE VIEW `ExperiencedCalculusTutors` AS SELECT 
 1 AS `tutorNo`,
 1 AS `name`,
 1 AS `subjectTitle`,
 1 AS `yearsOfExperience`*/;
SET character_set_client = @saved_cs_client;

--
-- Table structure for table `Question`
--

DROP TABLE IF EXISTS `Question`;
/*!40101 SET @saved_cs_client     = @@character_set_client */;
/*!50503 SET character_set_client = utf8mb4 */;
CREATE TABLE `Question` (
  `questionId` int(11) NOT NULL,
  `title` varchar(45) NOT NULL,
  `description` varchar(45) NOT NULL,
  `studentNo` int(11) NOT NULL,
  PRIMARY KEY (`questionId`),
  KEY `studentNo_idx` (`studentNo`),
  CONSTRAINT `fk_Question_Student` FOREIGN KEY (`studentNo`) REFERENCES `Student` (`studentNo`) ON DELETE CASCADE ON UPDATE CASCADE
) ENGINE=InnoDB DEFAULT CHARSET=utf8;
/*!40101 SET character_set_client = @saved_cs_client */;

--
-- Dumping data for table `Question`
--

LOCK TABLES `Question` WRITE;
/*!40000 ALTER TABLE `Question` DISABLE KEYS */;
INSERT INTO `Question` VALUES (1,'Help With Calculus 1','Can you help me?',3000),(2,'Help With Calculus 2','I might drop out of this course. Should I?',3002),(3,'Help With Calculus 3','Chapter 1 question 1?',3004),(4,'Help With Calculus 4','Chapter 1 question 2?',3006),(5,'Help With Calculus 5','Chapter 1 question 3?',3008),(6,'Help With Calculus 6','Chapter 1 question 4?',3010),(7,'Help With Calculus 7','Chapter 1 question 5?',3012),(8,'Help With Calculus 8','Chapter 1 question 6?',3014),(9,'Help With Calculus 9','Chapter 1 question 7?',3016),(10,'Help With Calculus 10','Chapter 1 question 8?',3018),(11,'Help With Calculus 11','Chapter 1 question 9?',3020),(12,'Help With Calculus 12','Chapter 1 question 9?',3022),(13,'Help With Calculus 13','Chapter 1 question 9?',3024),(14,'Help With Calculus 14','Chapter 1 question 9?',3026),(15,'Help With Calculus 15','Chapter 1 question 9?',3028),(16,'Help With Calculus 16','Chapter 1 question 10?',3030),(17,'Help With Calculus 17','Chapter 1 question 11?',3032),(18,'Help With Calculus 18','Chapter 1 question 12?',3034),(19,'Help With Calculus 19','Chapter 1 question 12?',3036),(20,'Help With Calculus 20','Chapter 1 question 12?',3038),(21,'Help With Calculus 21','Chapter 1 question 12?',3040),(22,'Help With Calculus 22','Chapter 1 question 12?',3042),(23,'Help With Calculus 23','Chapter 1 question 12?',3044),(24,'Help With Calculus 24','Chapter 1 question 12?',3046),(25,'Help With Calculus 25','Chapter 1 question 12?',3048),(26,'Help With Calculus 26','Chapter 1 question 12?',3050),(27,'Help With Calculus 27','Chapter 2 question 1?',3052),(28,'Help With Calculus 28','Chapter 2 question 5?',3054),(29,'Help With Calculus 29','Chapter 2 question 6?',3056),(30,'Help With Calculus 30','Chapter 2 question 6?',3058),(31,'Help With Calculus 31','Chapter 2 question 6?',3060),(32,'Help With Calculus 32','Chapter 2 question 6?',3062),(33,'Help With Calculus 33','Chapter 2 question 6?',3064),(34,'Help With Calculus 34','Chapter 2 question 6?',3066),(35,'Help With Calculus 35','Chapter 3 question 2?',3068),(36,'Help With Calculus 36','Chapter 3 question 3?',3070),(37,'Help With Calculus 37','Chapter 3 question 4?',3072),(38,'Help With Calculus 38','Chapter 3 question 4?',3074),(39,'Help With Calculus 39','Chapter 3 question 4?',3076),(40,'Help With Calculus 40','Chapter 3 question 4?',3078),(41,'Help With Calculus 41','Chapter 3 question 4?',3080),(42,'Help With Calculus 42','Chapter 4 question 2?',3082),(43,'Help With Calculus 43','Chapter 4 question 3?',3084),(44,'Help With Calculus 44','Chapter 4 question 5?',3086),(45,'Help With Calculus 45','Chapter 4 question 7?',3088),(46,'Help With Calculus 46','Chapter 4 question 7?',3090),(47,'Help With Calculus 47','Chapter 5 question 4?',3092),(48,'Help With Calculus 48','Chapter 5 question 5?',3094),(49,'Help With Calculus 49','Chapter 5 question 13?',3096),(50,'Help With Calculus 50','Chapter 5 question 15?',3098),(51,'Help With Physics 1','Why did prof yell at me?',3100),(52,'Help With Physics 2','Can I bribe prof?',3102),(53,'Help With Physics 3','Chapter 1 question 1?',3104),(54,'Help With Physics 4','Chapter 1 question 3?',3106),(55,'Help With Physics 5','Chapter 1 question 4?',3108),(56,'Help With Physics 6','Chapter 1 question 4?',3110),(57,'Help With Physics 7','Chapter 1 question 5?',3112),(58,'Help With Physics 8','Chapter 1 question 6?',3114),(59,'Help With Physics 9','Chapter 1 question 7?',3116),(60,'Help With Physics 10','Chapter 2 question 8?',3118),(61,'Help With Physics 11','Chapter 2 question 9?',3120),(62,'Help With Physics 12','Chapter 2 question 9?',3122),(63,'Help With Physics 13','Chapter 3 question 9?',3124),(64,'Help With Physics 14','Chapter 4 question 9?',3126),(65,'Help With Physics 15','Chapter 4 question 9?',3128),(66,'Help With Physics 16','Chapter 4 question 10?',3130),(67,'Help With Physics 17','Chapter 5 question 11?',3132),(68,'Help With Physics 18','Chapter 5 question 12?',3134),(69,'Help With Physics 19','Chapter 5 question 12?',3136),(70,'Help With Physics 20','Chapter 5 question 12?',3138),(71,'Help With Physics 21','Chapter 5 question 12?',3140),(72,'Help With Physics 22','Chapter 6 question 12?',3142),(73,'Help With Physics 23','Chapter 6 question 12?',3144),(74,'Help With Physics 24','Chapter 6 question 12?',3146),(75,'Help With Physics 25','Chapter 6 question 12?',3148),(76,'Help With Chemistry 1','Any advice on breakups?',3150),(77,'Help With Chemistry 2','Can you do my lab?',3152),(78,'Help With Chemistry 3','Chapter 1 question 1?',3154),(79,'Help With Chemistry 4','Chapter 1 question 3?',3156),(80,'Help With Chemistry 5','Chapter 1 question 4?',3158),(81,'Help With Chemistry 6','Chapter 1 question 4?',3160),(82,'Help With Chemistry 7','Chapter 1 question 5?',3162),(83,'Help With Chemistry 8','Chapter 1 question 6?',3164),(84,'Help With Chemistry 9','Chapter 1 question 7?',3166),(85,'Help With Chemistry 10','Chapter 2 question 8?',3168),(86,'Help With Chemistry 11','Chapter 2 question 9?',3170),(87,'Help With Chemistry 12','Chapter 2 question 9?',3172),(88,'Help With Chemistry 13','Chapter 3 question 9?',3174),(89,'Help With Chemistry 14','Chapter 4 question 9?',3176),(90,'Help With Chemistry 15','Chapter 4 question 9?',3178),(91,'Help With Chemistry 16','Chapter 4 question 10?',3180),(92,'Help With Chemistry 17','Chapter 5 question 11?',3182),(93,'Help With Chemistry 18','Chapter 5 question 12?',3184),(94,'Help With Chemistry 19','Chapter 5 question 12?',3186),(95,'Help With Chemistry 20','Chapter 5 question 12?',3188),(96,'Help With Chemistry 21','Chapter 5 question 12?',3190),(97,'Help With Chemistry 22','Chapter 6 question 12?',3192),(98,'Help With Chemistry 23','Chapter 6 question 12?',3194),(99,'Help With Chemistry 24','Chapter 6 question 12?',3196),(100,'Help With Chemistry 25','Chapter 6 question 12?',3198),(101,'Help With Business 1','How to not be broke?',3200),(102,'Help With Business 2','Should I read the case?',3202),(103,'Help With Business 3','Chapter 1 question 1?',3204),(104,'Help With Business 4','Chapter 1 question 3?',3206),(105,'Help With Business 5','Chapter 1 question 4?',3208),(106,'Help With Business 6','Chapter 1 question 4?',3210),(107,'Help With Business 7','Chapter 1 question 5?',3212),(108,'Help With Business 8','Chapter 1 question 6?',3214),(109,'Help With Business 9','Chapter 1 question 7?',3216),(110,'Help With Business 10','Chapter 2 question 8?',3218),(111,'Help With Business 11','Chapter 2 question 9?',3220),(112,'Help With Business 12','Chapter 2 question 9?',3222),(113,'Help With Business 13','Chapter 3 question 9?',3224),(114,'Help With Business 14','Chapter 4 question 9?',3226),(115,'Help With Business 15','Chapter 4 question 9?',3228),(116,'Help With Business 16','Chapter 4 question 10?',3230),(117,'Help With Business 17','Chapter 5 question 11?',3232),(118,'Help With Business 18','Chapter 5 question 12?',3234),(119,'Help With Business 19','Chapter 5 question 12?',3236),(120,'Help With Business 20','Chapter 5 question 12?',3238),(121,'Help With Business 21','Chapter 5 question 12?',3240),(122,'Help With Business 22','Chapter 6 question 12?',3242),(123,'Help With Business 23','Chapter 6 question 12?',3244),(124,'Help With Business 24','Chapter 6 question 12?',3246),(125,'Help With Business 25','Chapter 6 question 12?',3248),(126,'Help With Biology 1','What is mitochondria?',3250),(127,'Help With Biology 2','What\'s a cell?',3252),(128,'Help With Biology 3','Chapter 1 question 1?',3254),(129,'Help With Biology 4','Chapter 1 question 3?',3256),(130,'Help With Biology 5','Chapter 1 question 4?',3258),(131,'Help With Biology 6','Chapter 1 question 4?',3260),(132,'Help With Biology 7','Chapter 1 question 5?',3262),(133,'Help With Biology 8','Chapter 1 question 6?',3264),(134,'Help With Biology 9','Chapter 1 question 7?',3266),(135,'Help With Biology 10','Chapter 2 question 8?',3268),(136,'Help With Biology 11','Chapter 2 question 9?',3270),(137,'Help With Biology 12','Chapter 2 question 9?',3272),(138,'Help With Biology 13','Chapter 3 question 9?',3274),(139,'Help With Biology 14','Chapter 4 question 9?',3276),(140,'Help With Biology 15','Chapter 4 question 9?',3278),(141,'Help With Biology 16','Chapter 4 question 10?',3280),(142,'Help With Biology 17','Chapter 5 question 11?',3282),(143,'Help With Biology 18','Chapter 5 question 12?',3284),(144,'Help With Biology 19','Chapter 5 question 12?',3286),(145,'Help With Biology 20','Chapter 5 question 12?',3288),(146,'Help With Biology 21','Chapter 5 question 12?',3290),(147,'Help With Biology 22','Chapter 6 question 12?',3292),(148,'Help With Biology 23','Chapter 6 question 12?',3294),(149,'Help With Biology 24','Chapter 6 question 12?',3296),(150,'Help With Biology 25','Chapter 6 question 12?',3298),(151,'Help With ComputerSci 1','Where is the scanner?',3300),(152,'Help With ComputerSci 2','How do I hack?',3302),(153,'Help With ComputerSci 3','Chapter 1 question 1?',3304),(154,'Help With ComputerSci 4','Chapter 1 question 3?',3306),(155,'Help With ComputerSci 5','Chapter 1 question 4?',3308),(156,'Help With ComputerSci 6','Chapter 1 question 4?',3310),(157,'Help With ComputerSci 7','Chapter 1 question 5?',3312),(158,'Help With ComputerSci 8','Chapter 1 question 6?',3314),(159,'Help With ComputerSci 9','Chapter 1 question 7?',3316),(160,'Help With ComputerSci 10','Chapter 2 question 8?',3318),(161,'Help With ComputerSci 11','Chapter 2 question 9?',3320),(162,'Help With ComputerSci 12','Chapter 2 question 9?',3322),(163,'Help With ComputerSci 13','Chapter 3 question 9?',3324),(164,'Help With ComputerSci 14','Chapter 4 question 9?',3326),(165,'Help With ComputerSci 15','Chapter 4 question 9?',3328),(166,'Help With ComputerSci 16','Chapter 4 question 10?',3330),(167,'Help With ComputerSci 17','Chapter 5 question 11?',3332),(168,'Help With ComputerSci 18','Chapter 5 question 12?',3334),(169,'Help With ComputerSci 19','Chapter 5 question 12?',3336),(170,'Help With ComputerSci 20','Chapter 5 question 12?',3338),(171,'Help With ComputerSci 21','Chapter 5 question 12?',3340),(172,'Help With ComputerSci 22','Chapter 6 question 12?',3342),(173,'Help With ComputerSci 23','Chapter 6 question 12?',3344),(174,'Help With ComputerSci 24','Chapter 6 question 12?',3346),(175,'Help With ComputerSci 25','Chapter 6 question 12?',3348),(176,'Help With Algebra 1','What\'s 9+10?',3350),(177,'Help With Algebra 2','Bloxorz level 9?',3352),(178,'Help With Algebra 3','Chapter 1 question 1?',3354),(179,'Help With Algebra 4','Chapter 1 question 3?',3356),(180,'Help With Algebra 5','Chapter 1 question 4?',3358),(181,'Help With Algebra 6','Chapter 1 question 4?',3360),(182,'Help With Algebra 7','Chapter 1 question 5?',3362),(183,'Help With Algebra 8','Chapter 1 question 6?',3364),(184,'Help With Algebra 9','Chapter 1 question 7?',3366),(185,'Help With Algebra 10','Chapter 2 question 8?',3368),(186,'Help With Algebra 11','Chapter 2 question 9?',3370),(187,'Help With Algebra 12','Chapter 2 question 9?',3372),(188,'Help With Algebra 13','Chapter 3 question 9?',3374),(189,'Help With Algebra 14','Chapter 4 question 9?',3376),(190,'Help With Algebra 15','Chapter 4 question 9?',3378),(191,'Help With Algebra 16','Chapter 4 question 10?',3380),(192,'Help With Algebra 17','Chapter 5 question 11?',3382),(193,'Help With Algebra 18','Chapter 5 question 12?',3384),(194,'Help With Algebra 19','Chapter 5 question 12?',3386),(195,'Help With Algebra 20','Chapter 5 question 12?',3388),(196,'Help With Algebra 21','Chapter 5 question 12?',3390),(197,'Help With Algebra 22','Chapter 6 question 12?',3392),(198,'Help With Algebra 23','Chapter 6 question 12?',3394),(199,'Help With Algebra 24','Chapter 6 question 12?',3396),(200,'Help With Algebra 25','Chapter 6 question 12?',3398);
/*!40000 ALTER TABLE `Question` ENABLE KEYS */;
UNLOCK TABLES;

--
-- Table structure for table `Review`
--

DROP TABLE IF EXISTS `Review`;
/*!40101 SET @saved_cs_client     = @@character_set_client */;
/*!50503 SET character_set_client = utf8mb4 */;
CREATE TABLE `Review` (
  `reviewId` int(11) NOT NULL,
  `rating` int(11) NOT NULL,
  `title` varchar(45) DEFAULT NULL,
  `datePosted` varchar(45) NOT NULL,
  `description` varchar(45) DEFAULT NULL,
  `studentNo` int(11) NOT NULL,
  `tutorNo` int(11) NOT NULL,
  PRIMARY KEY (`reviewId`),
  KEY `studentNo_idx` (`studentNo`),
  CONSTRAINT `fk_Review_Student` FOREIGN KEY (`studentNo`) REFERENCES `Student` (`studentNo`) ON DELETE CASCADE ON UPDATE CASCADE
) ENGINE=InnoDB DEFAULT CHARSET=utf8;
/*!40101 SET character_set_client = @saved_cs_client */;

--
-- Dumping data for table `Review`
--

LOCK TABLES `Review` WRITE;
/*!40000 ALTER TABLE `Review` DISABLE KEYS */;
INSERT INTO `Review` VALUES (1000,2,'Tutor Review 1','2021-01-01','Tutor was okay 1',3000,6025),(1001,1,'Tutor Review 2','2021-01-15','Tutor was okay 2',3050,6064),(1002,1,'Tutor Review 3','2021-01-29','Tutor was okay 3',3100,6143),(1003,0,'Tutor Review 4','2021-02-12','Tutor was okay 4',3150,6217),(1004,1,'Tutor Review 5','2021-02-26','Tutor was okay 5',3200,6300),(1005,2,'Tutor Review 6','2021-03-12','Tutor was okay 6',3250,6300),(1006,3,'Tutor Review 7','2021-03-26','Tutor was okay 7',3300,6500),(1007,4,'Tutor Review 8','2021-04-09','Tutor was okay 8',3350,6025),(1008,1,'Tutor Review 9','2021-04-23','Tutor was okay 9',3400,6550),(1009,2,'Tutor Review 10','2021-05-07','Tutor was okay 10',3450,6780),(1010,4,'Tutor Review 11','2021-05-21','Tutor was okay 11',3500,6222),(1011,2,'Tutor Review 12','2021-06-04','Tutor was okay 12',3550,6222),(1012,4,'Tutor Review 13','2021-06-18','Tutor was okay 13',3600,6999),(1013,1,'Tutor Review 14','2021-07-02','Tutor was okay 14',3650,6113),(1014,0,'Tutor Review 15','2021-07-16','Tutor was okay 15',3700,6999),(1015,1,'Tutor Review 16','2021-07-30','Tutor was okay 16',3750,6115),(1016,4,'Tutor Review 17','2021-08-13','Tutor was okay 17',3800,6222),(1017,0,'Tutor Review 18','2021-08-27','Tutor was okay 18',3850,6420),(1018,5,'Tutor Review 19','2021-09-10','Tutor was okay 19',3900,6666),(1019,1,'Tutor Review 20','2021-09-24','Tutor was okay 20',3950,6666);
/*!40000 ALTER TABLE `Review` ENABLE KEYS */;
UNLOCK TABLES;

--
-- Table structure for table `Session`
--

DROP TABLE IF EXISTS `Session`;
/*!40101 SET @saved_cs_client     = @@character_set_client */;
/*!50503 SET character_set_client = utf8mb4 */;
CREATE TABLE `Session` (
  `sessionId` int(11) NOT NULL AUTO_INCREMENT,
  `startDateTime` varchar(45) NOT NULL,
  `endDateTime` varchar(45) DEFAULT NULL,
  `tutorNo` int(11) NOT NULL,
  `subjectCode` int(11) NOT NULL,
  `studentNo` int(11) NOT NULL,
  PRIMARY KEY (`sessionId`),
  KEY `tutorNo_idx` (`tutorNo`),
  KEY `subjectCode_idx` (`subjectCode`),
  KEY `studentNo_idx` (`studentNo`),
  CONSTRAINT `fk_Session_Student` FOREIGN KEY (`studentNo`) REFERENCES `Student` (`studentNo`) ON DELETE CASCADE ON UPDATE CASCADE,
  CONSTRAINT `fk_Session_Subject` FOREIGN KEY (`subjectCode`) REFERENCES `Subject` (`subjectCode`) ON DELETE CASCADE ON UPDATE CASCADE,
  CONSTRAINT `fk_Session_Tutor` FOREIGN KEY (`tutorNo`) REFERENCES `Tutor` (`tutorNo`) ON DELETE CASCADE ON UPDATE CASCADE
) ENGINE=InnoDB AUTO_INCREMENT=1143 DEFAULT CHARSET=utf8;
/*!40101 SET character_set_client = @saved_cs_client */;

--
-- Dumping data for table `Session`
--

LOCK TABLES `Session` WRITE;
/*!40000 ALTER TABLE `Session` DISABLE KEYS */;
INSERT INTO `Session` VALUES (2,'2018-01-02 8:00','2018-01-02 9:00',6001,9966,3001),(3,'2018-01-03 8:00','2018-01-03 9:00',6002,1252,3002),(4,'2018-01-04 8:00','2018-01-04 9:00',6003,2700,3003),(5,'2018-01-05 8:00','2018-01-05 9:00',6004,2824,3004),(6,'2018-01-06 8:00','2018-01-06 9:00',6005,2235,3005),(7,'2018-01-07 8:00','2018-01-07 9:00',6006,8047,3006),(8,'2018-01-08 8:00','2018-01-08 9:00',6007,7551,3007),(9,'2018-01-09 8:00','2018-01-09 9:00',6008,5742,3008),(10,'2018-01-10 8:00','2018-01-10 9:00',6009,4697,3009),(11,'2018-01-11 8:00','2018-01-11 9:00',6010,9722,3010),(12,'2018-01-12 8:00','2018-01-12 9:00',6011,3241,3011),(13,'2018-01-13 8:00','2018-01-13 9:00',6012,4648,3012),(14,'2018-01-14 8:00','2018-01-14 9:00',6013,1947,3013),(15,'2018-01-15 8:00','2018-01-15 9:00',6014,2027,3014),(16,'2018-01-16 8:00','2018-01-16 9:00',6015,2589,3015),(17,'2018-01-17 8:00','2018-01-17 9:00',6016,5970,3016),(18,'2018-01-18 8:00','2018-01-18 9:00',6017,6611,3017),(19,'2018-01-19 8:00','2018-01-19 9:00',6018,9195,3018),(20,'2018-01-20 8:00','2018-01-20 9:00',6019,5544,3019),(21,'2018-01-21 8:00','2018-01-21 9:00',6020,3337,3020),(22,'2018-01-22 8:00','2018-01-22 9:00',6021,2696,3021),(23,'2018-01-23 8:00','2018-01-23 9:00',6022,9753,3022),(24,'2018-01-24 8:00','2018-01-24 9:00',6023,7818,3023),(25,'2018-01-25 8:00','2018-01-25 9:00',6024,2907,3024),(26,'2018-01-26 8:00','2018-01-26 9:00',6025,4899,3025),(27,'2018-01-27 8:00','2018-01-27 9:00',6026,1959,3026),(28,'2018-01-28 8:00','2018-01-28 9:00',6027,1222,3027),(29,'2018-01-29 8:00','2018-01-29 9:00',6028,6851,3028),(30,'2018-01-30 8:00','2018-01-30 9:00',6029,7297,3029),(31,'2018-01-31 8:00','2018-01-31 9:00',6030,9476,3030),(32,'2018-02-01 8:00','2018-02-01 9:00',6031,5191,3031),(33,'2018-02-02 8:00','2018-02-02 9:00',6032,6192,3032),(34,'2018-02-03 8:00','2018-02-03 9:00',6033,8374,3033),(35,'2018-02-04 8:00','2018-02-04 9:00',6034,7777,3034),(36,'2018-02-05 8:00','2018-02-05 9:00',6035,4659,3035),(37,'2018-02-06 8:00','2018-02-06 9:00',6036,7921,3036),(38,'2018-02-07 8:00','2018-02-07 9:00',6037,9811,3037),(39,'2018-02-08 8:00','2018-02-08 9:00',6038,4086,3038),(40,'2018-02-09 8:00','2018-02-09 9:00',6039,8112,3039),(41,'2018-02-10 8:00','2018-02-10 9:00',6040,1970,3040),(42,'2018-02-11 8:00','2018-02-11 9:00',6041,1847,3041),(43,'2018-02-12 8:00','2018-02-12 9:00',6042,1966,3042),(44,'2018-02-13 8:00','2018-02-13 9:00',6043,2189,3043),(45,'2018-02-14 8:00','2018-02-14 9:00',6044,9650,3044),(46,'2018-02-15 8:00','2018-02-15 9:00',6045,3932,3045),(47,'2018-02-16 8:00','2018-02-16 9:00',6046,4079,3046),(48,'2018-02-17 8:00','2018-02-17 9:00',6047,7822,3047),(49,'2018-02-18 8:00','2018-02-18 9:00',6048,1378,3048),(50,'2018-02-19 8:00','2018-02-19 9:00',6049,6732,3049),(51,'2018-02-20 8:00','2018-02-20 9:00',6050,4124,3050),(52,'2018-02-21 8:00','2018-02-21 9:00',6051,8258,3051),(53,'2018-02-22 8:00','2018-02-22 9:00',6052,7514,3052),(54,'2018-02-23 8:00','2018-02-23 9:00',6053,3486,3053),(55,'2018-02-24 8:00','2018-02-24 9:00',6054,4051,3054),(56,'2018-02-25 8:00','2018-02-25 9:00',6055,8395,3055),(57,'2018-02-26 8:00','2018-02-26 9:00',6056,7481,3056),(58,'2018-02-27 8:00','2018-02-27 9:00',6057,1237,3057),(59,'2018-02-28 8:00','2018-02-28 9:00',6058,5159,3058),(60,'2018-03-01 8:00','2018-03-01 9:00',6059,4436,3059),(61,'2018-03-02 8:00','2018-03-02 9:00',6060,8652,3060),(62,'2018-03-03 8:00','2018-03-03 9:00',6061,1916,3061),(63,'2018-03-04 8:00','2018-03-04 9:00',6062,3188,3062),(64,'2018-03-05 8:00','2018-03-05 9:00',6063,7463,3063),(65,'2018-03-06 8:00','2018-03-06 9:00',6064,4337,3064),(66,'2018-03-07 8:00','2018-03-07 9:00',6065,7151,3065),(67,'2018-03-08 8:00','2018-03-08 9:00',6066,6697,3066),(68,'2018-03-09 8:00','2018-03-09 9:00',6067,3787,3067),(69,'2018-03-10 8:00','2018-03-10 9:00',6068,7244,3068),(70,'2018-03-11 8:00','2018-03-11 9:00',6069,9000,3069),(71,'2018-03-12 8:00','2018-03-12 9:00',6070,4109,3070),(72,'2018-03-13 8:00','2018-03-13 9:00',6071,3889,3071),(73,'2018-03-14 8:00','2018-03-14 9:00',6072,5451,3072),(74,'2018-03-15 8:00','2018-03-15 9:00',6073,7491,3073),(75,'2018-03-16 8:00','2018-03-16 9:00',6074,1411,3074),(76,'2018-03-17 8:00','2018-03-17 9:00',6075,8288,3075),(77,'2018-03-18 8:00','2018-03-18 9:00',6076,4851,3076),(78,'2018-03-19 8:00','2018-03-19 9:00',6077,1982,3077),(79,'2018-03-20 8:00','2018-03-20 9:00',6078,3217,3078),(80,'2018-03-21 8:00','2018-03-21 9:00',6079,4999,3079),(81,'2018-03-22 8:00','2018-03-22 9:00',6080,7022,3080),(82,'2018-03-23 8:00','2018-03-23 9:00',6081,4986,3081),(83,'2018-03-24 8:00','2018-03-24 9:00',6082,1316,3082),(84,'2018-03-25 8:00','2018-03-25 9:00',6083,9180,3083),(85,'2018-03-26 8:00','2018-03-26 9:00',6084,2859,3084),(86,'2018-03-27 8:00','2018-03-27 9:00',6085,4368,3085),(87,'2018-03-28 8:00','2018-03-28 9:00',6086,1665,3086),(88,'2018-03-29 8:00','2018-03-29 9:00',6087,9715,3087),(89,'2018-03-30 8:00','2018-03-30 9:00',6088,6081,3088),(90,'2018-03-31 8:00','2018-03-31 9:00',6089,9089,3089),(91,'2018-04-01 8:00','2018-04-01 9:00',6090,9087,3090),(92,'2018-04-02 8:00','2018-04-02 9:00',6091,9389,3091),(93,'2018-04-03 8:00','2018-04-03 9:00',6092,6549,3092),(94,'2018-04-04 8:00','2018-04-04 9:00',6093,9094,3093),(95,'2018-04-05 8:00','2018-04-05 9:00',6094,4465,3094),(96,'2018-04-06 8:00','2018-04-06 9:00',6095,4125,3095),(97,'2018-04-07 8:00','2018-04-07 9:00',6096,4284,3096),(98,'2018-04-08 8:00','2018-04-08 9:00',6097,2737,3097),(99,'2018-04-09 8:00','2018-04-09 9:00',6098,3874,3098),(100,'2018-04-10 8:00','2018-04-10 9:00',6099,1183,3099),(101,'2018-04-11 8:00','2018-04-11 9:00',6100,4198,3100),(102,'2018-04-12 8:00','2018-04-12 9:00',6101,6549,3101),(103,'2018-04-13 8:00','2018-04-13 9:00',6102,9005,3102),(104,'2018-04-14 8:00','2018-04-14 9:00',6103,4212,3103),(105,'2018-04-15 8:00','2018-04-15 9:00',6104,1762,3104),(106,'2018-04-16 8:00','2018-04-16 9:00',6105,5631,3105),(107,'2018-04-17 8:00','2018-04-17 9:00',6106,9199,3106),(108,'2018-04-18 8:00','2018-04-18 9:00',6107,1782,3107),(109,'2018-04-19 8:00','2018-04-19 9:00',6108,1172,3108),(110,'2018-04-20 8:00','2018-04-20 9:00',6109,9850,3109),(111,'2018-04-21 8:00','2018-04-21 9:00',6110,7465,3110),(112,'2018-04-22 8:00','2018-04-22 9:00',6111,6351,3111),(113,'2018-04-23 8:00','2018-04-23 9:00',6112,3122,3112),(114,'2018-04-24 8:00','2018-04-24 9:00',6113,9409,3113),(115,'2018-04-25 8:00','2018-04-25 9:00',6114,6826,3114),(116,'2018-04-26 8:00','2018-04-26 9:00',6115,1497,3115),(117,'2018-04-27 8:00','2018-04-27 9:00',6116,7615,3116),(118,'2018-04-28 8:00','2018-04-28 9:00',6117,5715,3117),(119,'2018-04-29 8:00','2018-04-29 9:00',6118,2393,3118),(120,'2018-04-30 8:00','2018-04-30 9:00',6119,7028,3119),(121,'2018-05-01 8:00','2018-05-01 9:00',6120,8336,3120),(122,'2018-05-02 8:00','2018-05-02 9:00',6121,4697,3121),(123,'2018-05-03 8:00','2018-05-03 9:00',6122,4339,3122),(124,'2018-05-04 8:00','2018-05-04 9:00',6123,5226,3123),(125,'2018-05-05 8:00','2018-05-05 9:00',6124,5998,3124),(126,'2018-05-06 8:00','2018-05-06 9:00',6125,6137,3125),(127,'2018-05-07 8:00','2018-05-07 9:00',6126,1838,3126),(128,'2018-05-08 8:00','2018-05-08 9:00',6127,4356,3127),(129,'2018-05-09 8:00','2018-05-09 9:00',6128,5834,3128),(130,'2018-05-10 8:00','2018-05-10 9:00',6129,5980,3129),(131,'2018-05-11 8:00','2018-05-11 9:00',6130,7323,3130),(132,'2018-05-12 8:00','2018-05-12 9:00',6131,2608,3131),(133,'2018-05-13 8:00','2018-05-13 9:00',6132,4964,3132),(134,'2018-05-14 8:00','2018-05-14 9:00',6133,5120,3133),(135,'2018-05-15 8:00','2018-05-15 9:00',6134,4710,3134),(136,'2018-05-16 8:00','2018-05-16 9:00',6135,1999,3135),(137,'2018-05-17 8:00','2018-05-17 9:00',6136,7729,3136),(138,'2018-05-18 8:00','2018-05-18 9:00',6137,2176,3137),(139,'2018-05-19 8:00','2018-05-19 9:00',6138,8323,3138),(140,'2018-05-20 8:00','2018-05-20 9:00',6139,9252,3139),(141,'2018-05-21 8:00','2018-05-21 9:00',6140,7233,3140),(142,'2018-05-22 8:00','2018-05-22 9:00',6141,1898,3141),(143,'2018-05-23 8:00','2018-05-23 9:00',6142,8985,3142),(144,'2018-05-24 8:00','2018-05-24 9:00',6143,3939,3143),(145,'2018-05-25 8:00','2018-05-25 9:00',6144,9293,3144),(146,'2018-05-26 8:00','2018-05-26 9:00',6145,5453,3145),(147,'2018-05-27 8:00','2018-05-27 9:00',6146,8122,3146),(148,'2018-05-28 8:00','2018-05-28 9:00',6147,9035,3147),(149,'2018-05-29 8:00','2018-05-29 9:00',6148,3758,3148),(150,'2018-05-30 8:00','2018-05-30 9:00',6149,5401,3149),(151,'2018-05-31 8:00','2018-05-31 9:00',6150,9898,3150),(152,'2018-06-01 8:00','2018-06-01 9:00',6151,7597,3151),(153,'2018-06-02 8:00','2018-06-02 9:00',6152,5635,3152),(154,'2018-06-03 8:00','2018-06-03 9:00',6153,9157,3153),(155,'2018-06-04 8:00','2018-06-04 9:00',6154,1417,3154),(156,'2018-06-05 8:00','2018-06-05 9:00',6155,4351,3155),(157,'2018-06-06 8:00','2018-06-06 9:00',6156,1489,3156),(158,'2018-06-07 8:00','2018-06-07 9:00',6157,4350,3157),(159,'2018-06-08 8:00','2018-06-08 9:00',6158,1871,3158),(160,'2018-06-09 8:00','2018-06-09 9:00',6159,9817,3159),(161,'2018-06-10 8:00','2018-06-10 9:00',6160,8175,3160),(162,'2018-06-11 8:00','2018-06-11 9:00',6161,5567,3161),(163,'2018-06-12 8:00','2018-06-12 9:00',6162,6114,3162),(164,'2018-06-13 8:00','2018-06-13 9:00',6163,3112,3163),(165,'2018-06-14 8:00','2018-06-14 9:00',6164,8282,3164),(166,'2018-06-15 8:00','2018-06-15 9:00',6165,5201,3165),(167,'2018-06-16 8:00','2018-06-16 9:00',6166,4350,3166),(168,'2018-06-17 8:00','2018-06-17 9:00',6167,3429,3167),(169,'2018-06-18 8:00','2018-06-18 9:00',6168,2440,3168),(170,'2018-06-19 8:00','2018-06-19 9:00',6169,7303,3169),(171,'2018-06-20 8:00','2018-06-20 9:00',6170,9757,3170),(172,'2018-06-21 8:00','2018-06-21 9:00',6171,1076,3171),(173,'2018-06-22 8:00','2018-06-22 9:00',6172,8454,3172),(174,'2018-06-23 8:00','2018-06-23 9:00',6173,1365,3173),(175,'2018-06-24 8:00','2018-06-24 9:00',6174,5506,3174),(176,'2018-06-25 8:00','2018-06-25 9:00',6175,6405,3175),(177,'2018-06-26 8:00','2018-06-26 9:00',6176,5958,3176),(178,'2018-06-27 8:00','2018-06-27 9:00',6177,3895,3177),(179,'2018-06-28 8:00','2018-06-28 9:00',6178,8391,3178),(180,'2018-06-29 8:00','2018-06-29 9:00',6179,4744,3179),(181,'2018-06-30 8:00','2018-06-30 9:00',6180,4859,3180),(182,'2018-07-01 8:00','2018-07-01 9:00',6181,7370,3181),(183,'2018-07-02 8:00','2018-07-02 9:00',6182,8865,3182),(184,'2018-07-03 8:00','2018-07-03 9:00',6183,6401,3183),(185,'2018-07-04 8:00','2018-07-04 9:00',6184,9936,3184),(186,'2018-07-05 8:00','2018-07-05 9:00',6185,8930,3185),(187,'2018-07-06 8:00','2018-07-06 9:00',6186,1677,3186),(188,'2018-07-07 8:00','2018-07-07 9:00',6187,2310,3187),(189,'2018-07-08 8:00','2018-07-08 9:00',6188,9600,3188),(190,'2018-07-09 8:00','2018-07-09 9:00',6189,5301,3189),(191,'2018-07-10 8:00','2018-07-10 9:00',6190,6316,3190),(192,'2018-07-11 8:00','2018-07-11 9:00',6191,5409,3191),(193,'2018-07-12 8:00','2018-07-12 9:00',6192,6560,3192),(194,'2018-07-13 8:00','2018-07-13 9:00',6193,5246,3193),(195,'2018-07-14 8:00','2018-07-14 9:00',6194,3852,3194),(196,'2018-07-15 8:00','2018-07-15 9:00',6195,5380,3195),(197,'2018-07-16 8:00','2018-07-16 9:00',6196,9670,3196),(198,'2018-07-17 8:00','2018-07-17 9:00',6197,5836,3197),(199,'2018-07-18 8:00','2018-07-18 9:00',6198,5268,3198),(200,'2018-07-19 8:00','2018-07-19 9:00',6199,7016,3199),(201,'2018-07-20 8:00','2018-07-20 9:00',6200,3059,3200),(202,'2018-07-21 8:00','2018-07-21 9:00',6201,9966,3201),(203,'2018-07-22 8:00','2018-07-22 9:00',6202,1252,3202),(204,'2018-07-23 8:00','2018-07-23 9:00',6203,2700,3203),(205,'2018-07-24 8:00','2018-07-24 9:00',6204,2824,3204),(206,'2018-07-25 8:00','2018-07-25 9:00',6205,2235,3205),(207,'2018-07-26 8:00','2018-07-26 9:00',6206,8047,3206),(208,'2018-07-27 8:00','2018-07-27 9:00',6207,7551,3207),(209,'2018-07-28 8:00','2018-07-28 9:00',6208,5742,3208),(210,'2018-07-29 8:00','2018-07-29 9:00',6209,4697,3209),(211,'2018-07-30 8:00','2018-07-30 9:00',6210,9722,3210),(212,'2018-07-31 8:00','2018-07-31 9:00',6211,3241,3211),(213,'2018-08-01 8:00','2018-08-01 9:00',6212,4648,3212),(214,'2018-08-02 8:00','2018-08-02 9:00',6213,1947,3213),(215,'2018-08-03 8:00','2018-08-03 9:00',6214,2027,3214),(216,'2018-08-04 8:00','2018-08-04 9:00',6215,2589,3215),(217,'2018-08-05 8:00','2018-08-05 9:00',6216,5970,3216),(218,'2018-08-06 8:00','2018-08-06 9:00',6217,6611,3217),(219,'2018-08-07 8:00','2018-08-07 9:00',6218,9195,3218),(220,'2018-08-08 8:00','2018-08-08 9:00',6219,5544,3219),(221,'2018-08-09 8:00','2018-08-09 9:00',6220,3337,3220),(222,'2018-08-10 8:00','2018-08-10 9:00',6221,2696,3221),(223,'2018-08-11 8:00','2018-08-11 9:00',6222,9753,3222),(224,'2018-08-12 8:00','2018-08-12 9:00',6223,7818,3223),(225,'2018-08-13 8:00','2018-08-13 9:00',6224,2907,3224),(226,'2018-08-14 8:00','2018-08-14 9:00',6225,4899,3225),(227,'2018-08-15 8:00','2018-08-15 9:00',6226,1959,3226),(228,'2018-08-16 8:00','2018-08-16 9:00',6227,1222,3227),(229,'2018-08-17 8:00','2018-08-17 9:00',6228,6851,3228),(230,'2018-08-18 8:00','2018-08-18 9:00',6229,7297,3229),(231,'2018-08-19 8:00','2018-08-19 9:00',6230,9476,3230),(232,'2018-08-20 8:00','2018-08-20 9:00',6231,5191,3231),(233,'2018-08-21 8:00','2018-08-21 9:00',6232,6192,3232),(234,'2018-08-22 8:00','2018-08-22 9:00',6233,8374,3233),(235,'2018-08-23 8:00','2018-08-23 9:00',6234,7777,3234),(236,'2018-08-24 8:00','2018-08-24 9:00',6235,4659,3235),(237,'2018-08-25 8:00','2018-08-25 9:00',6236,7921,3236),(238,'2018-08-26 8:00','2018-08-26 9:00',6237,9811,3237),(239,'2018-08-27 8:00','2018-08-27 9:00',6238,4086,3238),(240,'2018-08-28 8:00','2018-08-28 9:00',6239,8112,3239),(241,'2018-08-29 8:00','2018-08-29 9:00',6240,1970,3240),(242,'2018-08-30 8:00','2018-08-30 9:00',6241,1847,3241),(243,'2018-08-31 8:00','2018-08-31 9:00',6242,1966,3242),(244,'2018-09-01 8:00','2018-09-01 9:00',6243,2189,3243),(245,'2018-09-02 8:00','2018-09-02 9:00',6244,9650,3244),(246,'2018-09-03 8:00','2018-09-03 9:00',6245,3932,3245),(247,'2018-09-04 8:00','2018-09-04 9:00',6246,4079,3246),(248,'2018-09-05 8:00','2018-09-05 9:00',6247,7822,3247),(249,'2018-09-06 8:00','2018-09-06 9:00',6248,1378,3248),(250,'2018-09-07 8:00','2018-09-07 9:00',6249,6732,3249),(251,'2018-09-08 8:00','2018-09-08 9:00',6250,4124,3250),(252,'2018-09-09 8:00','2018-09-09 9:00',6251,8258,3251),(253,'2018-09-10 8:00','2018-09-10 9:00',6252,7514,3252),(254,'2018-09-11 8:00','2018-09-11 9:00',6253,3486,3253),(255,'2018-09-12 8:00','2018-09-12 9:00',6254,4051,3254),(256,'2018-09-13 8:00','2018-09-13 9:00',6255,8395,3255),(257,'2018-09-14 8:00','2018-09-14 9:00',6256,7481,3256),(258,'2018-09-15 8:00','2018-09-15 9:00',6257,1237,3257),(259,'2018-09-16 8:00','2018-09-16 9:00',6258,5159,3258),(260,'2018-09-17 8:00','2018-09-17 9:00',6259,4436,3259),(261,'2018-09-18 8:00','2018-09-18 9:00',6260,8652,3260),(262,'2018-09-19 8:00','2018-09-19 9:00',6261,1916,3261),(263,'2018-09-20 8:00','2018-09-20 9:00',6262,3188,3262),(264,'2018-09-21 8:00','2018-09-21 9:00',6263,7463,3263),(265,'2018-09-22 8:00','2018-09-22 9:00',6264,4337,3264),(266,'2018-09-23 8:00','2018-09-23 9:00',6265,7151,3265),(267,'2018-09-24 8:00','2018-09-24 9:00',6266,6697,3266),(268,'2018-09-25 8:00','2018-09-25 9:00',6267,3787,3267),(269,'2018-09-26 8:00','2018-09-26 9:00',6268,7244,3268),(270,'2018-09-27 8:00','2018-09-27 9:00',6269,9000,3269),(271,'2018-09-28 8:00','2018-09-28 9:00',6270,4109,3270),(272,'2018-09-29 8:00','2018-09-29 9:00',6271,3889,3271),(273,'2018-09-30 8:00','2018-09-30 9:00',6272,5451,3272),(274,'2018-10-01 8:00','2018-10-01 9:00',6273,7491,3273),(275,'2018-10-02 8:00','2018-10-02 9:00',6274,1411,3274),(276,'2018-10-03 8:00','2018-10-03 9:00',6275,8288,3275),(277,'2018-10-04 8:00','2018-10-04 9:00',6276,4851,3276),(278,'2018-10-05 8:00','2018-10-05 9:00',6277,1982,3277),(279,'2018-10-06 8:00','2018-10-06 9:00',6278,3217,3278),(280,'2018-10-07 8:00','2018-10-07 9:00',6279,4999,3279),(281,'2018-10-08 8:00','2018-10-08 9:00',6280,7022,3280),(282,'2018-10-09 8:00','2018-10-09 9:00',6281,4986,3281),(283,'2018-10-10 8:00','2018-10-10 9:00',6282,1316,3282),(284,'2018-10-11 8:00','2018-10-11 9:00',6283,9180,3283),(285,'2018-10-12 8:00','2018-10-12 9:00',6284,2859,3284),(286,'2018-10-13 8:00','2018-10-13 9:00',6285,4368,3285),(287,'2018-10-14 8:00','2018-10-14 9:00',6286,1665,3286),(288,'2018-10-15 8:00','2018-10-15 9:00',6287,9715,3287),(289,'2018-10-16 8:00','2018-10-16 9:00',6288,6081,3288),(290,'2018-10-17 8:00','2018-10-17 9:00',6289,9089,3289),(291,'2018-10-18 8:00','2018-10-18 9:00',6290,9087,3290),(292,'2018-10-19 8:00','2018-10-19 9:00',6291,9389,3291),(293,'2018-10-20 8:00','2018-10-20 9:00',6292,6549,3292),(294,'2018-10-21 8:00','2018-10-21 9:00',6293,9094,3293),(295,'2018-10-22 8:00','2018-10-22 9:00',6294,4465,3294),(296,'2018-10-23 8:00','2018-10-23 9:00',6295,4125,3295),(297,'2018-10-24 8:00','2018-10-24 9:00',6296,4284,3296),(298,'2018-10-25 8:00','2018-10-25 9:00',6297,2737,3297),(299,'2018-10-26 8:00','2018-10-26 9:00',6298,3874,3298),(300,'2018-10-27 8:00','2018-10-27 9:00',6299,1183,3299),(301,'2018-10-28 8:00','2018-10-28 9:00',6300,4198,3300),(302,'2018-10-29 8:00','2018-10-29 9:00',6301,6549,3301),(303,'2018-10-30 8:00','2018-10-30 9:00',6302,9005,3302),(304,'2018-10-31 8:00','2018-10-31 9:00',6303,4212,3303),(305,'2018-11-01 8:00','2018-11-01 9:00',6304,1762,3304),(306,'2018-11-02 8:00','2018-11-02 9:00',6305,5631,3305),(307,'2018-11-03 8:00','2018-11-03 9:00',6306,9199,3306),(308,'2018-11-04 8:00','2018-11-04 9:00',6307,1782,3307),(309,'2018-11-05 8:00','2018-11-05 9:00',6308,1172,3308),(310,'2018-11-06 8:00','2018-11-06 9:00',6309,9850,3309),(311,'2018-11-07 8:00','2018-11-07 9:00',6310,7465,3310),(312,'2018-11-08 8:00','2018-11-08 9:00',6311,6351,3311),(313,'2018-11-09 8:00','2018-11-09 9:00',6312,3122,3312),(314,'2018-11-10 8:00','2018-11-10 9:00',6313,9409,3313),(315,'2018-11-11 8:00','2018-11-11 9:00',6314,6826,3314),(316,'2018-11-12 8:00','2018-11-12 9:00',6315,1497,3315),(317,'2018-11-13 8:00','2018-11-13 9:00',6316,7615,3316),(318,'2018-11-14 8:00','2018-11-14 9:00',6317,5715,3317),(319,'2018-11-15 8:00','2018-11-15 9:00',6318,2393,3318),(320,'2018-11-16 8:00','2018-11-16 9:00',6319,7028,3319),(321,'2018-11-17 8:00','2018-11-17 9:00',6320,8336,3320),(322,'2018-11-18 8:00','2018-11-18 9:00',6321,4697,3321),(323,'2018-11-19 8:00','2018-11-19 9:00',6322,4339,3322),(324,'2018-11-20 8:00','2018-11-20 9:00',6323,5226,3323),(325,'2018-11-21 8:00','2018-11-21 9:00',6324,5998,3324),(326,'2018-11-22 8:00','2018-11-22 9:00',6325,6137,3325),(327,'2018-11-23 8:00','2018-11-23 9:00',6326,1838,3326),(328,'2018-11-24 8:00','2018-11-24 9:00',6327,4356,3327),(329,'2018-11-25 8:00','2018-11-25 9:00',6328,5834,3328),(330,'2018-11-26 8:00','2018-11-26 9:00',6329,5980,3329),(331,'2018-11-27 8:00','2018-11-27 9:00',6330,7323,3330),(332,'2018-11-28 8:00','2018-11-28 9:00',6331,2608,3331),(333,'2018-11-29 8:00','2018-11-29 9:00',6332,4964,3332),(334,'2018-11-30 8:00','2018-11-30 9:00',6333,5120,3333),(335,'2018-12-01 8:00','2018-12-01 9:00',6334,4710,3334),(336,'2018-12-02 8:00','2018-12-02 9:00',6335,1999,3335),(337,'2018-12-03 8:00','2018-12-03 9:00',6336,7729,3336),(338,'2018-12-04 8:00','2018-12-04 9:00',6337,2176,3337),(339,'2018-12-05 8:00','2018-12-05 9:00',6338,8323,3338),(340,'2018-12-06 8:00','2018-12-06 9:00',6339,9252,3339),(341,'2018-12-07 8:00','2018-12-07 9:00',6340,7233,3340),(342,'2018-12-08 8:00','2018-12-08 9:00',6341,1898,3341),(343,'2018-12-09 8:00','2018-12-09 9:00',6342,8985,3342),(344,'2018-12-10 8:00','2018-12-10 9:00',6343,3939,3343),(345,'2018-12-11 8:00','2018-12-11 9:00',6344,9293,3344),(346,'2018-12-12 8:00','2018-12-12 9:00',6345,5453,3345),(347,'2018-12-13 8:00','2018-12-13 9:00',6346,8122,3346),(348,'2018-12-14 8:00','2018-12-14 9:00',6347,9035,3347),(349,'2018-12-15 8:00','2018-12-15 9:00',6348,3758,3348),(350,'2018-12-16 8:00','2018-12-16 9:00',6349,5401,3349),(351,'2018-12-17 8:00','2018-12-17 9:00',6350,9898,3350),(352,'2018-12-18 8:00','2018-12-18 9:00',6351,7597,3351),(353,'2018-12-19 8:00','2018-12-19 9:00',6352,5635,3352),(354,'2018-12-20 8:00','2018-12-20 9:00',6353,9157,3353),(355,'2018-12-21 8:00','2018-12-21 9:00',6354,1417,3354),(356,'2018-12-22 8:00','2018-12-22 9:00',6355,4351,3355),(357,'2018-12-23 8:00','2018-12-23 9:00',6356,1489,3356),(358,'2018-12-24 8:00','2018-12-24 9:00',6357,4350,3357),(359,'2018-12-25 8:00','2018-12-25 9:00',6358,1871,3358),(360,'2018-12-26 8:00','2018-12-26 9:00',6359,9817,3359),(361,'2018-12-27 8:00','2018-12-27 9:00',6360,8175,3360),(362,'2018-12-28 8:00','2018-12-28 9:00',6361,5567,3361),(363,'2018-12-29 8:00','2018-12-29 9:00',6362,6114,3362),(364,'2018-12-30 8:00','2018-12-30 9:00',6363,3112,3363),(365,'2018-12-31 8:00','2018-12-31 9:00',6364,8282,3364),(366,'2019-01-01 8:00','2019-01-01 9:00',6365,5201,3365),(367,'2019-01-02 8:00','2019-01-02 9:00',6366,4350,3366),(368,'2019-01-03 8:00','2019-01-03 9:00',6367,3429,3367),(369,'2019-01-04 8:00','2019-01-04 9:00',6368,2440,3368),(370,'2019-01-05 8:00','2019-01-05 9:00',6369,7303,3369),(371,'2019-01-06 8:00','2019-01-06 9:00',6370,9757,3370),(372,'2019-01-07 8:00','2019-01-07 9:00',6371,1076,3371),(373,'2019-01-08 8:00','2019-01-08 9:00',6372,8454,3372),(374,'2019-01-09 8:00','2019-01-09 9:00',6373,1365,3373),(375,'2019-01-10 8:00','2019-01-10 9:00',6374,5506,3374),(376,'2019-01-11 8:00','2019-01-11 9:00',6375,6405,3375),(377,'2019-01-12 8:00','2019-01-12 9:00',6376,5958,3376),(378,'2019-01-13 8:00','2019-01-13 9:00',6377,3895,3377),(379,'2019-01-14 8:00','2019-01-14 9:00',6378,8391,3378),(380,'2019-01-15 8:00','2019-01-15 9:00',6379,4744,3379),(381,'2019-01-16 8:00','2019-01-16 9:00',6380,4859,3380),(382,'2019-01-17 8:00','2019-01-17 9:00',6381,7370,3381),(383,'2019-01-18 8:00','2019-01-18 9:00',6382,8865,3382),(384,'2019-01-19 8:00','2019-01-19 9:00',6383,6401,3383),(385,'2019-01-20 8:00','2019-01-20 9:00',6384,9936,3384),(386,'2019-01-21 8:00','2019-01-21 9:00',6385,8930,3385),(387,'2019-01-22 8:00','2019-01-22 9:00',6386,1677,3386),(388,'2019-01-23 8:00','2019-01-23 9:00',6387,2310,3387),(389,'2019-01-24 8:00','2019-01-24 9:00',6388,9600,3388),(390,'2019-01-25 8:00','2019-01-25 9:00',6389,5301,3389),(391,'2019-01-26 8:00','2019-01-26 9:00',6390,6316,3390),(392,'2019-01-27 8:00','2019-01-27 9:00',6391,5409,3391),(393,'2019-01-28 8:00','2019-01-28 9:00',6392,6560,3392),(394,'2019-01-29 8:00','2019-01-29 9:00',6393,5246,3393),(395,'2019-01-30 8:00','2019-01-30 9:00',6394,3852,3394),(396,'2019-01-31 8:00','2019-01-31 9:00',6395,5380,3395),(397,'2019-02-01 8:00','2019-02-01 9:00',6396,9670,3396),(398,'2019-02-02 8:00','2019-02-02 9:00',6397,5836,3397),(399,'2019-02-03 8:00','2019-02-03 9:00',6398,5268,3398),(400,'2019-02-04 8:00','2019-02-04 9:00',6399,7016,3399),(401,'2019-02-05 8:00','2019-02-05 9:00',6400,3059,3400),(402,'2019-02-06 8:00','2019-02-06 9:00',6401,9966,3401),(403,'2019-02-07 8:00','2019-02-07 9:00',6402,1252,3402),(404,'2019-02-08 8:00','2019-02-08 9:00',6403,2700,3403),(405,'2019-02-09 8:00','2019-02-09 9:00',6404,2824,3404),(406,'2019-02-10 8:00','2019-02-10 9:00',6405,2235,3405),(407,'2019-02-11 8:00','2019-02-11 9:00',6406,8047,3406),(408,'2019-02-12 8:00','2019-02-12 9:00',6407,7551,3407),(409,'2019-02-13 8:00','2019-02-13 9:00',6408,5742,3408),(410,'2019-02-14 8:00','2019-02-14 9:00',6409,4697,3409),(411,'2019-02-15 8:00','2019-02-15 9:00',6410,9722,3410),(412,'2019-02-16 8:00','2019-02-16 9:00',6411,3241,3411),(413,'2019-02-17 8:00','2019-02-17 9:00',6412,4648,3412),(414,'2019-02-18 8:00','2019-02-18 9:00',6413,1947,3413),(415,'2019-02-19 8:00','2019-02-19 9:00',6414,2027,3414),(416,'2019-02-20 8:00','2019-02-20 9:00',6415,2589,3415),(417,'2019-02-21 8:00','2019-02-21 9:00',6416,5970,3416),(418,'2019-02-22 8:00','2019-02-22 9:00',6417,6611,3417),(419,'2019-02-23 8:00','2019-02-23 9:00',6418,9195,3418),(420,'2019-02-24 8:00','2019-02-24 9:00',6419,5544,3419),(421,'2019-02-25 8:00','2019-02-25 9:00',6420,3337,3420),(422,'2019-02-26 8:00','2019-02-26 9:00',6421,2696,3421),(423,'2019-02-27 8:00','2019-02-27 9:00',6422,9753,3422),(424,'2019-02-28 8:00','2019-02-28 9:00',6423,7818,3423),(425,'2019-03-01 8:00','2019-03-01 9:00',6424,2907,3424),(426,'2019-03-02 8:00','2019-03-02 9:00',6425,4899,3425),(427,'2019-03-03 8:00','2019-03-03 9:00',6426,1959,3426),(428,'2019-03-04 8:00','2019-03-04 9:00',6427,1222,3427),(429,'2019-03-05 8:00','2019-03-05 9:00',6428,6851,3428),(430,'2019-03-06 8:00','2019-03-06 9:00',6429,7297,3429),(431,'2019-03-07 8:00','2019-03-07 9:00',6430,9476,3430),(432,'2019-03-08 8:00','2019-03-08 9:00',6431,5191,3431),(433,'2019-03-09 8:00','2019-03-09 9:00',6432,6192,3432),(434,'2019-03-10 8:00','2019-03-10 9:00',6433,8374,3433),(435,'2019-03-11 8:00','2019-03-11 9:00',6434,7777,3434),(436,'2019-03-12 8:00','2019-03-12 9:00',6435,4659,3435),(437,'2019-03-13 8:00','2019-03-13 9:00',6436,7921,3436),(438,'2019-03-14 8:00','2019-03-14 9:00',6437,9811,3437),(439,'2019-03-15 8:00','2019-03-15 9:00',6438,4086,3438),(440,'2019-03-16 8:00','2019-03-16 9:00',6439,8112,3439),(441,'2019-03-17 8:00','2019-03-17 9:00',6440,1970,3440),(442,'2019-03-18 8:00','2019-03-18 9:00',6441,1847,3441),(443,'2019-03-19 8:00','2019-03-19 9:00',6442,1966,3442),(444,'2019-03-20 8:00','2019-03-20 9:00',6443,2189,3443),(445,'2019-03-21 8:00','2019-03-21 9:00',6444,9650,3444),(446,'2019-03-22 8:00','2019-03-22 9:00',6445,3932,3445),(447,'2019-03-23 8:00','2019-03-23 9:00',6446,4079,3446),(448,'2019-03-24 8:00','2019-03-24 9:00',6447,7822,3447),(449,'2019-03-25 8:00','2019-03-25 9:00',6448,1378,3448),(450,'2019-03-26 8:00','2019-03-26 9:00',6449,6732,3449),(451,'2019-03-27 8:00','2019-03-27 9:00',6450,4124,3450),(452,'2019-03-28 8:00','2019-03-28 9:00',6451,8258,3451),(453,'2019-03-29 8:00','2019-03-29 9:00',6452,7514,3452),(454,'2019-03-30 8:00','2019-03-30 9:00',6453,3486,3453),(455,'2019-03-31 8:00','2019-03-31 9:00',6454,4051,3454),(456,'2019-04-01 8:00','2019-04-01 9:00',6455,8395,3455),(457,'2019-04-02 8:00','2019-04-02 9:00',6456,7481,3456),(458,'2019-04-03 8:00','2019-04-03 9:00',6457,1237,3457),(459,'2019-04-04 8:00','2019-04-04 9:00',6458,5159,3458),(460,'2019-04-05 8:00','2019-04-05 9:00',6459,4436,3459),(461,'2019-04-06 8:00','2019-04-06 9:00',6460,8652,3460),(462,'2019-04-07 8:00','2019-04-07 9:00',6461,1916,3461),(463,'2019-04-08 8:00','2019-04-08 9:00',6462,3188,3462),(464,'2019-04-09 8:00','2019-04-09 9:00',6463,7463,3463),(465,'2019-04-10 8:00','2019-04-10 9:00',6464,4337,3464),(466,'2019-04-11 8:00','2019-04-11 9:00',6465,7151,3465),(467,'2019-04-12 8:00','2019-04-12 9:00',6466,6697,3466),(468,'2019-04-13 8:00','2019-04-13 9:00',6467,3787,3467),(469,'2019-04-14 8:00','2019-04-14 9:00',6468,7244,3468),(470,'2019-04-15 8:00','2019-04-15 9:00',6469,9000,3469),(471,'2019-04-16 8:00','2019-04-16 9:00',6470,4109,3470),(472,'2019-04-17 8:00','2019-04-17 9:00',6471,3889,3471),(473,'2019-04-18 8:00','2019-04-18 9:00',6472,5451,3472),(474,'2019-04-19 8:00','2019-04-19 9:00',6473,7491,3473),(475,'2019-04-20 8:00','2019-04-20 9:00',6474,1411,3474),(476,'2019-04-21 8:00','2019-04-21 9:00',6475,8288,3475),(477,'2019-04-22 8:00','2019-04-22 9:00',6476,4851,3476),(478,'2019-04-23 8:00','2019-04-23 9:00',6477,1982,3477),(479,'2019-04-24 8:00','2019-04-24 9:00',6478,3217,3478),(480,'2019-04-25 8:00','2019-04-25 9:00',6479,4999,3479),(481,'2019-04-26 8:00','2019-04-26 9:00',6480,7022,3480),(482,'2019-04-27 8:00','2019-04-27 9:00',6481,4986,3481),(483,'2019-04-28 8:00','2019-04-28 9:00',6482,1316,3482),(484,'2019-04-29 8:00','2019-04-29 9:00',6483,9180,3483),(485,'2019-04-30 8:00','2019-04-30 9:00',6484,2859,3484),(486,'2019-05-01 8:00','2019-05-01 9:00',6485,4368,3485),(487,'2019-05-02 8:00','2019-05-02 9:00',6486,1665,3486),(488,'2019-05-03 8:00','2019-05-03 9:00',6487,9715,3487),(489,'2019-05-04 8:00','2019-05-04 9:00',6488,6081,3488),(490,'2019-05-05 8:00','2019-05-05 9:00',6489,9089,3489),(491,'2019-05-06 8:00','2019-05-06 9:00',6490,9087,3490),(492,'2019-05-07 8:00','2019-05-07 9:00',6491,9389,3491),(493,'2019-05-08 8:00','2019-05-08 9:00',6492,6549,3492),(494,'2019-05-09 8:00','2019-05-09 9:00',6493,9094,3493),(495,'2019-05-10 8:00','2019-05-10 9:00',6494,4465,3494),(496,'2019-05-11 8:00','2019-05-11 9:00',6495,4125,3495),(497,'2019-05-12 8:00','2019-05-12 9:00',6496,4284,3496),(498,'2019-05-13 8:00','2019-05-13 9:00',6497,2737,3497),(499,'2019-05-14 8:00','2019-05-14 9:00',6498,3874,3498),(500,'2019-05-15 8:00','2019-05-15 9:00',6499,1183,3499),(501,'2019-05-16 8:00','2019-05-16 9:00',6500,4198,3500),(502,'2019-05-17 8:00','2019-05-17 9:00',6501,6549,3501),(503,'2019-05-18 8:00','2019-05-18 9:00',6502,9005,3502),(504,'2019-05-19 8:00','2019-05-19 9:00',6503,4212,3503),(505,'2019-05-20 8:00','2019-05-20 9:00',6504,1762,3504),(506,'2019-05-21 8:00','2019-05-21 9:00',6505,5631,3505),(507,'2019-05-22 8:00','2019-05-22 9:00',6506,9199,3506),(508,'2019-05-23 8:00','2019-05-23 9:00',6507,1782,3507),(509,'2019-05-24 8:00','2019-05-24 9:00',6508,1172,3508),(510,'2019-05-25 8:00','2019-05-25 9:00',6509,9850,3509),(511,'2019-05-26 8:00','2019-05-26 9:00',6510,7465,3510),(512,'2019-05-27 8:00','2019-05-27 9:00',6511,6351,3511),(513,'2019-05-28 8:00','2019-05-28 9:00',6512,3122,3512),(514,'2019-05-29 8:00','2019-05-29 9:00',6513,9409,3513),(515,'2019-05-30 8:00','2019-05-30 9:00',6514,6826,3514),(516,'2019-05-31 8:00','2019-05-31 9:00',6515,1497,3515),(517,'2019-06-01 8:00','2019-06-01 9:00',6516,7615,3516),(518,'2019-06-02 8:00','2019-06-02 9:00',6517,5715,3517),(519,'2019-06-03 8:00','2019-06-03 9:00',6518,2393,3518),(520,'2019-06-04 8:00','2019-06-04 9:00',6519,7028,3519),(521,'2019-06-05 8:00','2019-06-05 9:00',6520,8336,3520),(522,'2019-06-06 8:00','2019-06-06 9:00',6521,4697,3521),(523,'2019-06-07 8:00','2019-06-07 9:00',6522,4339,3522),(524,'2019-06-08 8:00','2019-06-08 9:00',6523,5226,3523),(525,'2019-06-09 8:00','2019-06-09 9:00',6524,5998,3524),(526,'2019-06-10 8:00','2019-06-10 9:00',6525,6137,3525),(527,'2019-06-11 8:00','2019-06-11 9:00',6526,1838,3526),(528,'2019-06-12 8:00','2019-06-12 9:00',6527,4356,3527),(529,'2019-06-13 8:00','2019-06-13 9:00',6528,5834,3528),(530,'2019-06-14 8:00','2019-06-14 9:00',6529,5980,3529),(531,'2019-06-15 8:00','2019-06-15 9:00',6530,7323,3530),(532,'2019-06-16 8:00','2019-06-16 9:00',6531,2608,3531),(533,'2019-06-17 8:00','2019-06-17 9:00',6532,4964,3532),(534,'2019-06-18 8:00','2019-06-18 9:00',6533,5120,3533),(535,'2019-06-19 8:00','2019-06-19 9:00',6534,4710,3534),(536,'2019-06-20 8:00','2019-06-20 9:00',6535,1999,3535),(537,'2019-06-21 8:00','2019-06-21 9:00',6536,7729,3536),(538,'2019-06-22 8:00','2019-06-22 9:00',6537,2176,3537),(539,'2019-06-23 8:00','2019-06-23 9:00',6538,8323,3538),(540,'2019-06-24 8:00','2019-06-24 9:00',6539,9252,3539),(541,'2019-06-25 8:00','2019-06-25 9:00',6540,7233,3540),(542,'2019-06-26 8:00','2019-06-26 9:00',6541,1898,3541),(543,'2019-06-27 8:00','2019-06-27 9:00',6542,8985,3542),(544,'2019-06-28 8:00','2019-06-28 9:00',6543,3939,3543),(545,'2019-06-29 8:00','2019-06-29 9:00',6544,9293,3544),(546,'2019-06-30 8:00','2019-06-30 9:00',6545,5453,3545),(547,'2019-07-01 8:00','2019-07-01 9:00',6546,8122,3546),(548,'2019-07-02 8:00','2019-07-02 9:00',6547,9035,3547),(549,'2019-07-03 8:00','2019-07-03 9:00',6548,3758,3548),(550,'2019-07-04 8:00','2019-07-04 9:00',6549,5401,3549),(551,'2019-07-05 8:00','2019-07-05 9:00',6550,9898,3550),(552,'2019-07-06 8:00','2019-07-06 9:00',6551,7597,3551),(553,'2019-07-07 8:00','2019-07-07 9:00',6552,5635,3552),(554,'2019-07-08 8:00','2019-07-08 9:00',6553,9157,3553),(555,'2019-07-09 8:00','2019-07-09 9:00',6554,1417,3554),(556,'2019-07-10 8:00','2019-07-10 9:00',6555,4351,3555),(557,'2019-07-11 8:00','2019-07-11 9:00',6556,1489,3556),(558,'2019-07-12 8:00','2019-07-12 9:00',6557,4350,3557),(559,'2019-07-13 8:00','2019-07-13 9:00',6558,1871,3558),(560,'2019-07-14 8:00','2019-07-14 9:00',6559,9817,3559),(561,'2019-07-15 8:00','2019-07-15 9:00',6560,8175,3560),(562,'2019-07-16 8:00','2019-07-16 9:00',6561,5567,3561),(563,'2019-07-17 8:00','2019-07-17 9:00',6562,6114,3562),(564,'2019-07-18 8:00','2019-07-18 9:00',6563,3112,3563),(565,'2019-07-19 8:00','2019-07-19 9:00',6564,8282,3564),(566,'2019-07-20 8:00','2019-07-20 9:00',6565,5201,3565),(567,'2019-07-21 8:00','2019-07-21 9:00',6566,4350,3566),(568,'2019-07-22 8:00','2019-07-22 9:00',6567,3429,3567),(569,'2019-07-23 8:00','2019-07-23 9:00',6568,2440,3568),(570,'2019-07-24 8:00','2019-07-24 9:00',6569,7303,3569),(571,'2019-07-25 8:00','2019-07-25 9:00',6570,9757,3570),(572,'2019-07-26 8:00','2019-07-26 9:00',6571,1076,3571),(573,'2019-07-27 8:00','2019-07-27 9:00',6572,8454,3572),(574,'2019-07-28 8:00','2019-07-28 9:00',6573,1365,3573),(575,'2019-07-29 8:00','2019-07-29 9:00',6574,5506,3574),(576,'2019-07-30 8:00','2019-07-30 9:00',6575,6405,3575),(577,'2019-07-31 8:00','2019-07-31 9:00',6576,5958,3576),(578,'2019-08-01 8:00','2019-08-01 9:00',6577,3895,3577),(579,'2019-08-02 8:00','2019-08-02 9:00',6578,8391,3578),(580,'2019-08-03 8:00','2019-08-03 9:00',6579,4744,3579),(581,'2019-08-04 8:00','2019-08-04 9:00',6580,4859,3580),(582,'2019-08-05 8:00','2019-08-05 9:00',6581,7370,3581),(583,'2019-08-06 8:00','2019-08-06 9:00',6582,8865,3582),(584,'2019-08-07 8:00','2019-08-07 9:00',6583,6401,3583),(585,'2019-08-08 8:00','2019-08-08 9:00',6584,9936,3584),(586,'2019-08-09 8:00','2019-08-09 9:00',6585,8930,3585),(587,'2019-08-10 8:00','2019-08-10 9:00',6586,1677,3586),(588,'2019-08-11 8:00','2019-08-11 9:00',6587,2310,3587),(589,'2019-08-12 8:00','2019-08-12 9:00',6588,9600,3588),(590,'2019-08-13 8:00','2019-08-13 9:00',6589,5301,3589),(591,'2019-08-14 8:00','2019-08-14 9:00',6590,6316,3590),(592,'2019-08-15 8:00','2019-08-15 9:00',6591,5409,3591),(593,'2019-08-16 8:00','2019-08-16 9:00',6592,6560,3592),(594,'2019-08-17 8:00','2019-08-17 9:00',6593,5246,3593),(595,'2019-08-18 8:00','2019-08-18 9:00',6594,3852,3594),(596,'2019-08-19 8:00','2019-08-19 9:00',6595,5380,3595),(597,'2019-08-20 8:00','2019-08-20 9:00',6596,9670,3596),(598,'2019-08-21 8:00','2019-08-21 9:00',6597,5836,3597),(599,'2019-08-22 8:00','2019-08-22 9:00',6598,5268,3598),(600,'2019-08-23 8:00','2019-08-23 9:00',6599,7016,3599),(601,'2019-08-24 8:00','2019-08-24 9:00',6600,3059,3600),(602,'2019-08-25 8:00','2019-08-25 9:00',6601,9966,3601),(603,'2019-08-26 8:00','2019-08-26 9:00',6602,1252,3602),(604,'2019-08-27 8:00','2019-08-27 9:00',6603,2700,3603),(605,'2019-08-28 8:00','2019-08-28 9:00',6604,2824,3604),(606,'2019-08-29 8:00','2019-08-29 9:00',6605,2235,3605),(607,'2019-08-30 8:00','2019-08-30 9:00',6606,8047,3606),(608,'2019-08-31 8:00','2019-08-31 9:00',6607,7551,3607),(609,'2019-09-01 8:00','2019-09-01 9:00',6608,5742,3608),(610,'2019-09-02 8:00','2019-09-02 9:00',6609,4697,3609),(611,'2019-09-03 8:00','2019-09-03 9:00',6610,9722,3610),(612,'2019-09-04 8:00','2019-09-04 9:00',6611,3241,3611),(613,'2019-09-05 8:00','2019-09-05 9:00',6612,4648,3612),(614,'2019-09-06 8:00','2019-09-06 9:00',6613,1947,3613),(615,'2019-09-07 8:00','2019-09-07 9:00',6614,2027,3614),(616,'2019-09-08 8:00','2019-09-08 9:00',6615,2589,3615),(617,'2019-09-09 8:00','2019-09-09 9:00',6616,5970,3616),(618,'2019-09-10 8:00','2019-09-10 9:00',6617,6611,3617),(619,'2019-09-11 8:00','2019-09-11 9:00',6618,9195,3618),(620,'2019-09-12 8:00','2019-09-12 9:00',6619,5544,3619),(621,'2019-09-13 8:00','2019-09-13 9:00',6620,3337,3620),(622,'2019-09-14 8:00','2019-09-14 9:00',6621,2696,3621),(623,'2019-09-15 8:00','2019-09-15 9:00',6622,9753,3622),(624,'2019-09-16 8:00','2019-09-16 9:00',6623,7818,3623),(625,'2019-09-17 8:00','2019-09-17 9:00',6624,2907,3624),(626,'2019-09-18 8:00','2019-09-18 9:00',6625,4899,3625),(627,'2019-09-19 8:00','2019-09-19 9:00',6626,1959,3626),(628,'2019-09-20 8:00','2019-09-20 9:00',6627,1222,3627),(629,'2019-09-21 8:00','2019-09-21 9:00',6628,6851,3628),(630,'2019-09-22 8:00','2019-09-22 9:00',6629,7297,3629),(631,'2019-09-23 8:00','2019-09-23 9:00',6630,9476,3630),(632,'2019-09-24 8:00','2019-09-24 9:00',6631,5191,3631),(633,'2019-09-25 8:00','2019-09-25 9:00',6632,6192,3632),(634,'2019-09-26 8:00','2019-09-26 9:00',6633,8374,3633),(635,'2019-09-27 8:00','2019-09-27 9:00',6634,7777,3634),(636,'2019-09-28 8:00','2019-09-28 9:00',6635,4659,3635),(637,'2019-09-29 8:00','2019-09-29 9:00',6636,7921,3636),(638,'2019-09-30 8:00','2019-09-30 9:00',6637,9811,3637),(639,'2019-10-01 8:00','2019-10-01 9:00',6638,4086,3638),(640,'2019-10-02 8:00','2019-10-02 9:00',6639,8112,3639),(641,'2019-10-03 8:00','2019-10-03 9:00',6640,1970,3640),(642,'2019-10-04 8:00','2019-10-04 9:00',6641,1847,3641),(643,'2019-10-05 8:00','2019-10-05 9:00',6642,1966,3642),(644,'2019-10-06 8:00','2019-10-06 9:00',6643,2189,3643),(645,'2019-10-07 8:00','2019-10-07 9:00',6644,9650,3644),(646,'2019-10-08 8:00','2019-10-08 9:00',6645,3932,3645),(647,'2019-10-09 8:00','2019-10-09 9:00',6646,4079,3646),(648,'2019-10-10 8:00','2019-10-10 9:00',6647,7822,3647),(649,'2019-10-11 8:00','2019-10-11 9:00',6648,1378,3648),(650,'2019-10-12 8:00','2019-10-12 9:00',6649,6732,3649),(651,'2019-10-13 8:00','2019-10-13 9:00',6650,4124,3650),(652,'2019-10-14 8:00','2019-10-14 9:00',6651,8258,3651),(653,'2019-10-15 8:00','2019-10-15 9:00',6652,7514,3652),(654,'2019-10-16 8:00','2019-10-16 9:00',6653,3486,3653),(655,'2019-10-17 8:00','2019-10-17 9:00',6654,4051,3654),(656,'2019-10-18 8:00','2019-10-18 9:00',6655,8395,3655),(657,'2019-10-19 8:00','2019-10-19 9:00',6656,7481,3656),(658,'2019-10-20 8:00','2019-10-20 9:00',6657,1237,3657),(659,'2019-10-21 8:00','2019-10-21 9:00',6658,5159,3658),(660,'2019-10-22 8:00','2019-10-22 9:00',6659,4436,3659),(661,'2019-10-23 8:00','2019-10-23 9:00',6660,8652,3660),(662,'2019-10-24 8:00','2019-10-24 9:00',6661,1916,3661),(663,'2019-10-25 8:00','2019-10-25 9:00',6662,3188,3662),(664,'2019-10-26 8:00','2019-10-26 9:00',6663,7463,3663),(665,'2019-10-27 8:00','2019-10-27 9:00',6664,4337,3664),(666,'2019-10-28 8:00','2019-10-28 9:00',6665,7151,3665),(667,'2019-10-29 8:00','2019-10-29 9:00',6666,6697,3666),(668,'2019-10-30 8:00','2019-10-30 9:00',6667,3787,3667),(669,'2019-10-31 8:00','2019-10-31 9:00',6668,7244,3668),(670,'2019-11-01 8:00','2019-11-01 9:00',6669,9000,3669),(671,'2019-11-02 8:00','2019-11-02 9:00',6670,4109,3670),(672,'2019-11-03 8:00','2019-11-03 9:00',6671,3889,3671),(673,'2019-11-04 8:00','2019-11-04 9:00',6672,5451,3672),(674,'2019-11-05 8:00','2019-11-05 9:00',6673,7491,3673),(675,'2019-11-06 8:00','2019-11-06 9:00',6674,1411,3674),(676,'2019-11-07 8:00','2019-11-07 9:00',6675,8288,3675),(677,'2019-11-08 8:00','2019-11-08 9:00',6676,4851,3676),(678,'2019-11-09 8:00','2019-11-09 9:00',6677,1982,3677),(679,'2019-11-10 8:00','2019-11-10 9:00',6678,3217,3678),(680,'2019-11-11 8:00','2019-11-11 9:00',6679,4999,3679),(681,'2019-11-12 8:00','2019-11-12 9:00',6680,7022,3680),(682,'2019-11-13 8:00','2019-11-13 9:00',6681,4986,3681),(683,'2019-11-14 8:00','2019-11-14 9:00',6682,1316,3682),(684,'2019-11-15 8:00','2019-11-15 9:00',6683,9180,3683),(685,'2019-11-16 8:00','2019-11-16 9:00',6684,2859,3684),(686,'2019-11-17 8:00','2019-11-17 9:00',6685,4368,3685),(687,'2019-11-18 8:00','2019-11-18 9:00',6686,1665,3686),(688,'2019-11-19 8:00','2019-11-19 9:00',6687,9715,3687),(689,'2019-11-20 8:00','2019-11-20 9:00',6688,6081,3688),(690,'2019-11-21 8:00','2019-11-21 9:00',6689,9089,3689),(691,'2019-11-22 8:00','2019-11-22 9:00',6690,9087,3690),(692,'2019-11-23 8:00','2019-11-23 9:00',6691,9389,3691),(693,'2019-11-24 8:00','2019-11-24 9:00',6692,6549,3692),(694,'2019-11-25 8:00','2019-11-25 9:00',6693,9094,3693),(695,'2019-11-26 8:00','2019-11-26 9:00',6694,4465,3694),(696,'2019-11-27 8:00','2019-11-27 9:00',6695,4125,3695),(697,'2019-11-28 8:00','2019-11-28 9:00',6696,4284,3696),(698,'2019-11-29 8:00','2019-11-29 9:00',6697,2737,3697),(699,'2019-11-30 8:00','2019-11-30 9:00',6698,3874,3698),(700,'2019-12-01 8:00','2019-12-01 9:00',6699,1183,3699),(701,'2019-12-02 8:00','2019-12-02 9:00',6700,4198,3700),(702,'2019-12-03 8:00','2019-12-03 9:00',6701,6549,3701),(703,'2019-12-04 8:00','2019-12-04 9:00',6702,9005,3702),(704,'2019-12-05 8:00','2019-12-05 9:00',6703,4212,3703),(705,'2019-12-06 8:00','2019-12-06 9:00',6704,1762,3704),(706,'2019-12-07 8:00','2019-12-07 9:00',6705,5631,3705),(707,'2019-12-08 8:00','2019-12-08 9:00',6706,9199,3706),(708,'2019-12-09 8:00','2019-12-09 9:00',6707,1782,3707),(709,'2019-12-10 8:00','2019-12-10 9:00',6708,1172,3708),(710,'2019-12-11 8:00','2019-12-11 9:00',6709,9850,3709),(711,'2019-12-12 8:00','2019-12-12 9:00',6710,7465,3710),(712,'2019-12-13 8:00','2019-12-13 9:00',6711,6351,3711),(713,'2019-12-14 8:00','2019-12-14 9:00',6712,3122,3712),(714,'2019-12-15 8:00','2019-12-15 9:00',6713,9409,3713),(715,'2019-12-16 8:00','2019-12-16 9:00',6714,6826,3714),(716,'2019-12-17 8:00','2019-12-17 9:00',6715,1497,3715),(717,'2019-12-18 8:00','2019-12-18 9:00',6716,7615,3716),(718,'2019-12-19 8:00','2019-12-19 9:00',6717,5715,3717),(719,'2019-12-20 8:00','2019-12-20 9:00',6718,2393,3718),(720,'2019-12-21 8:00','2019-12-21 9:00',6719,7028,3719),(721,'2019-12-22 8:00','2019-12-22 9:00',6720,8336,3720),(722,'2019-12-23 8:00','2019-12-23 9:00',6721,4697,3721),(723,'2019-12-24 8:00','2019-12-24 9:00',6722,4339,3722),(724,'2019-12-25 8:00','2019-12-25 9:00',6723,5226,3723),(725,'2019-12-26 8:00','2019-12-26 9:00',6724,5998,3724),(726,'2019-12-27 8:00','2019-12-27 9:00',6725,6137,3725),(727,'2019-12-28 8:00','2019-12-28 9:00',6726,1838,3726),(728,'2019-12-29 8:00','2019-12-29 9:00',6727,4356,3727),(729,'2019-12-30 8:00','2019-12-30 9:00',6728,5834,3728),(730,'2019-12-31 8:00','2019-12-31 9:00',6729,5980,3729),(731,'2020-01-01 8:00','2020-01-01 9:00',6730,7323,3730),(732,'2020-01-02 8:00','2020-01-02 9:00',6731,2608,3731),(733,'2020-01-03 8:00','2020-01-03 9:00',6732,4964,3732),(734,'2020-01-04 8:00','2020-01-04 9:00',6733,5120,3733),(735,'2020-01-05 8:00','2020-01-05 9:00',6734,4710,3734),(736,'2020-01-06 8:00','2020-01-06 9:00',6735,1999,3735),(737,'2020-01-07 8:00','2020-01-07 9:00',6736,7729,3736),(738,'2020-01-08 8:00','2020-01-08 9:00',6737,2176,3737),(739,'2020-01-09 8:00','2020-01-09 9:00',6738,8323,3738),(740,'2020-01-10 8:00','2020-01-10 9:00',6739,9252,3739),(741,'2020-01-11 8:00','2020-01-11 9:00',6740,7233,3740),(742,'2020-01-12 8:00','2020-01-12 9:00',6741,1898,3741),(743,'2020-01-13 8:00','2020-01-13 9:00',6742,8985,3742),(744,'2020-01-14 8:00','2020-01-14 9:00',6743,3939,3743),(745,'2020-01-15 8:00','2020-01-15 9:00',6744,9293,3744),(746,'2020-01-16 8:00','2020-01-16 9:00',6745,5453,3745),(747,'2020-01-17 8:00','2020-01-17 9:00',6746,8122,3746),(748,'2020-01-18 8:00','2020-01-18 9:00',6747,9035,3747),(749,'2020-01-19 8:00','2020-01-19 9:00',6748,3758,3748),(750,'2020-01-20 8:00','2020-01-20 9:00',6749,5401,3749),(751,'2020-01-21 8:00','2020-01-21 9:00',6750,9898,3750),(752,'2020-01-22 8:00','2020-01-22 9:00',6751,7597,3751),(753,'2020-01-23 8:00','2020-01-23 9:00',6752,5635,3752),(754,'2020-01-24 8:00','2020-01-24 9:00',6753,9157,3753),(755,'2020-01-25 8:00','2020-01-25 9:00',6754,1417,3754),(756,'2020-01-26 8:00','2020-01-26 9:00',6755,4351,3755),(757,'2020-01-27 8:00','2020-01-27 9:00',6756,1489,3756),(758,'2020-01-28 8:00','2020-01-28 9:00',6757,4350,3757),(759,'2020-01-29 8:00','2020-01-29 9:00',6758,1871,3758),(760,'2020-01-30 8:00','2020-01-30 9:00',6759,9817,3759),(761,'2020-01-31 8:00','2020-01-31 9:00',6760,8175,3760),(762,'2020-02-01 8:00','2020-02-01 9:00',6761,5567,3761),(763,'2020-02-02 8:00','2020-02-02 9:00',6762,6114,3762),(764,'2020-02-03 8:00','2020-02-03 9:00',6763,3112,3763),(765,'2020-02-04 8:00','2020-02-04 9:00',6764,8282,3764),(766,'2020-02-05 8:00','2020-02-05 9:00',6765,5201,3765),(767,'2020-02-06 8:00','2020-02-06 9:00',6766,4350,3766),(768,'2020-02-07 8:00','2020-02-07 9:00',6767,3429,3767),(769,'2020-02-08 8:00','2020-02-08 9:00',6768,2440,3768),(770,'2020-02-09 8:00','2020-02-09 9:00',6769,7303,3769),(771,'2020-02-10 8:00','2020-02-10 9:00',6770,9757,3770),(772,'2020-02-11 8:00','2020-02-11 9:00',6771,1076,3771),(773,'2020-02-12 8:00','2020-02-12 9:00',6772,8454,3772),(774,'2020-02-13 8:00','2020-02-13 9:00',6773,1365,3773),(775,'2020-02-14 8:00','2020-02-14 9:00',6774,5506,3774),(776,'2020-02-15 8:00','2020-02-15 9:00',6775,6405,3775),(777,'2020-02-16 8:00','2020-02-16 9:00',6776,5958,3776),(778,'2020-02-17 8:00','2020-02-17 9:00',6777,3895,3777),(779,'2020-02-18 8:00','2020-02-18 9:00',6778,8391,3778),(780,'2020-02-19 8:00','2020-02-19 9:00',6779,4744,3779),(781,'2020-02-20 8:00','2020-02-20 9:00',6780,4859,3780),(782,'2020-02-21 8:00','2020-02-21 9:00',6781,7370,3781),(783,'2020-02-22 8:00','2020-02-22 9:00',6782,8865,3782),(784,'2020-02-23 8:00','2020-02-23 9:00',6783,6401,3783),(785,'2020-02-24 8:00','2020-02-24 9:00',6784,9936,3784),(786,'2020-02-25 8:00','2020-02-25 9:00',6785,8930,3785),(787,'2020-02-26 8:00','2020-02-26 9:00',6786,1677,3786),(788,'2020-02-27 8:00','2020-02-27 9:00',6787,2310,3787),(789,'2020-02-28 8:00','2020-02-28 9:00',6788,9600,3788),(790,'2020-02-29 8:00','2020-02-29 9:00',6789,5301,3789),(791,'2020-03-01 8:00','2020-03-01 9:00',6790,6316,3790),(792,'2020-03-02 8:00','2020-03-02 9:00',6791,5409,3791),(793,'2020-03-03 8:00','2020-03-03 9:00',6792,6560,3792),(794,'2020-03-04 8:00','2020-03-04 9:00',6793,5246,3793),(795,'2020-03-05 8:00','2020-03-05 9:00',6794,3852,3794),(796,'2020-03-06 8:00','2020-03-06 9:00',6795,5380,3795),(797,'2020-03-07 8:00','2020-03-07 9:00',6796,9670,3796),(798,'2020-03-08 8:00','2020-03-08 9:00',6797,5836,3797),(799,'2020-03-09 8:00','2020-03-09 9:00',6798,5268,3798),(800,'2020-03-10 8:00','2020-03-10 9:00',6799,7016,3799),(801,'2020-03-11 8:00','2020-03-11 9:00',6800,3059,3800),(802,'2020-03-12 8:00','2020-03-12 9:00',6801,9966,3801),(803,'2020-03-13 8:00','2020-03-13 9:00',6802,1252,3802),(804,'2020-03-14 8:00','2020-03-14 9:00',6803,2700,3803),(805,'2020-03-15 8:00','2020-03-15 9:00',6804,2824,3804),(806,'2020-03-16 8:00','2020-03-16 9:00',6805,2235,3805),(807,'2020-03-17 8:00','2020-03-17 9:00',6806,8047,3806),(808,'2020-03-18 8:00','2020-03-18 9:00',6807,7551,3807),(809,'2020-03-19 8:00','2020-03-19 9:00',6808,5742,3808),(810,'2020-03-20 8:00','2020-03-20 9:00',6809,4697,3809),(811,'2020-03-21 8:00','2020-03-21 9:00',6810,9722,3810),(812,'2020-03-22 8:00','2020-03-22 9:00',6811,3241,3811),(813,'2020-03-23 8:00','2020-03-23 9:00',6812,4648,3812),(814,'2020-03-24 8:00','2020-03-24 9:00',6813,1947,3813),(815,'2020-03-25 8:00','2020-03-25 9:00',6814,2027,3814),(816,'2020-03-26 8:00','2020-03-26 9:00',6815,2589,3815),(817,'2020-03-27 8:00','2020-03-27 9:00',6816,5970,3816),(818,'2020-03-28 8:00','2020-03-28 9:00',6817,6611,3817),(819,'2020-03-29 8:00','2020-03-29 9:00',6818,9195,3818),(820,'2020-03-30 8:00','2020-03-30 9:00',6819,5544,3819),(821,'2020-03-31 8:00','2020-03-31 9:00',6820,3337,3820),(822,'2020-04-01 8:00','2020-04-01 9:00',6821,2696,3821),(823,'2020-04-02 8:00','2020-04-02 9:00',6822,9753,3822),(824,'2020-04-03 8:00','2020-04-03 9:00',6823,7818,3823),(825,'2020-04-04 8:00','2020-04-04 9:00',6824,2907,3824),(826,'2020-04-05 8:00','2020-04-05 9:00',6825,4899,3825),(827,'2020-04-06 8:00','2020-04-06 9:00',6826,1959,3826),(828,'2020-04-07 8:00','2020-04-07 9:00',6827,1222,3827),(829,'2020-04-08 8:00','2020-04-08 9:00',6828,6851,3828),(830,'2020-04-09 8:00','2020-04-09 9:00',6829,7297,3829),(831,'2020-04-10 8:00','2020-04-10 9:00',6830,9476,3830),(832,'2020-04-11 8:00','2020-04-11 9:00',6831,5191,3831),(833,'2020-04-12 8:00','2020-04-12 9:00',6832,6192,3832),(834,'2020-04-13 8:00','2020-04-13 9:00',6833,8374,3833),(835,'2020-04-14 8:00','2020-04-14 9:00',6834,7777,3834),(836,'2020-04-15 8:00','2020-04-15 9:00',6835,4659,3835),(837,'2020-04-16 8:00','2020-04-16 9:00',6836,7921,3836),(838,'2020-04-17 8:00','2020-04-17 9:00',6837,9811,3837),(839,'2020-04-18 8:00','2020-04-18 9:00',6838,4086,3838),(840,'2020-04-19 8:00','2020-04-19 9:00',6839,8112,3839),(841,'2020-04-20 8:00','2020-04-20 9:00',6840,1970,3840),(842,'2020-04-21 8:00','2020-04-21 9:00',6841,1847,3841),(843,'2020-04-22 8:00','2020-04-22 9:00',6842,1966,3842),(844,'2020-04-23 8:00','2020-04-23 9:00',6843,2189,3843),(845,'2020-04-24 8:00','2020-04-24 9:00',6844,9650,3844),(846,'2020-04-25 8:00','2020-04-25 9:00',6845,3932,3845),(847,'2020-04-26 8:00','2020-04-26 9:00',6846,4079,3846),(848,'2020-04-27 8:00','2020-04-27 9:00',6847,7822,3847),(849,'2020-04-28 8:00','2020-04-28 9:00',6848,1378,3848),(850,'2020-04-29 8:00','2020-04-29 9:00',6849,6732,3849),(851,'2020-04-30 8:00','2020-04-30 9:00',6850,4124,3850),(852,'2020-05-01 8:00','2020-05-01 9:00',6851,8258,3851),(853,'2020-05-02 8:00','2020-05-02 9:00',6852,7514,3852),(854,'2020-05-03 8:00','2020-05-03 9:00',6853,3486,3853),(855,'2020-05-04 8:00','2020-05-04 9:00',6854,4051,3854),(856,'2020-05-05 8:00','2020-05-05 9:00',6855,8395,3855),(857,'2020-05-06 8:00','2020-05-06 9:00',6856,7481,3856),(858,'2020-05-07 8:00','2020-05-07 9:00',6857,1237,3857),(859,'2020-05-08 8:00','2020-05-08 9:00',6858,5159,3858),(860,'2020-05-09 8:00','2020-05-09 9:00',6859,4436,3859),(861,'2020-05-10 8:00','2020-05-10 9:00',6860,8652,3860),(862,'2020-05-11 8:00','2020-05-11 9:00',6861,1916,3861),(863,'2020-05-12 8:00','2020-05-12 9:00',6862,3188,3862),(864,'2020-05-13 8:00','2020-05-13 9:00',6863,7463,3863),(865,'2020-05-14 8:00','2020-05-14 9:00',6864,4337,3864),(866,'2020-05-15 8:00','2020-05-15 9:00',6865,7151,3865),(867,'2020-05-16 8:00','2020-05-16 9:00',6866,6697,3866),(868,'2020-05-17 8:00','2020-05-17 9:00',6867,3787,3867),(869,'2020-05-18 8:00','2020-05-18 9:00',6868,7244,3868),(870,'2020-05-19 8:00','2020-05-19 9:00',6869,9000,3869),(871,'2020-05-20 8:00','2020-05-20 9:00',6870,4109,3870),(872,'2020-05-21 8:00','2020-05-21 9:00',6871,3889,3871),(873,'2020-05-22 8:00','2020-05-22 9:00',6872,5451,3872),(874,'2020-05-23 8:00','2020-05-23 9:00',6873,7491,3873),(875,'2020-05-24 8:00','2020-05-24 9:00',6874,1411,3874),(876,'2020-05-25 8:00','2020-05-25 9:00',6875,8288,3875),(877,'2020-05-26 8:00','2020-05-26 9:00',6876,4851,3876),(878,'2020-05-27 8:00','2020-05-27 9:00',6877,1982,3877),(879,'2020-05-28 8:00','2020-05-28 9:00',6878,3217,3878),(880,'2020-05-29 8:00','2020-05-29 9:00',6879,4999,3879),(881,'2020-05-30 8:00','2020-05-30 9:00',6880,7022,3880),(882,'2020-05-31 8:00','2020-05-31 9:00',6881,4986,3881),(883,'2020-06-01 8:00','2020-06-01 9:00',6882,1316,3882),(884,'2020-06-02 8:00','2020-06-02 9:00',6883,9180,3883),(885,'2020-06-03 8:00','2020-06-03 9:00',6884,2859,3884),(886,'2020-06-04 8:00','2020-06-04 9:00',6885,4368,3885),(887,'2020-06-05 8:00','2020-06-05 9:00',6886,1665,3886),(888,'2020-06-06 8:00','2020-06-06 9:00',6887,9715,3887),(889,'2020-06-07 8:00','2020-06-07 9:00',6888,6081,3888),(890,'2020-06-08 8:00','2020-06-08 9:00',6889,9089,3889),(891,'2020-06-09 8:00','2020-06-09 9:00',6890,9087,3890),(892,'2020-06-10 8:00','2020-06-10 9:00',6891,9389,3891),(893,'2020-06-11 8:00','2020-06-11 9:00',6892,6549,3892),(894,'2020-06-12 8:00','2020-06-12 9:00',6893,9094,3893),(895,'2020-06-13 8:00','2020-06-13 9:00',6894,4465,3894),(896,'2020-06-14 8:00','2020-06-14 9:00',6895,4125,3895),(897,'2020-06-15 8:00','2020-06-15 9:00',6896,4284,3896),(898,'2020-06-16 8:00','2020-06-16 9:00',6897,2737,3897),(899,'2020-06-17 8:00','2020-06-17 9:00',6898,3874,3898),(900,'2020-06-18 8:00','2020-06-18 9:00',6899,1183,3899),(901,'2020-06-19 8:00','2020-06-19 9:00',6900,4198,3900),(902,'2020-06-20 8:00','2020-06-20 9:00',6901,6549,3901),(903,'2020-06-21 8:00','2020-06-21 9:00',6902,9005,3902),(904,'2020-06-22 8:00','2020-06-22 9:00',6903,4212,3903),(905,'2020-06-23 8:00','2020-06-23 9:00',6904,1762,3904),(906,'2020-06-24 8:00','2020-06-24 9:00',6905,5631,3905),(907,'2020-06-25 8:00','2020-06-25 9:00',6906,9199,3906),(908,'2020-06-26 8:00','2020-06-26 9:00',6907,1782,3907),(909,'2020-06-27 8:00','2020-06-27 9:00',6908,1172,3908),(910,'2020-06-28 8:00','2020-06-28 9:00',6909,9850,3909),(911,'2020-06-29 8:00','2020-06-29 9:00',6910,7465,3910),(912,'2020-06-30 8:00','2020-06-30 9:00',6911,6351,3911),(913,'2020-07-01 8:00','2020-07-01 9:00',6912,3122,3912),(914,'2020-07-02 8:00','2020-07-02 9:00',6913,9409,3913),(915,'2020-07-03 8:00','2020-07-03 9:00',6914,6826,3914),(916,'2020-07-04 8:00','2020-07-04 9:00',6915,1497,3915),(917,'2020-07-05 8:00','2020-07-05 9:00',6916,7615,3916),(918,'2020-07-06 8:00','2020-07-06 9:00',6917,5715,3917),(919,'2020-07-07 8:00','2020-07-07 9:00',6918,2393,3918),(920,'2020-07-08 8:00','2020-07-08 9:00',6919,7028,3919),(921,'2020-07-09 8:00','2020-07-09 9:00',6920,8336,3920),(922,'2020-07-10 8:00','2020-07-10 9:00',6921,4697,3921),(923,'2020-07-11 8:00','2020-07-11 9:00',6922,4339,3922),(924,'2020-07-12 8:00','2020-07-12 9:00',6923,5226,3923),(925,'2020-07-13 8:00','2020-07-13 9:00',6924,5998,3924),(926,'2020-07-14 8:00','2020-07-14 9:00',6925,6137,3925),(927,'2020-07-15 8:00','2020-07-15 9:00',6926,1838,3926),(928,'2020-07-16 8:00','2020-07-16 9:00',6927,4356,3927),(929,'2020-07-17 8:00','2020-07-17 9:00',6928,5834,3928),(930,'2020-07-18 8:00','2020-07-18 9:00',6929,5980,3929),(931,'2020-07-19 8:00','2020-07-19 9:00',6930,7323,3930),(932,'2020-07-20 8:00','2020-07-20 9:00',6931,2608,3931),(933,'2020-07-21 8:00','2020-07-21 9:00',6932,4964,3932),(934,'2020-07-22 8:00','2020-07-22 9:00',6933,5120,3933),(935,'2020-07-23 8:00','2020-07-23 9:00',6934,4710,3934),(936,'2020-07-24 8:00','2020-07-24 9:00',6935,1999,3935),(937,'2020-07-25 8:00','2020-07-25 9:00',6936,7729,3936),(938,'2020-07-26 8:00','2020-07-26 9:00',6937,2176,3937),(939,'2020-07-27 8:00','2020-07-27 9:00',6938,8323,3938),(940,'2020-07-28 8:00','2020-07-28 9:00',6939,9252,3939),(941,'2020-07-29 8:00','2020-07-29 9:00',6940,7233,3940),(942,'2020-07-30 8:00','2020-07-30 9:00',6941,1898,3941),(943,'2020-07-31 8:00','2020-07-31 9:00',6942,8985,3942),(944,'2020-08-01 8:00','2020-08-01 9:00',6943,3939,3943),(945,'2020-08-02 8:00','2020-08-02 9:00',6944,9293,3944),(946,'2020-08-03 8:00','2020-08-03 9:00',6945,5453,3945),(947,'2020-08-04 8:00','2020-08-04 9:00',6946,8122,3946),(948,'2020-08-05 8:00','2020-08-05 9:00',6947,9035,3947),(949,'2020-08-06 8:00','2020-08-06 9:00',6948,3758,3948),(950,'2020-08-07 8:00','2020-08-07 9:00',6949,5401,3949),(951,'2020-08-08 8:00','2020-08-08 9:00',6950,9898,3950),(952,'2020-08-09 8:00','2020-08-09 9:00',6951,7597,3951),(953,'2020-08-10 8:00','2020-08-10 9:00',6952,5635,3952),(954,'2020-08-11 8:00','2020-08-11 9:00',6953,9157,3953),(955,'2020-08-12 8:00','2020-08-12 9:00',6954,1417,3954),(956,'2020-08-13 8:00','2020-08-13 9:00',6955,4351,3955),(957,'2020-08-14 8:00','2020-08-14 9:00',6956,1489,3956),(958,'2020-08-15 8:00','2020-08-15 9:00',6957,4350,3957),(959,'2020-08-16 8:00','2020-08-16 9:00',6958,1871,3958),(960,'2020-08-17 8:00','2020-08-17 9:00',6959,9817,3959),(961,'2020-08-18 8:00','2020-08-18 9:00',6960,8175,3960),(962,'2020-08-19 8:00','2020-08-19 9:00',6961,5567,3961),(963,'2020-08-20 8:00','2020-08-20 9:00',6962,6114,3962),(964,'2020-08-21 8:00','2020-08-21 9:00',6963,3112,3963),(965,'2020-08-22 8:00','2020-08-22 9:00',6964,8282,3964),(966,'2020-08-23 8:00','2020-08-23 9:00',6965,5201,3965),(967,'2020-08-24 8:00','2020-08-24 9:00',6966,4350,3966),(968,'2020-08-25 8:00','2020-08-25 9:00',6967,3429,3967),(969,'2020-08-26 8:00','2020-08-26 9:00',6968,2440,3968),(970,'2020-08-27 8:00','2020-08-27 9:00',6969,7303,3969),(971,'2020-08-28 8:00','2020-08-28 9:00',6970,9757,3970),(972,'2020-08-29 8:00','2020-08-29 9:00',6971,1076,3971),(973,'2020-08-30 8:00','2020-08-30 9:00',6972,8454,3972),(974,'2020-08-31 8:00','2020-08-31 9:00',6973,1365,3973),(975,'2020-09-01 8:00','2020-09-01 9:00',6974,5506,3974),(976,'2020-09-02 8:00','2020-09-02 9:00',6975,6405,3975),(977,'2020-09-03 8:00','2020-09-03 9:00',6976,5958,3976),(978,'2020-09-04 8:00','2020-09-04 9:00',6977,3895,3977),(979,'2020-09-05 8:00','2020-09-05 9:00',6978,8391,3978),(980,'2020-09-06 8:00','2020-09-06 9:00',6979,4744,3979),(981,'2020-09-07 8:00','2020-09-07 9:00',6980,4859,3980),(982,'2020-09-08 8:00','2020-09-08 9:00',6981,7370,3981),(983,'2020-09-09 8:00','2020-09-09 9:00',6982,8865,3982),(984,'2020-09-10 8:00','2020-09-10 9:00',6983,6401,3983),(985,'2020-09-11 8:00','2020-09-11 9:00',6984,9936,3984),(986,'2020-09-12 8:00','2020-09-12 9:00',6985,8930,3985),(987,'2020-09-13 8:00','2020-09-13 9:00',6986,1677,3986),(988,'2020-09-14 8:00','2020-09-14 9:00',6987,2310,3987),(989,'2020-09-15 8:00','2020-09-15 9:00',6988,9600,3988),(990,'2020-09-16 8:00','2020-09-16 9:00',6989,5301,3989),(991,'2020-09-17 8:00','2020-09-17 9:00',6990,6316,3990),(992,'2020-09-18 8:00','2020-09-18 9:00',6991,5409,3991),(993,'2020-09-19 8:00','2020-09-19 9:00',6992,6560,3992),(994,'2020-09-20 8:00','2020-09-20 9:00',6993,5246,3993),(995,'2020-09-21 8:00','2020-09-21 9:00',6994,3852,3994),(996,'2020-09-22 8:00','2020-09-22 9:00',6995,5380,3995),(997,'2020-09-23 8:00','2020-09-23 9:00',6996,9670,3996),(998,'2020-09-24 8:00','2020-09-24 9:00',6997,5836,3997),(999,'2020-09-25 8:00','2020-09-25 9:00',6998,5268,3998),(1000,'2020-09-26 8:00','2020-09-26 9:00',6999,7016,3999),(1002,'2021-11-26 22:58:10',NULL,6001,3874,3000),(1003,'2021-11-26 22:58:10',NULL,6001,3874,3002),(1004,'2021-11-26 22:58:10',NULL,6001,3874,3003),(1005,'2021-11-26 22:58:10',NULL,6001,3874,3016),(1006,'2021-11-26 22:58:10',NULL,6001,3874,3025),(1007,'2021-11-26 22:58:10',NULL,6001,3874,3027),(1008,'2021-11-26 22:58:10',NULL,6001,3874,3034),(1009,'2021-11-26 22:58:10',NULL,6001,3874,3056),(1010,'2021-11-26 22:58:10',NULL,6001,3874,3068),(1011,'2021-11-26 22:58:10',NULL,6001,3874,3070),(1012,'2021-11-26 22:58:10',NULL,6001,3874,3074),(1013,'2021-11-26 22:58:10',NULL,6001,3874,3087),(1014,'2021-11-26 22:58:10',NULL,6001,3874,3089),(1015,'2021-11-26 22:58:10',NULL,6001,3874,3097),(1016,'2021-11-26 22:58:10',NULL,6001,3874,3100),(1017,'2021-11-26 22:58:10',NULL,6001,3874,3102),(1018,'2021-11-26 22:58:10',NULL,6001,3874,3110),(1019,'2021-11-26 22:58:10',NULL,6001,3874,3116),(1020,'2021-11-26 22:58:10',NULL,6001,3874,3131),(1021,'2021-11-26 22:58:10',NULL,6001,3874,3136),(1022,'2021-11-26 22:58:10',NULL,6001,3874,3148),(1023,'2021-11-26 22:58:10',NULL,6001,3874,3152),(1024,'2021-11-26 22:58:10',NULL,6001,3874,3154),(1025,'2021-11-26 22:58:10',NULL,6001,3874,3163),(1026,'2021-11-26 22:58:10',NULL,6001,3874,3176),(1027,'2021-11-26 22:58:10',NULL,6001,3874,3177),(1028,'2021-11-26 22:58:10',NULL,6001,3874,3179),(1029,'2021-11-26 22:58:10',NULL,6001,3874,3189),(1030,'2021-11-26 22:58:10',NULL,6001,3874,3198),(1031,'2021-11-26 22:58:10',NULL,6001,3874,3203),(1032,'2021-11-26 22:58:10',NULL,6001,3874,3210),(1033,'2021-11-26 22:58:10',NULL,6001,3874,3230),(1034,'2021-11-26 22:58:10',NULL,6001,3874,3234),(1035,'2021-11-26 22:58:10',NULL,6001,3874,3238),(1036,'2021-11-26 22:58:10',NULL,6001,3874,3250),(1037,'2021-11-26 22:58:10',NULL,6001,3874,3254),(1038,'2021-11-26 22:58:10',NULL,6001,3874,3256),(1039,'2021-11-26 22:58:10',NULL,6001,3874,3260),(1040,'2021-11-26 22:58:10',NULL,6001,3874,3262),(1041,'2021-11-26 22:58:10',NULL,6001,3874,3279),(1042,'2021-11-26 22:58:10',NULL,6001,3874,3283),(1043,'2021-11-26 22:58:10',NULL,6001,3874,3295),(1044,'2021-11-26 22:58:10',NULL,6001,3874,3296),(1045,'2021-11-26 22:58:10',NULL,6001,3874,3311),(1046,'2021-11-26 22:58:10',NULL,6001,3874,3312),(1047,'2021-11-26 22:58:10',NULL,6001,3874,3319),(1048,'2021-11-26 22:58:10',NULL,6001,3874,3323),(1049,'2021-11-26 22:58:10',NULL,6001,3874,3325),(1050,'2021-11-26 22:58:10',NULL,6001,3874,3340),(1051,'2021-11-26 22:58:10',NULL,6001,3874,3374),(1052,'2021-11-26 22:58:10',NULL,6001,3874,3388),(1053,'2021-11-26 22:58:10',NULL,6001,3874,3418),(1054,'2021-11-26 22:58:10',NULL,6001,3874,3419),(1055,'2021-11-26 22:58:10',NULL,6001,3874,3433),(1056,'2021-11-26 22:58:10',NULL,6001,3874,3442),(1057,'2021-11-26 22:58:10',NULL,6001,3874,3443),(1058,'2021-11-26 22:58:10',NULL,6001,3874,3449),(1059,'2021-11-26 22:58:10',NULL,6001,3874,3457),(1060,'2021-11-26 22:58:10',NULL,6001,3874,3461),(1061,'2021-11-26 22:58:10',NULL,6001,3874,3463),(1062,'2021-11-26 22:58:10',NULL,6001,3874,3467),(1063,'2021-11-26 22:58:10',NULL,6001,3874,3468),(1064,'2021-11-26 22:58:10',NULL,6001,3874,3490),(1065,'2021-11-26 22:58:10',NULL,6001,3874,3493),(1066,'2021-11-26 22:58:10',NULL,6001,3874,3499),(1067,'2021-11-26 22:58:10',NULL,6001,3874,3506),(1068,'2021-11-26 22:58:10',NULL,6001,3874,3508),(1069,'2021-11-26 22:58:10',NULL,6001,3874,3536),(1070,'2021-11-26 22:58:10',NULL,6001,3874,3538),(1071,'2021-11-26 22:58:10',NULL,6001,3874,3542),(1072,'2021-11-26 22:58:10',NULL,6001,3874,3545),(1073,'2021-11-26 22:58:10',NULL,6001,3874,3552),(1074,'2021-11-26 22:58:10',NULL,6001,3874,3554),(1075,'2021-11-26 22:58:10',NULL,6001,3874,3557),(1076,'2021-11-26 22:58:10',NULL,6001,3874,3582),(1077,'2021-11-26 22:58:10',NULL,6001,3874,3587),(1078,'2021-11-26 22:58:10',NULL,6001,3874,3588),(1079,'2021-11-26 22:58:10',NULL,6001,3874,3592),(1080,'2021-11-26 22:58:10',NULL,6001,3874,3595),(1081,'2021-11-26 22:58:10',NULL,6001,3874,3596),(1082,'2021-11-26 22:58:10',NULL,6001,3874,3604),(1083,'2021-11-26 22:58:10',NULL,6001,3874,3614),(1084,'2021-11-26 22:58:10',NULL,6001,3874,3617),(1085,'2021-11-26 22:58:10',NULL,6001,3874,3621),(1086,'2021-11-26 22:58:10',NULL,6001,3874,3632),(1087,'2021-11-26 22:58:10',NULL,6001,3874,3648),(1088,'2021-11-26 22:58:10',NULL,6001,3874,3650),(1089,'2021-11-26 22:58:10',NULL,6001,3874,3662),(1090,'2021-11-26 22:58:10',NULL,6001,3874,3663),(1091,'2021-11-26 22:58:10',NULL,6001,3874,3672),(1092,'2021-11-26 22:58:10',NULL,6001,3874,3680),(1093,'2021-11-26 22:58:10',NULL,6001,3874,3684),(1094,'2021-11-26 22:58:10',NULL,6001,3874,3686),(1095,'2021-11-26 22:58:10',NULL,6001,3874,3724),(1096,'2021-11-26 22:58:10',NULL,6001,3874,3733),(1097,'2021-11-26 22:58:10',NULL,6001,3874,3736),(1098,'2021-11-26 22:58:10',NULL,6001,3874,3752),(1099,'2021-11-26 22:58:10',NULL,6001,3874,3761),(1100,'2021-11-26 22:58:10',NULL,6001,3874,3767),(1101,'2021-11-26 22:58:10',NULL,6001,3874,3771),(1102,'2021-11-26 22:58:10',NULL,6001,3874,3772),(1103,'2021-11-26 22:58:10',NULL,6001,3874,3779),(1104,'2021-11-26 22:58:10',NULL,6001,3874,3780),(1105,'2021-11-26 22:58:10',NULL,6001,3874,3787),(1106,'2021-11-26 22:58:10',NULL,6001,3874,3790),(1107,'2021-11-26 22:58:10',NULL,6001,3874,3795),(1108,'2021-11-26 22:58:10',NULL,6001,3874,3796),(1109,'2021-11-26 22:58:10',NULL,6001,3874,3798),(1110,'2021-11-26 22:58:10',NULL,6001,3874,3800),(1111,'2021-11-26 22:58:10',NULL,6001,3874,3815),(1112,'2021-11-26 22:58:10',NULL,6001,3874,3818),(1113,'2021-11-26 22:58:10',NULL,6001,3874,3834),(1114,'2021-11-26 22:58:10',NULL,6001,3874,3841),(1115,'2021-11-26 22:58:10',NULL,6001,3874,3845),(1116,'2021-11-26 22:58:10',NULL,6001,3874,3849),(1117,'2021-11-26 22:58:10',NULL,6001,3874,3864),(1118,'2021-11-26 22:58:10',NULL,6001,3874,3879),(1119,'2021-11-26 22:58:10',NULL,6001,3874,3896),(1120,'2021-11-26 22:58:10',NULL,6001,3874,3901),(1121,'2021-11-26 22:58:10',NULL,6001,3874,3902),(1122,'2021-11-26 22:58:10',NULL,6001,3874,3903),(1123,'2021-11-26 22:58:10',NULL,6001,3874,3907),(1124,'2021-11-26 22:58:10',NULL,6001,3874,3908),(1125,'2021-11-26 22:58:10',NULL,6001,3874,3909),(1126,'2021-11-26 22:58:10',NULL,6001,3874,3911),(1127,'2021-11-26 22:58:10',NULL,6001,3874,3919),(1128,'2021-11-26 22:58:10',NULL,6001,3874,3923),(1129,'2021-11-26 22:58:10',NULL,6001,3874,3925),(1130,'2021-11-26 22:58:10',NULL,6001,3874,3933),(1131,'2021-11-26 22:58:10',NULL,6001,3874,3937),(1132,'2021-11-26 22:58:10',NULL,6001,3874,3940),(1133,'2021-11-26 22:58:10',NULL,6001,3874,3948),(1134,'2021-11-26 22:58:10',NULL,6001,3874,3949),(1135,'2021-11-26 22:58:10',NULL,6001,3874,3955),(1136,'2021-11-26 22:58:10',NULL,6001,3874,3961),(1137,'2021-11-26 22:58:10',NULL,6001,3874,3962),(1138,'2021-11-26 22:58:10',NULL,6001,3874,3976),(1139,'2021-11-26 22:58:10',NULL,6001,3874,3978),(1140,'2021-11-26 22:58:10',NULL,6001,3874,3985),(1141,'2021-11-26 22:58:10',NULL,6001,3874,3987),(1142,'2021-11-26 22:58:10',NULL,6001,3874,3994);
/*!40000 ALTER TABLE `Session` ENABLE KEYS */;
UNLOCK TABLES;

--
-- Table structure for table `Student`
--

DROP TABLE IF EXISTS `Student`;
/*!40101 SET @saved_cs_client     = @@character_set_client */;
/*!50503 SET character_set_client = utf8mb4 */;
CREATE TABLE `Student` (
  `studentNo` int(11) NOT NULL,
  `name` varchar(45) NOT NULL,
  `dateOfBirth` varchar(45) DEFAULT NULL,
  `school` varchar(45) DEFAULT NULL,
  `currentYear` varchar(45) DEFAULT NULL,
  `emailAddress` varchar(45) NOT NULL,
  `password` varchar(45) NOT NULL,
  PRIMARY KEY (`studentNo`)
) ENGINE=InnoDB DEFAULT CHARSET=utf8;
/*!40101 SET character_set_client = @saved_cs_client */;

--
-- Dumping data for table `Student`
--

LOCK TABLES `Student` WRITE;
/*!40000 ALTER TABLE `Student` DISABLE KEYS */;
INSERT INTO `Student` VALUES (3000,'Student1','1999-03-12','Western','2nd Year','3western000@wes.ca','OL8482X66'),(3001,'Student2','2003-11-16','uOttawa','2nd Year','3uottawa001@uot.ca','FN8165Z34'),(3002,'Student3','1999-11-01','Western','3rd Year','3western002@wes.ca','TE4687C38'),(3003,'Student4','1999-01-02','Western','1st Year','3western003@wes.ca','BR9977M24'),(3004,'Student5','2003-09-21','York','1st Year','3york004@yor.ca','JW8567M58'),(3005,'Student6','2000-05-29','Ryerson','3rd Year','3ryerson005@rye.ca','WO6366X88'),(3006,'Student7','2001-01-15','uOttawa','5th Year','3uottawa006@uot.ca','WM6178H51'),(3007,'Student8','1999-08-31','York','3rd Year','3york007@yor.ca','MN2288W87'),(3008,'Student9','2001-07-16','York','1st Year','3york008@yor.ca','RI6877E96'),(3009,'Student10','1999-02-27','uOttawa','3rd Year','3uottawa009@uot.ca','CZ3882V90'),(3010,'Student11','2002-08-06','Ryerson','5th Year','3ryerson010@rye.ca','QW2589E79'),(3011,'Student12','2002-07-28','Waterloo','3rd Year','3waterloo011@wat.ca','II3265X32'),(3012,'Student13','2003-10-02','Waterloo','1st Year','3waterloo012@wat.ca','HN9777P47'),(3013,'Student14','2002-12-25','Windsor','1st Year','3windsor013@win.ca','PS6165D99'),(3014,'Student15','2003-02-13','York','5th Year','3york014@yor.ca','KG9681Y24'),(3015,'Student16','1999-09-17','uOttawa','5th Year','3uottawa015@uot.ca','NF4777U36'),(3016,'Student17','2002-10-10','Western','1st Year','3western016@wes.ca','XA4782K87'),(3017,'Student18','2000-09-26','uOttawa','3rd Year','3uottawa017@uot.ca','NB5378Z27'),(3018,'Student19','2002-06-26','uOttawa','3rd Year','3uottawa018@uot.ca','YJ4666Y54'),(3019,'Student20','2000-09-10','Queens','1st Year','3queens019@que.ca','RE3567H64'),(3020,'Student21','1999-10-17','Ryerson','1st Year','3ryerson020@rye.ca','AO9265Q90'),(3021,'Student22','2002-05-16','Waterloo','5th Year','3waterloo021@wat.ca','WW9790F19'),(3022,'Student23','2002-10-10','Ryerson','5th Year','3ryerson022@rye.ca','EZ4277D81'),(3023,'Student24','2001-08-26','uOttawa','5th Year','3uottawa023@uot.ca','BO8584H33'),(3024,'Student25','2003-03-09','Waterloo','5th Year','3waterloo024@wat.ca','LK3388S67'),(3025,'Student26','1999-04-14','Western','1st Year','3western025@wes.ca','GV5484D58'),(3026,'Student27','1999-08-12','Waterloo','5th Year','3waterloo026@wat.ca','MU2380E53'),(3027,'Student28','2003-09-24','Western','2nd Year','3western027@wes.ca','FC1788U85'),(3028,'Student29','2000-09-24','Windsor','2nd Year','3windsor028@win.ca','CJ7888B50'),(3029,'Student30','2002-03-06','Queens','3rd Year','3queens029@que.ca','MU6677M19'),(3030,'Student31','1999-06-22','Waterloo','5th Year','3waterloo030@wat.ca','ZX8668B53'),(3031,'Student32','2003-12-26','Windsor','5th Year','3windsor031@win.ca','IB9178Z51'),(3032,'Student33','2001-04-27','Windsor','3rd Year','3windsor032@win.ca','TD3971E48'),(3033,'Student34','2001-12-06','York','2nd Year','3york033@yor.ca','OG7582N27'),(3034,'Student35','2003-02-12','Western','2nd Year','3western034@wes.ca','NP2886F57'),(3035,'Student36','2003-11-16','Waterloo','2nd Year','3waterloo035@wat.ca','NW9376G61'),(3036,'Student37','2003-02-22','York','3rd Year','3york036@yor.ca','JU3189S13'),(3037,'Student38','2001-02-21','Windsor','3rd Year','3windsor037@win.ca','JL3375Y37'),(3038,'Student39','2001-03-04','York','2nd Year','3york038@yor.ca','KV7286M74'),(3039,'Student40','2000-08-12','Queens','3rd Year','3queens039@que.ca','IB8071I25'),(3040,'Student41','2002-11-13','Waterloo','5th Year','3waterloo040@wat.ca','DC2172I92'),(3041,'Student42','1999-12-02','Windsor','3rd Year','3windsor041@win.ca','KA9768Q21'),(3042,'Student43','2000-04-17','Waterloo','3rd Year','3waterloo042@wat.ca','SL1489M80'),(3043,'Student44','2000-09-03','Ryerson','3rd Year','3ryerson043@rye.ca','QK4680P67'),(3044,'Student45','2000-10-11','Waterloo','2nd Year','3waterloo044@wat.ca','OQ7079R73'),(3045,'Student46','2001-01-07','Waterloo','2nd Year','3waterloo045@wat.ca','MQ6078Y66'),(3046,'Student47','2000-04-04','York','3rd Year','3york046@yor.ca','DU3286E30'),(3047,'Student48','2002-09-18','York','2nd Year','3york047@yor.ca','YI7980A14'),(3048,'Student49','2003-12-05','Waterloo','1st Year','3waterloo048@wat.ca','CX2165O29'),(3049,'Student50','2002-11-11','Ryerson','5th Year','3ryerson049@rye.ca','BY3188C94'),(3050,'Student51','1999-01-08','Ryerson','5th Year','3ryerson050@rye.ca','WU6690A12'),(3051,'Student52','2003-12-02','uOttawa','2nd Year','3uottawa051@uot.ca','QP3267A40'),(3052,'Student53','2003-07-05','Windsor','2nd Year','3windsor052@win.ca','YC4673V35'),(3053,'Student54','1999-01-07','Waterloo','1st Year','3waterloo053@wat.ca','TP9472O49'),(3054,'Student55','2002-01-10','Queens','5th Year','3queens054@que.ca','QB3287M57'),(3055,'Student56','2000-10-02','uOttawa','2nd Year','3uottawa055@uot.ca','ZP3776I99'),(3056,'Student57','2001-04-19','Western','5th Year','3western056@wes.ca','BH5674J22'),(3057,'Student58','2000-02-22','Queens','3rd Year','3queens057@que.ca','ES2387W53'),(3058,'Student59','2002-02-12','Ryerson','1st Year','3ryerson058@rye.ca','GO2087M79'),(3059,'Student60','2000-09-07','York','3rd Year','3york059@yor.ca','RT1785R83'),(3060,'Student61','2000-06-10','Waterloo','1st Year','3waterloo060@wat.ca','HE4285J30'),(3061,'Student62','2003-03-20','Waterloo','1st Year','3waterloo061@wat.ca','CE3174R61'),(3062,'Student63','2002-08-11','uOttawa','3rd Year','3uottawa062@uot.ca','HG2270T31'),(3063,'Student64','2003-12-15','Queens','3rd Year','3queens063@que.ca','SP5085Z86'),(3064,'Student65','2003-12-22','Ryerson','5th Year','3ryerson064@rye.ca','GD5390Q10'),(3065,'Student66','2003-01-09','Windsor','3rd Year','3windsor065@win.ca','PC7984V46'),(3066,'Student67','1999-01-22','Ryerson','1st Year','3ryerson066@rye.ca','WI4689I81'),(3067,'Student68','1999-09-19','York','2nd Year','3york067@yor.ca','QG2185I23'),(3068,'Student69','2003-09-15','Western','3rd Year','3western068@wes.ca','NX1575T97'),(3069,'Student70','1999-01-08','Waterloo','2nd Year','3waterloo069@wat.ca','VE2175T39'),(3070,'Student71','2001-03-03','Western','1st Year','3western070@wes.ca','UC3683V14'),(3071,'Student72','2002-11-13','uOttawa','1st Year','3uottawa071@uot.ca','MP8172H44'),(3072,'Student73','2001-10-23','Waterloo','1st Year','3waterloo072@wat.ca','DD4971Y99'),(3073,'Student74','2001-10-06','Queens','1st Year','3queens073@que.ca','RX4465G60'),(3074,'Student75','2003-07-19','Western','3rd Year','3western074@wes.ca','HN1765H34'),(3075,'Student76','2000-10-29','York','5th Year','3york075@yor.ca','GX2965W29'),(3076,'Student77','2003-06-12','Queens','3rd Year','3queens076@que.ca','AP2967C87'),(3077,'Student78','2002-07-14','Waterloo','3rd Year','3waterloo077@wat.ca','IJ3187P61'),(3078,'Student79','2001-07-16','Ryerson','5th Year','3ryerson078@rye.ca','MY7766D63'),(3079,'Student80','2001-07-22','Windsor','3rd Year','3windsor079@win.ca','KE1380V41'),(3080,'Student81','1999-12-05','Windsor','1st Year','3windsor080@win.ca','IE8988H77'),(3081,'Student82','2000-09-12','Ryerson','3rd Year','3ryerson081@rye.ca','RE3668F15'),(3082,'Student83','2000-06-12','Ryerson','2nd Year','3ryerson082@rye.ca','CY4187V25'),(3083,'Student84','2002-07-12','uOttawa','2nd Year','3uottawa083@uot.ca','WW2081G52'),(3084,'Student85','1999-09-20','Queens','1st Year','3queens084@que.ca','LL4688F22'),(3085,'Student86','2001-01-31','Ryerson','2nd Year','3ryerson085@rye.ca','YK4680L28'),(3086,'Student87','2001-03-02','Queens','1st Year','3queens086@que.ca','TJ2474N25'),(3087,'Student88','2002-08-28','Western','3rd Year','3western087@wes.ca','XM8578G28'),(3088,'Student89','2003-08-10','Ryerson','2nd Year','3ryerson088@rye.ca','KV1972O28'),(3089,'Student90','2002-07-06','Western','2nd Year','3western089@wes.ca','PW8279L21'),(3090,'Student91','1999-08-07','Waterloo','2nd Year','3waterloo090@wat.ca','EU8085X67'),(3091,'Student92','2001-10-19','Queens','3rd Year','3queens091@que.ca','BB2870O92'),(3092,'Student93','2001-06-14','Waterloo','5th Year','3waterloo092@wat.ca','ZG5084W33'),(3093,'Student94','1999-12-18','Queens','5th Year','3queens093@que.ca','XK5969K55'),(3094,'Student95','2002-02-13','Windsor','5th Year','3windsor094@win.ca','GS1577B78'),(3095,'Student96','1999-03-01','Waterloo','2nd Year','3waterloo095@wat.ca','HJ7785D30'),(3096,'Student97','2002-02-18','Windsor','3rd Year','3windsor096@win.ca','AC8577K57'),(3097,'Student98','2002-07-10','Western','2nd Year','3western097@wes.ca','FK6982E81'),(3098,'Student99','1999-02-06','uOttawa','1st Year','3uottawa098@uot.ca','UR6284U48'),(3099,'Student100','1999-06-15','Queens','5th Year','3queens099@que.ca','AC2489O39'),(3100,'Student101','2001-10-18','Western','5th Year','3western100@wes.ca','JB2166V33'),(3101,'Student102','2001-06-09','York','3rd Year','3york101@yor.ca','OC5376W42'),(3102,'Student103','2000-10-30','Western','2nd Year','3western102@wes.ca','FJ9579B68'),(3103,'Student104','2002-05-21','York','2nd Year','3york103@yor.ca','MN9577L56'),(3104,'Student105','2003-11-07','Windsor','1st Year','3windsor104@win.ca','BC9966R22'),(3105,'Student106','2002-02-12','Windsor','5th Year','3windsor105@win.ca','II6785O97'),(3106,'Student107','1999-01-01','Windsor','5th Year','3windsor106@win.ca','ZY2988H89'),(3107,'Student108','2003-10-01','Ryerson','3rd Year','3ryerson107@rye.ca','BB5785I43'),(3108,'Student109','2002-07-05','Windsor','3rd Year','3windsor108@win.ca','GC3770X53'),(3109,'Student110','2002-02-22','Ryerson','3rd Year','3ryerson109@rye.ca','AO8179L24'),(3110,'Student111','1999-11-17','Western','1st Year','3western110@wes.ca','SX8071U40'),(3111,'Student112','2000-06-06','uOttawa','5th Year','3uottawa111@uot.ca','HV1277Z43'),(3112,'Student113','1999-11-05','Ryerson','3rd Year','3ryerson112@rye.ca','VJ2969W86'),(3113,'Student114','2003-03-30','Windsor','2nd Year','3windsor113@win.ca','CH3588K45'),(3114,'Student115','2000-09-05','York','3rd Year','3york114@yor.ca','PD2987E36'),(3115,'Student116','2002-08-13','uOttawa','5th Year','3uottawa115@uot.ca','AM7179L79'),(3116,'Student117','2000-01-04','Western','2nd Year','3western116@wes.ca','IN8879J74'),(3117,'Student118','2001-09-08','Ryerson','2nd Year','3ryerson117@rye.ca','IK2379W82'),(3118,'Student119','1999-05-27','Waterloo','3rd Year','3waterloo118@wat.ca','BU8690I58'),(3119,'Student120','2000-04-27','uOttawa','2nd Year','3uottawa119@uot.ca','VX2287T42'),(3120,'Student121','2003-06-23','Queens','1st Year','3queens120@que.ca','QW7269Q45'),(3121,'Student122','2000-11-14','Queens','1st Year','3queens121@que.ca','CB4283R21'),(3122,'Student123','2001-03-08','uOttawa','5th Year','3uottawa122@uot.ca','OO5674H70'),(3123,'Student124','1999-08-09','Windsor','2nd Year','3windsor123@win.ca','DG8482W98'),(3124,'Student125','1999-04-20','York','5th Year','3york124@yor.ca','DW8973M46'),(3125,'Student126','2001-06-20','Ryerson','2nd Year','3ryerson125@rye.ca','OI4372F85'),(3126,'Student127','2003-12-18','Waterloo','5th Year','3waterloo126@wat.ca','BK6384G57'),(3127,'Student128','2001-08-06','uOttawa','2nd Year','3uottawa127@uot.ca','TD6777C53'),(3128,'Student129','1999-02-24','Queens','3rd Year','3queens128@que.ca','GU2669I16'),(3129,'Student130','2002-09-09','York','5th Year','3york129@yor.ca','AT6272M82'),(3130,'Student131','2003-05-14','Ryerson','2nd Year','3ryerson130@rye.ca','OP1982R91'),(3131,'Student132','2000-05-04','Western','3rd Year','3western131@wes.ca','RO4569U90'),(3132,'Student133','2002-08-25','Windsor','5th Year','3windsor132@win.ca','DL2376Q40'),(3133,'Student134','2003-05-09','York','2nd Year','3york133@yor.ca','VS5571A97'),(3134,'Student135','2001-07-17','Waterloo','2nd Year','3waterloo134@wat.ca','TF6288D91'),(3135,'Student136','1999-01-08','uOttawa','5th Year','3uottawa135@uot.ca','TG6986M27'),(3136,'Student137','2000-01-13','Western','2nd Year','3western136@wes.ca','KF6669B30'),(3137,'Student138','2000-08-01','Waterloo','3rd Year','3waterloo137@wat.ca','YO2286Z96'),(3138,'Student139','2000-07-20','Queens','2nd Year','3queens138@que.ca','FG5481T27'),(3139,'Student140','1999-08-21','York','2nd Year','3york139@yor.ca','HI5572T47'),(3140,'Student141','1999-05-13','Ryerson','1st Year','3ryerson140@rye.ca','TS7683Y99'),(3141,'Student142','1999-11-29','Ryerson','3rd Year','3ryerson141@rye.ca','ZX1778A78'),(3142,'Student143','1999-08-16','Waterloo','1st Year','3waterloo142@wat.ca','MG6778Z12'),(3143,'Student144','2001-02-12','Windsor','2nd Year','3windsor143@win.ca','JW3178X47'),(3144,'Student145','2003-06-30','uOttawa','5th Year','3uottawa144@uot.ca','LN1889E79'),(3145,'Student146','1999-06-14','York','1st Year','3york145@yor.ca','TX8267P48'),(3146,'Student147','2000-09-17','Ryerson','2nd Year','3ryerson146@rye.ca','BJ2181E58'),(3147,'Student148','2003-06-28','Waterloo','2nd Year','3waterloo147@wat.ca','XM8166H32'),(3148,'Student149','2002-08-25','Western','5th Year','3western148@wes.ca','XE3368P94'),(3149,'Student150','2001-09-19','Queens','1st Year','3queens149@que.ca','AM6488Y14'),(3150,'Student151','2003-05-25','Ryerson','5th Year','3ryerson150@rye.ca','QX5081B72'),(3151,'Student152','2000-09-18','Ryerson','2nd Year','3ryerson151@rye.ca','RG9276H58'),(3152,'Student153','2000-09-27','Western','3rd Year','3western152@wes.ca','KY5175H66'),(3153,'Student154','2003-09-04','uOttawa','2nd Year','3uottawa153@uot.ca','ST5572H98'),(3154,'Student155','1999-02-10','Western','1st Year','3western154@wes.ca','ES8974X35'),(3155,'Student156','2002-05-28','Windsor','3rd Year','3windsor155@win.ca','UG5784K32'),(3156,'Student157','2002-05-09','uOttawa','1st Year','3uottawa156@uot.ca','NT7881R89'),(3157,'Student158','2001-09-19','York','5th Year','3york157@yor.ca','QX3382B66'),(3158,'Student159','1999-08-06','Queens','3rd Year','3queens158@que.ca','VL8186Q98'),(3159,'Student160','2003-08-13','York','5th Year','3york159@yor.ca','QJ6678J64'),(3160,'Student161','2001-11-26','Queens','2nd Year','3queens160@que.ca','DE4584J84'),(3161,'Student162','2003-01-24','York','2nd Year','3york161@yor.ca','VD8290K26'),(3162,'Student163','2003-01-30','uOttawa','3rd Year','3uottawa162@uot.ca','AR4587S79'),(3163,'Student164','2002-01-20','Western','5th Year','3western163@wes.ca','YS4379P87'),(3164,'Student165','2002-06-21','Windsor','5th Year','3windsor164@win.ca','HF9065D98'),(3165,'Student166','2003-04-15','Queens','3rd Year','3queens165@que.ca','CP9788H64'),(3166,'Student167','2002-01-24','Waterloo','3rd Year','3waterloo166@wat.ca','PJ6283X60'),(3167,'Student168','2000-09-30','Queens','1st Year','3queens167@que.ca','KY7381D64'),(3168,'Student169','2002-07-28','Waterloo','2nd Year','3waterloo168@wat.ca','IA5672Q53'),(3169,'Student170','2000-08-30','Ryerson','2nd Year','3ryerson169@rye.ca','DM7365W74'),(3170,'Student171','1999-01-18','Ryerson','1st Year','3ryerson170@rye.ca','TT3870L63'),(3171,'Student172','2002-08-13','Waterloo','1st Year','3waterloo171@wat.ca','KA9165C28'),(3172,'Student173','2001-04-21','Ryerson','3rd Year','3ryerson172@rye.ca','AZ6985A60'),(3173,'Student174','1999-11-03','York','5th Year','3york173@yor.ca','XM8671H80'),(3174,'Student175','1999-11-27','Windsor','5th Year','3windsor174@win.ca','AV7373C27'),(3175,'Student176','2003-11-11','Waterloo','2nd Year','3waterloo175@wat.ca','MS5874R43'),(3176,'Student177','2001-10-19','Western','2nd Year','3western176@wes.ca','FZ2073K84'),(3177,'Student178','2000-08-25','Western','5th Year','3western177@wes.ca','VK8383Z27'),(3178,'Student179','2002-03-11','Queens','1st Year','3queens178@que.ca','OV1087D40'),(3179,'Student180','2001-09-17','Western','5th Year','3western179@wes.ca','HB4988M42'),(3180,'Student181','2000-03-18','Ryerson','1st Year','3ryerson180@rye.ca','SR4769E22'),(3181,'Student182','1999-04-01','York','1st Year','3york181@yor.ca','VO1470J17'),(3182,'Student183','2000-09-02','Waterloo','3rd Year','3waterloo182@wat.ca','GK1179J52'),(3183,'Student184','2002-12-31','Waterloo','5th Year','3waterloo183@wat.ca','FA6785S67'),(3184,'Student185','2002-05-07','Waterloo','3rd Year','3waterloo184@wat.ca','XA8180E25'),(3185,'Student186','2001-08-17','uOttawa','3rd Year','3uottawa185@uot.ca','FB5074X73'),(3186,'Student187','2003-07-13','Ryerson','3rd Year','3ryerson186@rye.ca','TL8868J70'),(3187,'Student188','1999-11-02','Windsor','2nd Year','3windsor187@win.ca','KE9468C47'),(3188,'Student189','2001-06-21','York','5th Year','3york188@yor.ca','ZT9284O95'),(3189,'Student190','1999-08-06','Western','3rd Year','3western189@wes.ca','HM2272H45'),(3190,'Student191','1999-10-05','Queens','1st Year','3queens190@que.ca','MI2582N97'),(3191,'Student192','2000-03-05','Waterloo','1st Year','3waterloo191@wat.ca','HH6282U95'),(3192,'Student193','2003-11-23','Windsor','3rd Year','3windsor192@win.ca','ZQ3180R54'),(3193,'Student194','2001-02-19','uOttawa','3rd Year','3uottawa193@uot.ca','GB4581G36'),(3194,'Student195','2002-03-02','York','1st Year','3york194@yor.ca','ON4386S60'),(3195,'Student196','2003-09-08','Waterloo','1st Year','3waterloo195@wat.ca','IV3979X17'),(3196,'Student197','2001-12-14','Waterloo','3rd Year','3waterloo196@wat.ca','QT1975X76'),(3197,'Student198','1999-10-30','uOttawa','3rd Year','3uottawa197@uot.ca','SB1579G64'),(3198,'Student199','1999-08-20','Western','3rd Year','3western198@wes.ca','ZZ1086W49'),(3199,'Student200','2003-01-29','Queens','5th Year','3queens199@que.ca','CT3165A63'),(3200,'Student201','2003-11-09','Ryerson','1st Year','3ryerson200@rye.ca','GM8790O93'),(3201,'Student202','1999-11-07','Queens','3rd Year','3queens201@que.ca','MK8566F26'),(3202,'Student203','1999-05-10','Ryerson','1st Year','3ryerson202@rye.ca','DZ2973L70'),(3203,'Student204','2000-01-23','Western','1st Year','3western203@wes.ca','VU7979E66'),(3204,'Student205','2000-08-25','Windsor','1st Year','3windsor204@win.ca','RU8874I76'),(3205,'Student206','2003-12-28','Waterloo','3rd Year','3waterloo205@wat.ca','NQ3180J80'),(3206,'Student207','2000-06-19','Windsor','3rd Year','3windsor206@win.ca','IU5967A95'),(3207,'Student208','1999-05-11','Queens','1st Year','3queens207@que.ca','DN5777G91'),(3208,'Student209','1999-01-19','Ryerson','1st Year','3ryerson208@rye.ca','CF6577A20'),(3209,'Student210','2003-09-26','uOttawa','1st Year','3uottawa209@uot.ca','NM4767Y10'),(3210,'Student211','2002-05-26','Western','3rd Year','3western210@wes.ca','PQ6969O51'),(3211,'Student212','1999-07-20','Waterloo','2nd Year','3waterloo211@wat.ca','UH6681N80'),(3212,'Student213','2002-07-21','Ryerson','1st Year','3ryerson212@rye.ca','QC6869I41'),(3213,'Student214','2000-12-02','York','5th Year','3york213@yor.ca','EJ9290J22'),(3214,'Student215','2002-10-11','York','3rd Year','3york214@yor.ca','WI4283D32'),(3215,'Student216','2002-09-05','Waterloo','2nd Year','3waterloo215@wat.ca','ZY3484X18'),(3216,'Student217','2001-06-19','Ryerson','3rd Year','3ryerson216@rye.ca','CK7979F40'),(3217,'Student218','2003-04-10','York','2nd Year','3york217@yor.ca','MF1278H47'),(3218,'Student219','2001-11-05','York','1st Year','3york218@yor.ca','FS9173O48'),(3219,'Student220','2000-12-24','Windsor','3rd Year','3windsor219@win.ca','LH1183C29'),(3220,'Student221','2000-11-10','Waterloo','1st Year','3waterloo220@wat.ca','UN8665U87'),(3221,'Student222','2000-01-18','Waterloo','1st Year','3waterloo221@wat.ca','HR5789T87'),(3222,'Student223','2002-07-01','Ryerson','2nd Year','3ryerson222@rye.ca','DS7072E80'),(3223,'Student224','2000-03-14','uOttawa','5th Year','3uottawa223@uot.ca','FQ9578X94'),(3224,'Student225','1999-05-18','Waterloo','3rd Year','3waterloo224@wat.ca','RQ2865K49'),(3225,'Student226','2001-02-09','Ryerson','1st Year','3ryerson225@rye.ca','SM2566X75'),(3226,'Student227','2001-02-15','Windsor','2nd Year','3windsor226@win.ca','WP1073H41'),(3227,'Student228','2001-04-26','Windsor','2nd Year','3windsor227@win.ca','NW4265U50'),(3228,'Student229','2002-06-07','uOttawa','1st Year','3uottawa228@uot.ca','XF8070D77'),(3229,'Student230','1999-05-28','Waterloo','2nd Year','3waterloo229@wat.ca','KJ3480X19'),(3230,'Student231','2000-11-12','Western','1st Year','3western230@wes.ca','MX5165M18'),(3231,'Student232','1999-06-16','York','3rd Year','3york231@yor.ca','NG1171M31'),(3232,'Student233','2002-06-08','Ryerson','1st Year','3ryerson232@rye.ca','YU5069G32'),(3233,'Student234','2002-12-10','Windsor','3rd Year','3windsor233@win.ca','LY9181A66'),(3234,'Student235','2000-09-27','Western','1st Year','3western234@wes.ca','HG6689H39'),(3235,'Student236','1999-02-27','Waterloo','5th Year','3waterloo235@wat.ca','YA3889T83'),(3236,'Student237','2000-11-25','Queens','2nd Year','3queens236@que.ca','RN7085I97'),(3237,'Student238','2000-09-13','Windsor','2nd Year','3windsor237@win.ca','UR5074C80'),(3238,'Student239','2000-01-30','Western','5th Year','3western238@wes.ca','YD6368Q21'),(3239,'Student240','2003-06-09','Waterloo','3rd Year','3waterloo239@wat.ca','RJ4271S42'),(3240,'Student241','2003-01-15','Windsor','3rd Year','3windsor240@win.ca','TH3071Z69'),(3241,'Student242','2001-11-21','Waterloo','3rd Year','3waterloo241@wat.ca','PZ6888K54'),(3242,'Student243','2003-08-02','Ryerson','5th Year','3ryerson242@rye.ca','ZP1368O92'),(3243,'Student244','2001-10-19','Waterloo','1st Year','3waterloo243@wat.ca','UE4376M47'),(3244,'Student245','2000-03-03','Waterloo','5th Year','3waterloo244@wat.ca','OO6471N70'),(3245,'Student246','2003-08-15','Waterloo','1st Year','3waterloo245@wat.ca','QC9374I30'),(3246,'Student247','1999-05-31','Waterloo','5th Year','3waterloo246@wat.ca','DL1190A18'),(3247,'Student248','2001-08-23','Ryerson','5th Year','3ryerson247@rye.ca','LN7982O58'),(3248,'Student249','1999-04-14','Windsor','2nd Year','3windsor248@win.ca','XW8687V82'),(3249,'Student250','2000-05-29','uOttawa','1st Year','3uottawa249@uot.ca','JD3574E88'),(3250,'Student251','2000-10-21','Western','1st Year','3western250@wes.ca','LA7882V22'),(3251,'Student252','2001-08-31','Windsor','2nd Year','3windsor251@win.ca','UA7690Z73'),(3252,'Student253','2003-07-17','York','1st Year','3york252@yor.ca','DZ5490A36'),(3253,'Student254','2002-02-12','uOttawa','3rd Year','3uottawa253@uot.ca','YL7278G19'),(3254,'Student255','1999-05-20','Western','2nd Year','3western254@wes.ca','KV6685C97'),(3255,'Student256','2003-11-23','uOttawa','1st Year','3uottawa255@uot.ca','AR3265V54'),(3256,'Student257','2001-12-23','Western','2nd Year','3western256@wes.ca','RP1385U66'),(3257,'Student258','1999-05-19','York','2nd Year','3york257@yor.ca','TK4890M44'),(3258,'Student259','2003-05-31','York','3rd Year','3york258@yor.ca','PX6276Q55'),(3259,'Student260','2002-02-06','Windsor','1st Year','3windsor259@win.ca','NV1067F72'),(3260,'Student261','2002-08-27','Western','5th Year','3western260@wes.ca','MU2180M40'),(3261,'Student262','1999-12-28','Windsor','5th Year','3windsor261@win.ca','BT9175W87'),(3262,'Student263','2000-05-05','Western','5th Year','3western262@wes.ca','LL8469U12'),(3263,'Student264','2003-02-18','Windsor','3rd Year','3windsor263@win.ca','MX6881Z10'),(3264,'Student265','1999-05-14','uOttawa','3rd Year','3uottawa264@uot.ca','LC2068F82'),(3265,'Student266','2003-02-28','York','5th Year','3york265@yor.ca','TU4382Z38'),(3266,'Student267','2001-02-03','York','1st Year','3york266@yor.ca','BQ2974Y61'),(3267,'Student268','2002-11-29','Waterloo','5th Year','3waterloo267@wat.ca','BP1289I35'),(3268,'Student269','1999-03-09','Queens','1st Year','3queens268@que.ca','XX9073J11'),(3269,'Student270','2003-05-08','Queens','1st Year','3queens269@que.ca','MU3183U99'),(3270,'Student271','2000-12-22','uOttawa','3rd Year','3uottawa270@uot.ca','DI2269D30'),(3271,'Student272','2003-03-16','Queens','1st Year','3queens271@que.ca','KX7081O81'),(3272,'Student273','2003-02-03','uOttawa','5th Year','3uottawa272@uot.ca','DL7774Y30'),(3273,'Student274','2001-03-05','York','3rd Year','3york273@yor.ca','ZA8565H62'),(3274,'Student275','2003-11-10','Waterloo','5th Year','3waterloo274@wat.ca','KQ6485X17'),(3275,'Student276','2001-10-15','Ryerson','3rd Year','3ryerson275@rye.ca','KP1288N41'),(3276,'Student277','2002-04-12','Waterloo','5th Year','3waterloo276@wat.ca','CR7879W85'),(3277,'Student278','1999-10-06','York','3rd Year','3york277@yor.ca','LO1382F39'),(3278,'Student279','2003-06-17','uOttawa','2nd Year','3uottawa278@uot.ca','JG5666U33'),(3279,'Student280','2002-01-02','Western','1st Year','3western279@wes.ca','WZ2866Q86'),(3280,'Student281','2000-07-19','Queens','2nd Year','3queens280@que.ca','IZ3566F85'),(3281,'Student282','2003-05-08','Waterloo','1st Year','3waterloo281@wat.ca','IC5770V22'),(3282,'Student283','2002-11-10','York','3rd Year','3york282@yor.ca','OA6690I29'),(3283,'Student284','2002-07-12','Western','5th Year','3western283@wes.ca','CW5680L57'),(3284,'Student285','2000-05-01','Windsor','3rd Year','3windsor284@win.ca','DJ5478W76'),(3285,'Student286','1999-07-25','Windsor','1st Year','3windsor285@win.ca','TL3988O53'),(3286,'Student287','2002-02-08','Waterloo','5th Year','3waterloo286@wat.ca','AG1985Q21'),(3287,'Student288','2001-01-11','York','2nd Year','3york287@yor.ca','SQ4265I89'),(3288,'Student289','2001-03-09','Waterloo','3rd Year','3waterloo288@wat.ca','MB3282O57'),(3289,'Student290','1999-01-21','Waterloo','5th Year','3waterloo289@wat.ca','LZ4972D74'),(3290,'Student291','1999-10-30','York','1st Year','3york290@yor.ca','OL7377V59'),(3291,'Student292','2002-07-11','uOttawa','1st Year','3uottawa291@uot.ca','DZ5388H66'),(3292,'Student293','2002-10-18','Queens','1st Year','3queens292@que.ca','QE1174J91'),(3293,'Student294','2002-02-18','Ryerson','3rd Year','3ryerson293@rye.ca','ML7973F39'),(3294,'Student295','1999-12-22','Ryerson','2nd Year','3ryerson294@rye.ca','IX4680J70'),(3295,'Student296','2003-03-05','Western','5th Year','3western295@wes.ca','XP1583E10'),(3296,'Student297','1999-03-14','Western','5th Year','3western296@wes.ca','XU1178M26'),(3297,'Student298','1999-12-24','Windsor','5th Year','3windsor297@win.ca','MC4773L18'),(3298,'Student299','2000-05-15','Windsor','5th Year','3windsor298@win.ca','RU9078M94'),(3299,'Student300','2003-12-23','Windsor','1st Year','3windsor299@win.ca','SU2388F92'),(3300,'Student301','2000-07-09','uOttawa','5th Year','3uottawa300@uot.ca','IG8490Z47'),(3301,'Student302','2002-07-28','uOttawa','5th Year','3uottawa301@uot.ca','WR1169M62'),(3302,'Student303','2001-01-29','Queens','1st Year','3queens302@que.ca','QU9183X81'),(3303,'Student304','2002-11-01','uOttawa','5th Year','3uottawa303@uot.ca','AZ8476M43'),(3304,'Student305','2003-12-12','uOttawa','3rd Year','3uottawa304@uot.ca','OK6570G20'),(3305,'Student306','1999-01-21','York','1st Year','3york305@yor.ca','PM4578X85'),(3306,'Student307','2000-05-13','Windsor','3rd Year','3windsor306@win.ca','HK7269P70'),(3307,'Student308','1999-10-09','Ryerson','1st Year','3ryerson307@rye.ca','XM7983F10'),(3308,'Student309','1999-02-24','uOttawa','3rd Year','3uottawa308@uot.ca','WX7365H83'),(3309,'Student310','2000-04-19','Queens','2nd Year','3queens309@que.ca','UZ5665I53'),(3310,'Student311','1999-07-23','Queens','5th Year','3queens310@que.ca','GS9586H75'),(3311,'Student312','2002-12-06','Western','3rd Year','3western311@wes.ca','GF4387S51'),(3312,'Student313','2003-10-12','Western','1st Year','3western312@wes.ca','SM3688L72'),(3313,'Student314','2002-02-26','Ryerson','5th Year','3ryerson313@rye.ca','OM2684Q44'),(3314,'Student315','2000-07-25','Ryerson','1st Year','3ryerson314@rye.ca','YQ5379N14'),(3315,'Student316','2000-04-26','York','3rd Year','3york315@yor.ca','LG7986S45'),(3316,'Student317','2003-10-22','Ryerson','3rd Year','3ryerson316@rye.ca','IS7279D62'),(3317,'Student318','2002-07-30','Windsor','2nd Year','3windsor317@win.ca','OZ3477W51'),(3318,'Student319','2003-07-06','Queens','1st Year','3queens318@que.ca','ZT5390J90'),(3319,'Student320','2001-03-02','Western','1st Year','3western319@wes.ca','EM1689W66'),(3320,'Student321','2003-11-17','Windsor','2nd Year','3windsor320@win.ca','YI8285J44'),(3321,'Student322','2001-10-24','Ryerson','3rd Year','3ryerson321@rye.ca','JM8768T24'),(3322,'Student323','2002-09-17','uOttawa','3rd Year','3uottawa322@uot.ca','LX9988V28'),(3323,'Student324','2000-04-29','Western','3rd Year','3western323@wes.ca','ML4067D56'),(3324,'Student325','1999-05-25','Waterloo','5th Year','3waterloo324@wat.ca','QV1269X97'),(3325,'Student326','2000-11-04','Western','3rd Year','3western325@wes.ca','CN7279C86'),(3326,'Student327','2002-06-26','Ryerson','5th Year','3ryerson326@rye.ca','NF3266Y28'),(3327,'Student328','2001-11-09','Windsor','3rd Year','3windsor327@win.ca','PX8585D96'),(3328,'Student329','1999-12-21','Waterloo','3rd Year','3waterloo328@wat.ca','FW6966J85'),(3329,'Student330','2001-11-25','York','5th Year','3york329@yor.ca','AZ9184Z16'),(3330,'Student331','2002-10-15','Ryerson','3rd Year','3ryerson330@rye.ca','EW7275O32'),(3331,'Student332','2001-04-02','York','2nd Year','3york331@yor.ca','AY3381L10'),(3332,'Student333','1999-07-16','Waterloo','5th Year','3waterloo332@wat.ca','CP1289T51'),(3333,'Student334','2002-10-05','Windsor','2nd Year','3windsor333@win.ca','WS7077L60'),(3334,'Student335','2003-03-07','Ryerson','5th Year','3ryerson334@rye.ca','ZK5976T64'),(3335,'Student336','2000-09-27','Windsor','2nd Year','3windsor335@win.ca','VN5088F58'),(3336,'Student337','2000-11-24','Ryerson','3rd Year','3ryerson336@rye.ca','PR3272M83'),(3337,'Student338','2001-06-28','Queens','2nd Year','3queens337@que.ca','ST6570U23'),(3338,'Student339','1999-05-08','uOttawa','2nd Year','3uottawa338@uot.ca','ES5865R46'),(3339,'Student340','2001-07-06','Queens','1st Year','3queens339@que.ca','NV7472C87'),(3340,'Student341','2003-08-19','Western','1st Year','3western340@wes.ca','DG7986M74'),(3341,'Student342','2000-05-22','Waterloo','1st Year','3waterloo341@wat.ca','VD8888K78'),(3342,'Student343','2002-08-18','York','2nd Year','3york342@yor.ca','GD7377D71'),(3343,'Student344','2000-02-14','uOttawa','5th Year','3uottawa343@uot.ca','YK6173S36'),(3344,'Student345','2003-07-06','Windsor','2nd Year','3windsor344@win.ca','XP8785B98'),(3345,'Student346','1999-04-12','York','5th Year','3york345@yor.ca','QF8568O42'),(3346,'Student347','2002-05-13','uOttawa','2nd Year','3uottawa346@uot.ca','SF3070W47'),(3347,'Student348','2000-02-25','uOttawa','1st Year','3uottawa347@uot.ca','MW2774P90'),(3348,'Student349','1999-04-12','York','2nd Year','3york348@yor.ca','NV1169N71'),(3349,'Student350','2001-09-04','Queens','2nd Year','3queens349@que.ca','XJ4970C49'),(3350,'Student351','2000-07-20','uOttawa','2nd Year','3uottawa350@uot.ca','AV4971F85'),(3351,'Student352','2002-05-07','Waterloo','3rd Year','3waterloo351@wat.ca','MX5765N76'),(3352,'Student353','1999-12-20','Queens','3rd Year','3queens352@que.ca','KS8766I78'),(3353,'Student354','1999-07-18','Ryerson','2nd Year','3ryerson353@rye.ca','KY5190N78'),(3354,'Student355','2000-09-07','Waterloo','1st Year','3waterloo354@wat.ca','QC7985U28'),(3355,'Student356','2003-12-26','Queens','2nd Year','3queens355@que.ca','MU3073F76'),(3356,'Student357','2001-01-19','uOttawa','3rd Year','3uottawa356@uot.ca','MN4971E59'),(3357,'Student358','2002-02-25','Waterloo','1st Year','3waterloo357@wat.ca','IH5073J50'),(3358,'Student359','2001-07-03','Ryerson','3rd Year','3ryerson358@rye.ca','FV3569W32'),(3359,'Student360','2000-12-19','York','1st Year','3york359@yor.ca','LF1878K37'),(3360,'Student361','2003-10-05','uOttawa','2nd Year','3uottawa360@uot.ca','RY6586K36'),(3361,'Student362','1999-12-13','York','5th Year','3york361@yor.ca','TL6086C67'),(3362,'Student363','2003-03-27','Queens','5th Year','3queens362@que.ca','NN8971A33'),(3363,'Student364','2002-06-15','Ryerson','5th Year','3ryerson363@rye.ca','CT8177Y21'),(3364,'Student365','2000-05-05','Waterloo','1st Year','3waterloo364@wat.ca','PU3272G94'),(3365,'Student366','2002-11-17','Ryerson','5th Year','3ryerson365@rye.ca','UV2982N58'),(3366,'Student367','2000-05-08','Queens','5th Year','3queens366@que.ca','VS3187J36'),(3367,'Student368','2003-12-12','Ryerson','2nd Year','3ryerson367@rye.ca','DQ8581A54'),(3368,'Student369','2000-10-04','uOttawa','1st Year','3uottawa368@uot.ca','RL1087Y92'),(3369,'Student370','2003-03-30','Ryerson','3rd Year','3ryerson369@rye.ca','WV8969K99'),(3370,'Student371','2000-10-21','Windsor','2nd Year','3windsor370@win.ca','BJ3381Y48'),(3371,'Student372','2003-03-31','Ryerson','3rd Year','3ryerson371@rye.ca','WC9980R90'),(3372,'Student373','2000-11-05','Ryerson','2nd Year','3ryerson372@rye.ca','OS1078C32'),(3373,'Student374','1999-09-24','Waterloo','3rd Year','3waterloo373@wat.ca','AQ5485X71'),(3374,'Student375','2003-12-23','Western','3rd Year','3western374@wes.ca','TM4082E25'),(3375,'Student376','2002-09-29','York','1st Year','3york375@yor.ca','ZD2178Z23'),(3376,'Student377','1999-03-12','Ryerson','1st Year','3ryerson376@rye.ca','LG4083D54'),(3377,'Student378','2003-10-29','Ryerson','2nd Year','3ryerson377@rye.ca','NH1688T56'),(3378,'Student379','1999-07-12','Windsor','5th Year','3windsor378@win.ca','HJ1474Y81'),(3379,'Student380','2002-05-27','Queens','3rd Year','3queens379@que.ca','DA9971Y35'),(3380,'Student381','2001-06-10','Windsor','5th Year','3windsor380@win.ca','VV4770D21'),(3381,'Student382','2002-04-19','Queens','1st Year','3queens381@que.ca','SY5980H31'),(3382,'Student383','2000-08-11','Queens','3rd Year','3queens382@que.ca','ZZ6965N21'),(3383,'Student384','2003-10-05','Windsor','3rd Year','3windsor383@win.ca','OR6265L90'),(3384,'Student385','2000-10-15','Ryerson','1st Year','3ryerson384@rye.ca','LD8585A11'),(3385,'Student386','2001-06-13','uOttawa','2nd Year','3uottawa385@uot.ca','KF2482B41'),(3386,'Student387','2001-09-12','Ryerson','5th Year','3ryerson386@rye.ca','DV6669B27'),(3387,'Student388','2003-01-27','Ryerson','2nd Year','3ryerson387@rye.ca','TE3178Y71'),(3388,'Student389','1999-11-16','Western','2nd Year','3western388@wes.ca','FT7287S97'),(3389,'Student390','2002-01-25','Ryerson','2nd Year','3ryerson389@rye.ca','HJ6376J95'),(3390,'Student391','2000-04-03','Waterloo','1st Year','3waterloo390@wat.ca','GP1675O58'),(3391,'Student392','1999-10-22','Windsor','3rd Year','3windsor391@win.ca','LC2581L91'),(3392,'Student393','2003-03-02','Queens','1st Year','3queens392@que.ca','SM8880L43'),(3393,'Student394','2002-11-28','Ryerson','5th Year','3ryerson393@rye.ca','HI3667C32'),(3394,'Student395','1999-04-15','Ryerson','5th Year','3ryerson394@rye.ca','AL6573R63'),(3395,'Student396','2003-10-06','Waterloo','1st Year','3waterloo395@wat.ca','AZ4484S35'),(3396,'Student397','2000-09-07','Windsor','5th Year','3windsor396@win.ca','BU1273J70'),(3397,'Student398','2000-08-27','Windsor','1st Year','3windsor397@win.ca','LR7081F10'),(3398,'Student399','2003-11-21','Ryerson','1st Year','3ryerson398@rye.ca','EY2989U61'),(3399,'Student400','1999-03-23','Waterloo','1st Year','3waterloo399@wat.ca','FR2773M32'),(3400,'Student401','2001-10-15','Waterloo','3rd Year','3waterloo400@wat.ca','YX9290D33'),(3401,'Student402','2002-05-07','Windsor','1st Year','3windsor401@win.ca','WQ1071S42'),(3402,'Student403','2001-06-30','uOttawa','2nd Year','3uottawa402@uot.ca','SX2768J69'),(3403,'Student404','1999-12-30','Waterloo','2nd Year','3waterloo403@wat.ca','DE7482T86'),(3404,'Student405','2002-02-13','Waterloo','5th Year','3waterloo404@wat.ca','KJ7578S49'),(3405,'Student406','2003-06-29','York','1st Year','3york405@yor.ca','WE2665F36'),(3406,'Student407','2001-02-19','Queens','1st Year','3queens406@que.ca','OX8269Z26'),(3407,'Student408','1999-01-07','Windsor','1st Year','3windsor407@win.ca','WR7076P86'),(3408,'Student409','2000-02-29','York','1st Year','3york408@yor.ca','FD2269Y31'),(3409,'Student410','2001-01-07','Waterloo','5th Year','3waterloo409@wat.ca','XI8382Y34'),(3410,'Student411','2003-11-16','Waterloo','3rd Year','3waterloo410@wat.ca','VP9870L50'),(3411,'Student412','2002-08-10','uOttawa','2nd Year','3uottawa411@uot.ca','ZN8668A39'),(3412,'Student413','2001-11-24','Queens','1st Year','3queens412@que.ca','WC5977Q48'),(3413,'Student414','2002-08-26','Queens','3rd Year','3queens413@que.ca','DH8485Y20'),(3414,'Student415','2003-09-19','Waterloo','2nd Year','3waterloo414@wat.ca','GU8571A52'),(3415,'Student416','2001-08-10','uOttawa','3rd Year','3uottawa415@uot.ca','OY9568N57'),(3416,'Student417','2000-11-18','Waterloo','2nd Year','3waterloo416@wat.ca','AI8684O72'),(3417,'Student418','2000-12-02','Windsor','5th Year','3windsor417@win.ca','AT4388D65'),(3418,'Student419','1999-12-05','Western','3rd Year','3western418@wes.ca','RW6688U70'),(3419,'Student420','2000-09-05','Western','3rd Year','3western419@wes.ca','DK1288Q79'),(3420,'Student421','1999-06-20','Waterloo','5th Year','3waterloo420@wat.ca','YS6483D99'),(3421,'Student422','2002-03-01','Ryerson','2nd Year','3ryerson421@rye.ca','SP8490R70'),(3422,'Student423','2002-03-16','Windsor','5th Year','3windsor422@win.ca','EJ6382T96'),(3423,'Student424','2001-01-29','Ryerson','2nd Year','3ryerson423@rye.ca','AM4065M31'),(3424,'Student425','2002-09-10','Windsor','3rd Year','3windsor424@win.ca','OK6090X56'),(3425,'Student426','1999-10-19','Ryerson','3rd Year','3ryerson425@rye.ca','SH1080I80'),(3426,'Student427','2003-10-24','Queens','5th Year','3queens426@que.ca','CF1882X83'),(3427,'Student428','2000-07-30','Windsor','3rd Year','3windsor427@win.ca','MA9578R44'),(3428,'Student429','2000-04-27','uOttawa','5th Year','3uottawa428@uot.ca','EO7476L81'),(3429,'Student430','2001-03-12','Windsor','1st Year','3windsor429@win.ca','PO1074F70'),(3430,'Student431','2000-06-08','Ryerson','2nd Year','3ryerson430@rye.ca','NU5777C40'),(3431,'Student432','2000-03-27','York','3rd Year','3york431@yor.ca','ZE8478A35'),(3432,'Student433','2001-10-18','Windsor','5th Year','3windsor432@win.ca','JH5080Q70'),(3433,'Student434','2001-12-24','Western','2nd Year','3western433@wes.ca','YN4079W73'),(3434,'Student435','2000-04-23','Ryerson','3rd Year','3ryerson434@rye.ca','ON7785B47'),(3435,'Student436','2003-10-04','Queens','5th Year','3queens435@que.ca','HM2266Y12'),(3436,'Student437','1999-05-04','uOttawa','3rd Year','3uottawa436@uot.ca','LD7381C62'),(3437,'Student438','2003-12-06','Waterloo','1st Year','3waterloo437@wat.ca','OM3771E26'),(3438,'Student439','2000-09-08','uOttawa','5th Year','3uottawa438@uot.ca','CZ6186R22'),(3439,'Student440','2002-12-08','York','3rd Year','3york439@yor.ca','AW7372N78'),(3440,'Student441','1999-09-08','Ryerson','2nd Year','3ryerson440@rye.ca','BR8688F59'),(3441,'Student442','2001-04-13','York','1st Year','3york441@yor.ca','ZB9365F76'),(3442,'Student443','2003-03-15','Western','3rd Year','3western442@wes.ca','TX4386X88'),(3443,'Student444','2003-01-17','Western','1st Year','3western443@wes.ca','NX8389R18'),(3444,'Student445','1999-11-26','Queens','1st Year','3queens444@que.ca','OW3068L38'),(3445,'Student446','2000-06-25','Windsor','5th Year','3windsor445@win.ca','BE8172F18'),(3446,'Student447','2000-02-20','York','3rd Year','3york446@yor.ca','KJ3978C45'),(3447,'Student448','1999-01-14','Ryerson','5th Year','3ryerson447@rye.ca','QU9383U39'),(3448,'Student449','2001-04-08','Ryerson','5th Year','3ryerson448@rye.ca','GG1776L51'),(3449,'Student450','2003-09-14','Western','3rd Year','3western449@wes.ca','SW2168X75'),(3450,'Student451','2001-01-24','uOttawa','2nd Year','3uottawa450@uot.ca','GU8177R61'),(3451,'Student452','2003-12-02','Queens','5th Year','3queens451@que.ca','YO5173W54'),(3452,'Student453','2001-08-08','uOttawa','3rd Year','3uottawa452@uot.ca','GO2284K59'),(3453,'Student454','2001-10-01','Ryerson','3rd Year','3ryerson453@rye.ca','KF8877K75'),(3454,'Student455','2000-02-18','Ryerson','2nd Year','3ryerson454@rye.ca','KJ2282K46'),(3455,'Student456','2000-03-16','Windsor','2nd Year','3windsor455@win.ca','NK7784O65'),(3456,'Student457','1999-08-22','Waterloo','1st Year','3waterloo456@wat.ca','KY9069O92'),(3457,'Student458','1999-04-17','Western','2nd Year','3western457@wes.ca','PC3887G57'),(3458,'Student459','2002-09-18','Ryerson','1st Year','3ryerson458@rye.ca','VW1884U36'),(3459,'Student460','2003-10-25','York','2nd Year','3york459@yor.ca','IN6989U19'),(3460,'Student461','2000-03-04','Queens','1st Year','3queens460@que.ca','IB8982X98'),(3461,'Student462','2001-03-16','Western','1st Year','3western461@wes.ca','DI8269U41'),(3462,'Student463','2003-02-04','Ryerson','2nd Year','3ryerson462@rye.ca','KL1668E33'),(3463,'Student464','2000-01-13','Western','3rd Year','3western463@wes.ca','AG9888H54'),(3464,'Student465','1999-11-24','Queens','1st Year','3queens464@que.ca','BK3086F44'),(3465,'Student466','2001-10-22','Waterloo','3rd Year','3waterloo465@wat.ca','OH2981U53'),(3466,'Student467','2003-02-04','Waterloo','2nd Year','3waterloo466@wat.ca','DJ4084T57'),(3467,'Student468','2002-10-10','Western','3rd Year','3western467@wes.ca','DB2975V67'),(3468,'Student469','2003-07-10','Western','3rd Year','3western468@wes.ca','QF8769B27'),(3469,'Student470','2001-01-01','uOttawa','2nd Year','3uottawa469@uot.ca','ZJ4182C58'),(3470,'Student471','2000-06-07','uOttawa','2nd Year','3uottawa470@uot.ca','CV8183G14'),(3471,'Student472','1999-09-28','Queens','2nd Year','3queens471@que.ca','QL9481Z73'),(3472,'Student473','1999-12-13','Ryerson','3rd Year','3ryerson472@rye.ca','GX8967N54'),(3473,'Student474','2000-07-11','Queens','1st Year','3queens473@que.ca','XD3784T86'),(3474,'Student475','2000-06-23','Waterloo','2nd Year','3waterloo474@wat.ca','HF5186Q20'),(3475,'Student476','2003-03-31','Windsor','2nd Year','3windsor475@win.ca','TN8566R63'),(3476,'Student477','2000-01-17','Windsor','1st Year','3windsor476@win.ca','CP2887Z62'),(3477,'Student478','2002-12-05','Windsor','3rd Year','3windsor477@win.ca','XU3681K15'),(3478,'Student479','2003-12-30','Waterloo','5th Year','3waterloo478@wat.ca','QR4971J18'),(3479,'Student480','1999-10-31','Waterloo','1st Year','3waterloo479@wat.ca','FF2473R41'),(3480,'Student481','2000-01-19','York','2nd Year','3york480@yor.ca','UH8270F17'),(3481,'Student482','1999-09-10','York','5th Year','3york481@yor.ca','JH1470G83'),(3482,'Student483','2001-07-26','Windsor','5th Year','3windsor482@win.ca','EO1769Q94'),(3483,'Student484','2002-06-19','York','2nd Year','3york483@yor.ca','RW5674N50'),(3484,'Student485','2003-02-20','Queens','5th Year','3queens484@que.ca','HB9172C26'),(3485,'Student486','2002-12-11','uOttawa','5th Year','3uottawa485@uot.ca','PG4983I98'),(3486,'Student487','2003-11-21','Ryerson','3rd Year','3ryerson486@rye.ca','MR9690K54'),(3487,'Student488','2003-11-18','uOttawa','3rd Year','3uottawa487@uot.ca','RG7282W98'),(3488,'Student489','2000-04-12','Ryerson','1st Year','3ryerson488@rye.ca','ME6889M19'),(3489,'Student490','2001-01-19','Queens','2nd Year','3queens489@que.ca','RQ4785B13'),(3490,'Student491','2002-08-03','Western','1st Year','3western490@wes.ca','UC4171A60'),(3491,'Student492','2002-07-20','York','3rd Year','3york491@yor.ca','CI6874I14'),(3492,'Student493','2001-02-08','uOttawa','2nd Year','3uottawa492@uot.ca','YI1986D31'),(3493,'Student494','2002-06-18','Western','2nd Year','3western493@wes.ca','QF4080U65'),(3494,'Student495','2000-08-29','Waterloo','2nd Year','3waterloo494@wat.ca','WI3889P16'),(3495,'Student496','2003-01-28','Windsor','2nd Year','3windsor495@win.ca','PU1782I73'),(3496,'Student497','2000-07-24','Windsor','1st Year','3windsor496@win.ca','SS8676Q55'),(3497,'Student498','2001-09-13','Windsor','3rd Year','3windsor497@win.ca','LY1669F75'),(3498,'Student499','2001-02-10','Queens','2nd Year','3queens498@que.ca','US3790T13'),(3499,'Student500','2000-05-10','Western','1st Year','3western499@wes.ca','ON5173Q10'),(3500,'Student501','2002-03-19','Waterloo','3rd Year','3waterloo500@wat.ca','OE4884C23'),(3501,'Student502','1999-03-23','Queens','5th Year','3queens501@que.ca','VN1175T92'),(3502,'Student503','1999-12-14','Windsor','5th Year','3windsor502@win.ca','GV8583S27'),(3503,'Student504','2000-12-15','York','1st Year','3york503@yor.ca','ON9169X90'),(3504,'Student505','2002-02-19','Windsor','2nd Year','3windsor504@win.ca','TP4268S82'),(3505,'Student506','2000-05-19','uOttawa','1st Year','3uottawa505@uot.ca','IV6172I95'),(3506,'Student507','2001-03-01','Western','2nd Year','3western506@wes.ca','MW6070J10'),(3507,'Student508','2002-04-30','York','5th Year','3york507@yor.ca','OR2369S26'),(3508,'Student509','1999-04-16','Western','1st Year','3western508@wes.ca','VZ3172H77'),(3509,'Student510','2002-05-22','Windsor','3rd Year','3windsor509@win.ca','BJ5881V91'),(3510,'Student511','2000-10-01','Windsor','5th Year','3windsor510@win.ca','BS9672N27'),(3511,'Student512','2002-12-23','York','2nd Year','3york511@yor.ca','UH5470S82'),(3512,'Student513','2002-05-07','Waterloo','2nd Year','3waterloo512@wat.ca','CV3167C26'),(3513,'Student514','2002-02-04','uOttawa','5th Year','3uottawa513@uot.ca','LR7771A89'),(3514,'Student515','2001-01-15','Ryerson','3rd Year','3ryerson514@rye.ca','SP4080E55'),(3515,'Student516','2001-07-31','uOttawa','5th Year','3uottawa515@uot.ca','QI5888R93'),(3516,'Student517','1999-05-30','Queens','1st Year','3queens516@que.ca','GZ2171A68'),(3517,'Student518','2003-08-31','Waterloo','3rd Year','3waterloo517@wat.ca','UQ1689U99'),(3518,'Student519','1999-02-06','Waterloo','2nd Year','3waterloo518@wat.ca','UD2184N41'),(3519,'Student520','1999-01-29','uOttawa','5th Year','3uottawa519@uot.ca','KI7374L21'),(3520,'Student521','2003-03-30','Windsor','1st Year','3windsor520@win.ca','JR6690I54'),(3521,'Student522','2001-10-20','uOttawa','1st Year','3uottawa521@uot.ca','FO7575P99'),(3522,'Student523','2003-06-28','uOttawa','3rd Year','3uottawa522@uot.ca','UR3077Q34'),(3523,'Student524','2001-05-02','uOttawa','2nd Year','3uottawa523@uot.ca','LI6688D51'),(3524,'Student525','2003-05-16','York','5th Year','3york524@yor.ca','ZD9368G55'),(3525,'Student526','2003-07-15','Queens','3rd Year','3queens525@que.ca','LE5786A61'),(3526,'Student527','2002-11-18','York','5th Year','3york526@yor.ca','BW6682K77'),(3527,'Student528','1999-07-09','Queens','3rd Year','3queens527@que.ca','PJ1683Z30'),(3528,'Student529','1999-06-25','Waterloo','1st Year','3waterloo528@wat.ca','AT1089W87'),(3529,'Student530','2003-01-14','Windsor','5th Year','3windsor529@win.ca','FA4769Q65'),(3530,'Student531','2003-06-12','uOttawa','2nd Year','3uottawa530@uot.ca','CS5676L41'),(3531,'Student532','2001-10-25','Ryerson','3rd Year','3ryerson531@rye.ca','FA4583F66'),(3532,'Student533','2001-12-29','Queens','5th Year','3queens532@que.ca','LU8383B42'),(3533,'Student534','2000-01-30','uOttawa','5th Year','3uottawa533@uot.ca','IM7975Q83'),(3534,'Student535','1999-02-11','uOttawa','1st Year','3uottawa534@uot.ca','VU8285N51'),(3535,'Student536','2002-09-17','Windsor','1st Year','3windsor535@win.ca','TB9481Y42'),(3536,'Student537','2001-04-07','Western','3rd Year','3western536@wes.ca','JR1070Q78'),(3537,'Student538','2001-12-31','uOttawa','1st Year','3uottawa537@uot.ca','DH9185A29'),(3538,'Student539','2000-06-23','Western','2nd Year','3western538@wes.ca','VQ5765C82'),(3539,'Student540','2003-07-07','Waterloo','1st Year','3waterloo539@wat.ca','YN1078K31'),(3540,'Student541','2002-11-08','uOttawa','5th Year','3uottawa540@uot.ca','XQ9776U63'),(3541,'Student542','1999-03-16','Ryerson','5th Year','3ryerson541@rye.ca','OR7370T53'),(3542,'Student543','2001-01-25','Western','3rd Year','3western542@wes.ca','HK3180D14'),(3543,'Student544','1999-10-02','Queens','2nd Year','3queens543@que.ca','AH4479M33'),(3544,'Student545','2002-11-25','York','3rd Year','3york544@yor.ca','TR1486I39'),(3545,'Student546','1999-02-28','Western','3rd Year','3western545@wes.ca','QM6470E76'),(3546,'Student547','2001-01-09','Windsor','5th Year','3windsor546@win.ca','IB4267K92'),(3547,'Student548','2001-01-03','Windsor','3rd Year','3windsor547@win.ca','EH9879L29'),(3548,'Student549','1999-11-24','uOttawa','2nd Year','3uottawa548@uot.ca','JE6569S81'),(3549,'Student550','2001-08-10','Queens','1st Year','3queens549@que.ca','XT6370A62'),(3550,'Student551','2001-09-14','uOttawa','2nd Year','3uottawa550@uot.ca','OP8485K27'),(3551,'Student552','2001-08-20','Waterloo','1st Year','3waterloo551@wat.ca','SS8587P38'),(3552,'Student553','1999-04-13','Western','5th Year','3western552@wes.ca','BO2776R98'),(3553,'Student554','2003-09-29','uOttawa','5th Year','3uottawa553@uot.ca','OA2866L67'),(3554,'Student555','2003-09-27','Western','2nd Year','3western554@wes.ca','GR7977U61'),(3555,'Student556','2003-12-01','Windsor','3rd Year','3windsor555@win.ca','YK8287X90'),(3556,'Student557','2000-12-16','Queens','1st Year','3queens556@que.ca','IJ4377Y20'),(3557,'Student558','2000-06-24','Western','2nd Year','3western557@wes.ca','ZX6882K86'),(3558,'Student559','2003-04-04','uOttawa','2nd Year','3uottawa558@uot.ca','AH7977A11'),(3559,'Student560','2003-12-28','Queens','2nd Year','3queens559@que.ca','VI8080R58'),(3560,'Student561','2003-11-26','York','2nd Year','3york560@yor.ca','MA2579Q46'),(3561,'Student562','2000-04-22','Queens','2nd Year','3queens561@que.ca','KY2674U42'),(3562,'Student563','2003-11-16','York','1st Year','3york562@yor.ca','FB4265U57'),(3563,'Student564','2002-11-21','Waterloo','2nd Year','3waterloo563@wat.ca','GO2978Q41'),(3564,'Student565','2003-02-25','uOttawa','1st Year','3uottawa564@uot.ca','YV4971X27'),(3565,'Student566','2001-07-06','Ryerson','5th Year','3ryerson565@rye.ca','AQ3770S33'),(3566,'Student567','2003-11-14','Ryerson','1st Year','3ryerson566@rye.ca','VZ1478A48'),(3567,'Student568','2000-11-07','uOttawa','2nd Year','3uottawa567@uot.ca','SD4290G82'),(3568,'Student569','2003-09-24','Waterloo','1st Year','3waterloo568@wat.ca','YW4468P80'),(3569,'Student570','2000-08-22','Ryerson','3rd Year','3ryerson569@rye.ca','AX2789Q57'),(3570,'Student571','2001-11-12','Windsor','5th Year','3windsor570@win.ca','QR2870X88'),(3571,'Student572','2000-06-30','Waterloo','3rd Year','3waterloo571@wat.ca','OT9675A85'),(3572,'Student573','2000-04-06','Ryerson','3rd Year','3ryerson572@rye.ca','KZ9582O55'),(3573,'Student574','2000-11-02','uOttawa','1st Year','3uottawa573@uot.ca','VK2183G62'),(3574,'Student575','2000-11-24','York','3rd Year','3york574@yor.ca','EF8272Y67'),(3575,'Student576','2003-08-02','uOttawa','3rd Year','3uottawa575@uot.ca','VT1976C14'),(3576,'Student577','2000-11-05','Waterloo','3rd Year','3waterloo576@wat.ca','WO4383K49'),(3577,'Student578','2002-03-12','Windsor','3rd Year','3windsor577@win.ca','XM9772G68'),(3578,'Student579','2002-06-01','Queens','1st Year','3queens578@que.ca','YU5685N12'),(3579,'Student580','2003-07-29','Waterloo','3rd Year','3waterloo579@wat.ca','US4479H65'),(3580,'Student581','2001-10-12','Waterloo','2nd Year','3waterloo580@wat.ca','QY1172L94'),(3581,'Student582','2000-09-17','Ryerson','2nd Year','3ryerson581@rye.ca','LT9785B14'),(3582,'Student583','2001-02-26','Western','1st Year','3western582@wes.ca','FJ3386I19'),(3583,'Student584','2001-07-14','Waterloo','5th Year','3waterloo583@wat.ca','WL5768O18'),(3584,'Student585','1999-08-31','Waterloo','2nd Year','3waterloo584@wat.ca','FW3871K15'),(3585,'Student586','2000-02-06','Windsor','2nd Year','3windsor585@win.ca','JX5385H87'),(3586,'Student587','2003-01-08','Windsor','2nd Year','3windsor586@win.ca','IM6190N13'),(3587,'Student588','2001-08-14','Western','5th Year','3western587@wes.ca','VO3387W59'),(3588,'Student589','2003-07-01','Western','5th Year','3western588@wes.ca','AK4670U47'),(3589,'Student590','1999-07-23','York','2nd Year','3york589@yor.ca','BZ6184T60'),(3590,'Student591','2003-03-02','uOttawa','1st Year','3uottawa590@uot.ca','GG6176G73'),(3591,'Student592','2002-12-16','Queens','2nd Year','3queens591@que.ca','NC6186S38'),(3592,'Student593','1999-02-24','Western','5th Year','3western592@wes.ca','HB9784T99'),(3593,'Student594','1999-02-08','Waterloo','1st Year','3waterloo593@wat.ca','ZK9587E12'),(3594,'Student595','2000-11-10','Waterloo','3rd Year','3waterloo594@wat.ca','TP3889Q84'),(3595,'Student596','2002-12-01','Western','2nd Year','3western595@wes.ca','YZ8474H90'),(3596,'Student597','2000-03-04','Western','2nd Year','3western596@wes.ca','YI2390C83'),(3597,'Student598','2001-08-27','Waterloo','1st Year','3waterloo597@wat.ca','DG5878Q35'),(3598,'Student599','2001-09-06','uOttawa','2nd Year','3uottawa598@uot.ca','FU9985K23'),(3599,'Student600','2001-02-28','Ryerson','3rd Year','3ryerson599@rye.ca','HG2987J29'),(3600,'Student601','2002-07-19','Ryerson','5th Year','3ryerson600@rye.ca','IU6072A43'),(3601,'Student602','2002-04-23','Queens','5th Year','3queens601@que.ca','PU5176X88'),(3602,'Student603','2000-09-11','York','5th Year','3york602@yor.ca','ZQ2876G14'),(3603,'Student604','1999-01-05','Windsor','3rd Year','3windsor603@win.ca','AL3181V60'),(3604,'Student605','2003-08-08','Western','2nd Year','3western604@wes.ca','FM7965F90'),(3605,'Student606','1999-07-29','York','2nd Year','3york605@yor.ca','WR3183N83'),(3606,'Student607','2002-05-05','Windsor','1st Year','3windsor606@win.ca','PW5269D57'),(3607,'Student608','1999-04-26','Ryerson','1st Year','3ryerson607@rye.ca','XE1667F75'),(3608,'Student609','1999-07-29','uOttawa','5th Year','3uottawa608@uot.ca','GO6775D58'),(3609,'Student610','2003-07-26','Windsor','1st Year','3windsor609@win.ca','JH9787H11'),(3610,'Student611','2002-05-16','uOttawa','5th Year','3uottawa610@uot.ca','RH3788N65'),(3611,'Student612','2003-09-04','uOttawa','3rd Year','3uottawa611@uot.ca','YP3272H48'),(3612,'Student613','2001-05-07','uOttawa','2nd Year','3uottawa612@uot.ca','CU8490Z80'),(3613,'Student614','2003-07-05','Windsor','5th Year','3windsor613@win.ca','NB6665S86'),(3614,'Student615','2001-10-08','Western','1st Year','3western614@wes.ca','GS7183N59'),(3615,'Student616','2000-07-27','York','3rd Year','3york615@yor.ca','XG6577O32'),(3616,'Student617','2001-06-01','uOttawa','3rd Year','3uottawa616@uot.ca','MZ1768Z45'),(3617,'Student618','2003-11-22','Western','3rd Year','3western617@wes.ca','IL5172R46'),(3618,'Student619','2001-02-21','York','5th Year','3york618@yor.ca','UD5789Z84'),(3619,'Student620','2002-07-21','Ryerson','2nd Year','3ryerson619@rye.ca','TS7469N22'),(3620,'Student621','2003-05-16','Windsor','3rd Year','3windsor620@win.ca','NC3365Z15'),(3621,'Student622','2002-10-07','Western','5th Year','3western621@wes.ca','CM3774J51'),(3622,'Student623','2001-10-25','York','3rd Year','3york622@yor.ca','SZ7690W30'),(3623,'Student624','2001-05-28','uOttawa','1st Year','3uottawa623@uot.ca','TP9666K10'),(3624,'Student625','2000-11-10','uOttawa','5th Year','3uottawa624@uot.ca','ST2490Z66'),(3625,'Student626','2002-06-14','Ryerson','1st Year','3ryerson625@rye.ca','XO9082M29'),(3626,'Student627','2002-12-25','uOttawa','3rd Year','3uottawa626@uot.ca','YL9766R87'),(3627,'Student628','2001-02-04','York','3rd Year','3york627@yor.ca','ZI8083Z52'),(3628,'Student629','2002-11-29','Windsor','2nd Year','3windsor628@win.ca','GS6784H99'),(3629,'Student630','2003-07-24','York','2nd Year','3york629@yor.ca','MG9069K49'),(3630,'Student631','1999-07-13','Ryerson','3rd Year','3ryerson630@rye.ca','HA4889M53'),(3631,'Student632','1999-06-03','Ryerson','1st Year','3ryerson631@rye.ca','EC4676V52'),(3632,'Student633','2002-11-25','Western','1st Year','3western632@wes.ca','RY3688B53'),(3633,'Student634','2002-10-11','Queens','1st Year','3queens633@que.ca','TR1178D69'),(3634,'Student635','1999-11-23','uOttawa','3rd Year','3uottawa634@uot.ca','OB2887U48'),(3635,'Student636','1999-01-31','Queens','5th Year','3queens635@que.ca','BT1679W58'),(3636,'Student637','2002-01-03','Ryerson','2nd Year','3ryerson636@rye.ca','SH5165Q95'),(3637,'Student638','2000-01-25','uOttawa','3rd Year','3uottawa637@uot.ca','LY6468T34'),(3638,'Student639','2003-04-14','York','1st Year','3york638@yor.ca','KD6970O81'),(3639,'Student640','1999-07-04','Windsor','5th Year','3windsor639@win.ca','BO8190J23'),(3640,'Student641','2003-10-04','uOttawa','3rd Year','3uottawa640@uot.ca','QM3684N91'),(3641,'Student642','2002-03-10','Ryerson','2nd Year','3ryerson641@rye.ca','FS3487L64'),(3642,'Student643','2002-06-13','uOttawa','3rd Year','3uottawa642@uot.ca','XY6380G56'),(3643,'Student644','1999-09-23','York','5th Year','3york643@yor.ca','RR9872B42'),(3644,'Student645','2003-02-04','Ryerson','1st Year','3ryerson644@rye.ca','XY7286G30'),(3645,'Student646','1999-12-29','Ryerson','5th Year','3ryerson645@rye.ca','VG8169M35'),(3646,'Student647','2002-03-02','Queens','3rd Year','3queens646@que.ca','EX8779Z81'),(3647,'Student648','1999-09-10','uOttawa','1st Year','3uottawa647@uot.ca','BV1371A46'),(3648,'Student649','2003-10-03','Western','5th Year','3western648@wes.ca','WJ2990B23'),(3649,'Student650','2000-05-23','Waterloo','5th Year','3waterloo649@wat.ca','IM6765V54'),(3650,'Student651','2000-06-23','Western','2nd Year','3western650@wes.ca','JX9369X53'),(3651,'Student652','2000-04-04','York','2nd Year','3york651@yor.ca','DR5869K30'),(3652,'Student653','2000-05-18','Ryerson','3rd Year','3ryerson652@rye.ca','RT8680V10'),(3653,'Student654','2000-11-29','Ryerson','1st Year','3ryerson653@rye.ca','LL4571Z89'),(3654,'Student655','2002-11-09','Waterloo','1st Year','3waterloo654@wat.ca','EJ8684L62'),(3655,'Student656','2003-10-30','York','5th Year','3york655@yor.ca','RI2877N98'),(3656,'Student657','2000-06-24','uOttawa','5th Year','3uottawa656@uot.ca','GG9971H50'),(3657,'Student658','2001-12-06','Queens','5th Year','3queens657@que.ca','LY5474M91'),(3658,'Student659','1999-08-21','Waterloo','2nd Year','3waterloo658@wat.ca','HL4381A58'),(3659,'Student660','2000-08-05','York','1st Year','3york659@yor.ca','LR8976Z22'),(3660,'Student661','2000-08-19','Windsor','5th Year','3windsor660@win.ca','EZ6373N25'),(3661,'Student662','2001-12-29','York','5th Year','3york661@yor.ca','MA2078K91'),(3662,'Student663','2001-08-01','Western','3rd Year','3western662@wes.ca','WD6465R98'),(3663,'Student664','2000-12-11','Western','5th Year','3western663@wes.ca','JL9069W45'),(3664,'Student665','2002-11-22','Waterloo','2nd Year','3waterloo664@wat.ca','JT2066A52'),(3665,'Student666','2001-04-06','Windsor','3rd Year','3windsor665@win.ca','BM1268U10'),(3666,'Student667','1999-01-29','York','3rd Year','3york666@yor.ca','JP8878U40'),(3667,'Student668','2001-05-05','Windsor','2nd Year','3windsor667@win.ca','JP7171X75'),(3668,'Student669','2002-03-08','uOttawa','5th Year','3uottawa668@uot.ca','WC8772L39'),(3669,'Student670','2000-06-18','York','5th Year','3york669@yor.ca','SM2185I15'),(3670,'Student671','2000-02-06','York','3rd Year','3york670@yor.ca','DW9783N18'),(3671,'Student672','2003-03-16','Ryerson','3rd Year','3ryerson671@rye.ca','VG4279C75'),(3672,'Student673','1999-08-18','Western','5th Year','3western672@wes.ca','NL3174E13'),(3673,'Student674','1999-06-18','uOttawa','2nd Year','3uottawa673@uot.ca','VO7485C83'),(3674,'Student675','2002-04-07','Queens','2nd Year','3queens674@que.ca','GC4085J32'),(3675,'Student676','2002-10-03','Waterloo','2nd Year','3waterloo675@wat.ca','LI5275F48'),(3676,'Student677','2000-04-11','York','3rd Year','3york676@yor.ca','AG5971C57'),(3677,'Student678','2003-11-10','Windsor','3rd Year','3windsor677@win.ca','VI8689F37'),(3678,'Student679','1999-07-16','uOttawa','2nd Year','3uottawa678@uot.ca','QX1370D79'),(3679,'Student680','2002-10-29','York','3rd Year','3york679@yor.ca','HF9372Z11'),(3680,'Student681','2001-09-18','Western','1st Year','3western680@wes.ca','EV8182Z15'),(3681,'Student682','2000-02-02','Waterloo','5th Year','3waterloo681@wat.ca','UD8075D96'),(3682,'Student683','2001-01-27','Ryerson','1st Year','3ryerson682@rye.ca','TY1572S64'),(3683,'Student684','1999-09-17','Ryerson','5th Year','3ryerson683@rye.ca','LV2488Q27'),(3684,'Student685','1999-04-23','Western','5th Year','3western684@wes.ca','JO6365V71'),(3685,'Student686','2002-06-17','Windsor','2nd Year','3windsor685@win.ca','MO3782X51'),(3686,'Student687','2003-06-13','Western','5th Year','3western686@wes.ca','JV7286N81'),(3687,'Student688','2001-04-28','Queens','3rd Year','3queens687@que.ca','MR3777F19'),(3688,'Student689','2002-09-20','York','2nd Year','3york688@yor.ca','TE4187J34'),(3689,'Student690','2002-03-15','Waterloo','3rd Year','3waterloo689@wat.ca','PL1577G80'),(3690,'Student691','2002-11-25','Ryerson','1st Year','3ryerson690@rye.ca','GF2073F71'),(3691,'Student692','2000-12-06','York','5th Year','3york691@yor.ca','WK8281Z14'),(3692,'Student693','2002-05-03','York','2nd Year','3york692@yor.ca','MZ9873Z12'),(3693,'Student694','1999-01-25','York','3rd Year','3york693@yor.ca','BD2679F96'),(3694,'Student695','1999-09-14','Queens','3rd Year','3queens694@que.ca','HR4273S23'),(3695,'Student696','2003-11-07','uOttawa','5th Year','3uottawa695@uot.ca','GT8884S99'),(3696,'Student697','2001-04-21','York','3rd Year','3york696@yor.ca','PY4185S66'),(3697,'Student698','2000-06-19','Queens','1st Year','3queens697@que.ca','EO8090D77'),(3698,'Student699','2002-09-27','uOttawa','2nd Year','3uottawa698@uot.ca','SI4978B82'),(3699,'Student700','2002-08-09','Ryerson','5th Year','3ryerson699@rye.ca','DK1970G18'),(3700,'Student701','2003-09-02','uOttawa','2nd Year','3uottawa700@uot.ca','HD6078A60'),(3701,'Student702','2000-09-29','uOttawa','5th Year','3uottawa701@uot.ca','TI6181Z83'),(3702,'Student703','2001-02-22','Ryerson','5th Year','3ryerson702@rye.ca','FL1474M92'),(3703,'Student704','1999-05-26','York','1st Year','3york703@yor.ca','HO7865J42'),(3704,'Student705','1999-01-26','Queens','5th Year','3queens704@que.ca','GV4182G88'),(3705,'Student706','2001-08-22','Waterloo','1st Year','3waterloo705@wat.ca','YC3488I89'),(3706,'Student707','2003-06-21','Waterloo','2nd Year','3waterloo706@wat.ca','SM5874C44'),(3707,'Student708','2002-12-13','Waterloo','2nd Year','3waterloo707@wat.ca','CH6589O48'),(3708,'Student709','1999-04-11','Queens','5th Year','3queens708@que.ca','ZU3785Y10'),(3709,'Student710','2003-12-03','Windsor','5th Year','3windsor709@win.ca','MI9866C88'),(3710,'Student711','2003-07-29','Queens','5th Year','3queens710@que.ca','XR3281U25'),(3711,'Student712','2002-11-12','Waterloo','3rd Year','3waterloo711@wat.ca','WO3279O85'),(3712,'Student713','2002-10-15','York','2nd Year','3york712@yor.ca','TS3986J68'),(3713,'Student714','2001-12-15','Waterloo','1st Year','3waterloo713@wat.ca','GT9687Z11'),(3714,'Student715','1999-11-24','Ryerson','2nd Year','3ryerson714@rye.ca','YY3890P12'),(3715,'Student716','1999-05-30','uOttawa','2nd Year','3uottawa715@uot.ca','ZF6085O19'),(3716,'Student717','1999-12-02','York','1st Year','3york716@yor.ca','BD9667Y16'),(3717,'Student718','2003-03-16','Waterloo','5th Year','3waterloo717@wat.ca','WQ7580U13'),(3718,'Student719','2000-06-30','Windsor','2nd Year','3windsor718@win.ca','PW1280Q85'),(3719,'Student720','1999-12-06','Waterloo','3rd Year','3waterloo719@wat.ca','KI1667E20'),(3720,'Student721','2002-03-13','Ryerson','3rd Year','3ryerson720@rye.ca','ID4766F77'),(3721,'Student722','2002-03-31','Ryerson','3rd Year','3ryerson721@rye.ca','ZP2188B83'),(3722,'Student723','2000-11-29','Queens','5th Year','3queens722@que.ca','PK6275A62'),(3723,'Student724','2001-09-13','Queens','3rd Year','3queens723@que.ca','BL5487Q34'),(3724,'Student725','2001-03-30','Western','3rd Year','3western724@wes.ca','XL2387U86'),(3725,'Student726','1999-03-13','Windsor','3rd Year','3windsor725@win.ca','GG3170W67'),(3726,'Student727','2002-11-06','Ryerson','5th Year','3ryerson726@rye.ca','DD9877N35'),(3727,'Student728','2001-06-27','uOttawa','3rd Year','3uottawa727@uot.ca','RV8174H17'),(3728,'Student729','2003-01-25','Queens','1st Year','3queens728@que.ca','SY2974V60'),(3729,'Student730','2003-05-28','Waterloo','1st Year','3waterloo729@wat.ca','EV9790A69'),(3730,'Student731','2000-03-05','uOttawa','2nd Year','3uottawa730@uot.ca','CH2683N27'),(3731,'Student732','2001-10-18','uOttawa','2nd Year','3uottawa731@uot.ca','DA1173R21'),(3732,'Student733','2002-01-08','Ryerson','1st Year','3ryerson732@rye.ca','QG1583G34'),(3733,'Student734','2003-07-11','Western','3rd Year','3western733@wes.ca','AA1089T70'),(3734,'Student735','2001-06-26','York','1st Year','3york734@yor.ca','NS8578F16'),(3735,'Student736','2000-07-28','Queens','1st Year','3queens735@que.ca','KE3166I17'),(3736,'Student737','1999-07-17','Western','3rd Year','3western736@wes.ca','MC3488D59'),(3737,'Student738','1999-11-19','York','3rd Year','3york737@yor.ca','VW1576Y82'),(3738,'Student739','2002-03-28','Waterloo','5th Year','3waterloo738@wat.ca','QB2378N15'),(3739,'Student740','2002-06-06','York','1st Year','3york739@yor.ca','DE8982T19'),(3740,'Student741','1999-06-24','uOttawa','2nd Year','3uottawa740@uot.ca','PJ8767V84'),(3741,'Student742','1999-11-10','uOttawa','1st Year','3uottawa741@uot.ca','YP9376H78'),(3742,'Student743','2001-06-03','Ryerson','5th Year','3ryerson742@rye.ca','NN3874D82'),(3743,'Student744','2001-11-02','Ryerson','5th Year','3ryerson743@rye.ca','SJ4777B41'),(3744,'Student745','2001-11-17','York','1st Year','3york744@yor.ca','IN1285O42'),(3745,'Student746','1999-05-23','Windsor','5th Year','3windsor745@win.ca','VQ4285F29'),(3746,'Student747','2001-11-10','Queens','1st Year','3queens746@que.ca','LY4185L76'),(3747,'Student748','2003-02-22','uOttawa','2nd Year','3uottawa747@uot.ca','NW1083I54'),(3748,'Student749','2001-10-19','Windsor','5th Year','3windsor748@win.ca','FV5665U23'),(3749,'Student750','1999-12-16','York','1st Year','3york749@yor.ca','ZV4167G66'),(3750,'Student751','2002-06-05','Queens','5th Year','3queens750@que.ca','CB8372R61'),(3751,'Student752','2001-01-27','Windsor','1st Year','3windsor751@win.ca','PC2585L84'),(3752,'Student753','2001-08-14','Western','1st Year','3western752@wes.ca','ZY2773Q85'),(3753,'Student754','2001-12-20','Queens','5th Year','3queens753@que.ca','SK1483N97'),(3754,'Student755','2003-09-25','Ryerson','3rd Year','3ryerson754@rye.ca','JY6177J70'),(3755,'Student756','1999-01-31','Windsor','5th Year','3windsor755@win.ca','ZJ9183V89'),(3756,'Student757','2002-05-02','Windsor','2nd Year','3windsor756@win.ca','KU9075W57'),(3757,'Student758','2003-05-06','Queens','3rd Year','3queens757@que.ca','RE3873P27'),(3758,'Student759','2003-11-05','Queens','3rd Year','3queens758@que.ca','NG3481N22'),(3759,'Student760','2000-07-05','Windsor','3rd Year','3windsor759@win.ca','YD9971D30'),(3760,'Student761','2002-08-12','Windsor','2nd Year','3windsor760@win.ca','RN3469W82'),(3761,'Student762','2000-06-05','Western','5th Year','3western761@wes.ca','VC2066S65'),(3762,'Student763','2002-02-12','Queens','1st Year','3queens762@que.ca','LC9180P50'),(3763,'Student764','2001-01-20','uOttawa','3rd Year','3uottawa763@uot.ca','QS3078S90'),(3764,'Student765','2001-08-13','uOttawa','1st Year','3uottawa764@uot.ca','WR5983K23'),(3765,'Student766','1999-04-01','Queens','3rd Year','3queens765@que.ca','JN6267E18'),(3766,'Student767','2000-08-16','York','2nd Year','3york766@yor.ca','CL5389D23'),(3767,'Student768','2000-02-10','Western','1st Year','3western767@wes.ca','SD5981W59'),(3768,'Student769','2002-11-20','Ryerson','2nd Year','3ryerson768@rye.ca','BX2385U10'),(3769,'Student770','2000-04-18','Ryerson','5th Year','3ryerson769@rye.ca','LI1384L65'),(3770,'Student771','2000-12-23','Queens','1st Year','3queens770@que.ca','WW1873E28'),(3771,'Student772','2003-09-11','Western','1st Year','3western771@wes.ca','GF3276B61'),(3772,'Student773','2001-10-19','Western','1st Year','3western772@wes.ca','QQ2871W63'),(3773,'Student774','2000-09-17','York','5th Year','3york773@yor.ca','DT4274R53'),(3774,'Student775','2000-10-18','Ryerson','5th Year','3ryerson774@rye.ca','OH7165Q21'),(3775,'Student776','2002-02-15','York','2nd Year','3york775@yor.ca','NM4078I30'),(3776,'Student777','2001-11-26','Queens','3rd Year','3queens776@que.ca','JO9966H31'),(3777,'Student778','2002-04-17','Queens','2nd Year','3queens777@que.ca','EC9682J64'),(3778,'Student779','1999-11-28','Waterloo','1st Year','3waterloo778@wat.ca','EV3084M14'),(3779,'Student780','2000-06-19','Western','1st Year','3western779@wes.ca','RW3768D51'),(3780,'Student781','2002-06-07','Western','1st Year','3western780@wes.ca','PZ1067N24'),(3781,'Student782','2001-09-27','Windsor','1st Year','3windsor781@win.ca','JV1183R72'),(3782,'Student783','1999-07-30','Waterloo','3rd Year','3waterloo782@wat.ca','PT1184B97'),(3783,'Student784','2001-04-09','Windsor','3rd Year','3windsor783@win.ca','OH5183J27'),(3784,'Student785','2002-11-26','uOttawa','5th Year','3uottawa784@uot.ca','LZ2184T36'),(3785,'Student786','1999-12-30','York','5th Year','3york785@yor.ca','YG6087X70'),(3786,'Student787','2001-01-13','Ryerson','5th Year','3ryerson786@rye.ca','OL6465J14'),(3787,'Student788','1999-12-04','Western','1st Year','3western787@wes.ca','QF8879P24'),(3788,'Student789','2002-01-26','York','2nd Year','3york788@yor.ca','FQ2673V14'),(3789,'Student790','2001-09-13','York','1st Year','3york789@yor.ca','PO8784G28'),(3790,'Student791','2003-05-22','Western','5th Year','3western790@wes.ca','QQ9880W71'),(3791,'Student792','2002-09-23','uOttawa','3rd Year','3uottawa791@uot.ca','LW3573K90'),(3792,'Student793','2000-02-05','uOttawa','5th Year','3uottawa792@uot.ca','LT3376V38'),(3793,'Student794','2001-03-18','Queens','5th Year','3queens793@que.ca','XK5780S56'),(3794,'Student795','2000-01-08','Windsor','2nd Year','3windsor794@win.ca','ZR1781A44'),(3795,'Student796','2003-11-27','Western','3rd Year','3western795@wes.ca','YX4989N40'),(3796,'Student797','2001-05-21','Western','3rd Year','3western796@wes.ca','BJ5175I26'),(3797,'Student798','2003-12-07','Windsor','2nd Year','3windsor797@win.ca','GD5489B38'),(3798,'Student799','1999-12-23','Western','1st Year','3western798@wes.ca','PZ3388B22'),(3799,'Student800','2001-03-17','Waterloo','3rd Year','3waterloo799@wat.ca','CW3490S87'),(3800,'Student801','2003-10-16','Western','2nd Year','3western800@wes.ca','IJ3568G26'),(3801,'Student802','2003-03-15','York','2nd Year','3york801@yor.ca','YA6081D95'),(3802,'Student803','2000-04-13','Ryerson','1st Year','3ryerson802@rye.ca','SD4488O48'),(3803,'Student804','1999-08-23','York','3rd Year','3york803@yor.ca','AQ4078T64'),(3804,'Student805','2003-04-27','Waterloo','2nd Year','3waterloo804@wat.ca','MJ4778Z38'),(3805,'Student806','1999-06-27','York','2nd Year','3york805@yor.ca','NB3971I22'),(3806,'Student807','2002-06-17','York','5th Year','3york806@yor.ca','TX1477E64'),(3807,'Student808','2003-09-12','uOttawa','2nd Year','3uottawa807@uot.ca','XN6776A38'),(3808,'Student809','2003-04-08','Waterloo','3rd Year','3waterloo808@wat.ca','GI5467O69'),(3809,'Student810','2003-05-02','Ryerson','1st Year','3ryerson809@rye.ca','NY6787P20'),(3810,'Student811','2001-05-10','York','3rd Year','3york810@yor.ca','PJ3686C59'),(3811,'Student812','2001-06-28','Windsor','1st Year','3windsor811@win.ca','ZV9584K20'),(3812,'Student813','2000-06-18','uOttawa','3rd Year','3uottawa812@uot.ca','RG9989T28'),(3813,'Student814','2000-09-12','Queens','5th Year','3queens813@que.ca','ZP4677H11'),(3814,'Student815','2001-07-31','Ryerson','5th Year','3ryerson814@rye.ca','UZ1265K18'),(3815,'Student816','2002-12-15','Western','5th Year','3western815@wes.ca','HM3267V83'),(3816,'Student817','2002-02-11','Windsor','5th Year','3windsor816@win.ca','IW2490D21'),(3817,'Student818','1999-05-02','Queens','5th Year','3queens817@que.ca','OA4789Q46'),(3818,'Student819','2003-09-14','Western','1st Year','3western818@wes.ca','LJ8387L74'),(3819,'Student820','2003-10-14','Waterloo','5th Year','3waterloo819@wat.ca','GG3968N54'),(3820,'Student821','2001-08-19','Queens','1st Year','3queens820@que.ca','HO3278U49'),(3821,'Student822','1999-11-06','York','5th Year','3york821@yor.ca','LE1872N67'),(3822,'Student823','1999-11-21','uOttawa','1st Year','3uottawa822@uot.ca','IS6572N24'),(3823,'Student824','2000-03-12','Windsor','2nd Year','3windsor823@win.ca','CN9388H95'),(3824,'Student825','2000-04-29','York','2nd Year','3york824@yor.ca','RH1381I73'),(3825,'Student826','1999-11-16','uOttawa','5th Year','3uottawa825@uot.ca','JT4077Y46'),(3826,'Student827','2003-11-04','uOttawa','5th Year','3uottawa826@uot.ca','JX8673G23'),(3827,'Student828','2000-02-01','York','1st Year','3york827@yor.ca','XP2577S75'),(3828,'Student829','2002-02-28','Queens','3rd Year','3queens828@que.ca','QE7187G59'),(3829,'Student830','2002-10-04','Waterloo','3rd Year','3waterloo829@wat.ca','ZO9666U59'),(3830,'Student831','2001-11-21','Waterloo','3rd Year','3waterloo830@wat.ca','LA5186Z75'),(3831,'Student832','2003-06-28','Ryerson','5th Year','3ryerson831@rye.ca','RJ6068B36'),(3832,'Student833','1999-12-27','Waterloo','3rd Year','3waterloo832@wat.ca','NI2667E33'),(3833,'Student834','1999-11-10','Queens','2nd Year','3queens833@que.ca','BD4986K93'),(3834,'Student835','2001-02-17','Western','1st Year','3western834@wes.ca','LO9770V84'),(3835,'Student836','2002-06-10','Windsor','5th Year','3windsor835@win.ca','GU6069F18'),(3836,'Student837','2003-05-24','York','2nd Year','3york836@yor.ca','RR9081H54'),(3837,'Student838','2002-01-08','Queens','2nd Year','3queens837@que.ca','ZI9279V80'),(3838,'Student839','1999-02-17','York','2nd Year','3york838@yor.ca','CG6486X46'),(3839,'Student840','2000-01-30','York','5th Year','3york839@yor.ca','EW6274B61'),(3840,'Student841','2001-03-02','Queens','2nd Year','3queens840@que.ca','WD8885P18'),(3841,'Student842','2003-09-04','Western','1st Year','3western841@wes.ca','FD4188Z16'),(3842,'Student843','2000-04-03','Waterloo','2nd Year','3waterloo842@wat.ca','RS3583D70'),(3843,'Student844','2003-11-17','Windsor','5th Year','3windsor843@win.ca','AS7469W65'),(3844,'Student845','2000-05-17','Ryerson','3rd Year','3ryerson844@rye.ca','CO4669D97'),(3845,'Student846','2003-02-16','Western','2nd Year','3western845@wes.ca','YX8182L57'),(3846,'Student847','2002-07-18','Windsor','2nd Year','3windsor846@win.ca','JS6086W73'),(3847,'Student848','2002-09-23','York','1st Year','3york847@yor.ca','AR3871I81'),(3848,'Student849','2002-12-24','Queens','2nd Year','3queens848@que.ca','GH6267F24'),(3849,'Student850','2000-04-12','Western','1st Year','3western849@wes.ca','PO6779K55'),(3850,'Student851','2001-01-10','Windsor','3rd Year','3windsor850@win.ca','SL3674B23'),(3851,'Student852','2000-10-02','Windsor','1st Year','3windsor851@win.ca','DJ5768D58'),(3852,'Student853','2000-02-25','uOttawa','2nd Year','3uottawa852@uot.ca','AV6983L70'),(3853,'Student854','2002-03-21','Queens','2nd Year','3queens853@que.ca','FP2179O47'),(3854,'Student855','1999-01-21','Queens','1st Year','3queens854@que.ca','ZP2066B29'),(3855,'Student856','2000-07-29','uOttawa','5th Year','3uottawa855@uot.ca','FN9566X16'),(3856,'Student857','2002-05-26','Queens','3rd Year','3queens856@que.ca','IR3277O20'),(3857,'Student858','2000-03-18','Queens','2nd Year','3queens857@que.ca','MF4585T34'),(3858,'Student859','2002-09-06','Windsor','3rd Year','3windsor858@win.ca','EZ1383F89'),(3859,'Student860','2003-01-11','York','5th Year','3york859@yor.ca','WX4277A72'),(3860,'Student861','2002-07-20','Windsor','2nd Year','3windsor860@win.ca','ZG9381I30'),(3861,'Student862','2002-02-20','Windsor','1st Year','3windsor861@win.ca','KX6870Q51'),(3862,'Student863','2003-01-05','Waterloo','3rd Year','3waterloo862@wat.ca','BT2776S91'),(3863,'Student864','2001-05-24','York','5th Year','3york863@yor.ca','EB8472V38'),(3864,'Student865','2001-12-25','Western','5th Year','3western864@wes.ca','DI8084D41'),(3865,'Student866','1999-01-27','Waterloo','2nd Year','3waterloo865@wat.ca','IG4974T66'),(3866,'Student867','2003-06-09','uOttawa','5th Year','3uottawa866@uot.ca','EF1076O35'),(3867,'Student868','2002-03-24','Ryerson','1st Year','3ryerson867@rye.ca','IO3681X56'),(3868,'Student869','2002-02-07','York','5th Year','3york868@yor.ca','QB7271S12'),(3869,'Student870','1999-02-25','Windsor','2nd Year','3windsor869@win.ca','SG2779R10'),(3870,'Student871','2002-01-18','York','3rd Year','3york870@yor.ca','PP4087A24'),(3871,'Student872','2001-07-02','Windsor','3rd Year','3windsor871@win.ca','OJ9683P58'),(3872,'Student873','2003-01-01','Ryerson','1st Year','3ryerson872@rye.ca','HU7267O25'),(3873,'Student874','2003-12-07','uOttawa','2nd Year','3uottawa873@uot.ca','OE7767M55'),(3874,'Student875','2003-07-19','York','1st Year','3york874@yor.ca','OZ3775P38'),(3875,'Student876','1999-12-08','York','5th Year','3york875@yor.ca','DE1286I30'),(3876,'Student877','2002-02-04','Windsor','5th Year','3windsor876@win.ca','SO6485Q39'),(3877,'Student878','2002-07-02','Waterloo','5th Year','3waterloo877@wat.ca','YE8678T80'),(3878,'Student879','2003-11-23','Queens','5th Year','3queens878@que.ca','DD7078G50'),(3879,'Student880','2001-07-17','Western','2nd Year','3western879@wes.ca','PU1369C11'),(3880,'Student881','2003-08-19','Queens','5th Year','3queens880@que.ca','HO1484S93'),(3881,'Student882','2002-11-28','Ryerson','2nd Year','3ryerson881@rye.ca','BA2073Y28'),(3882,'Student883','2001-03-10','Queens','1st Year','3queens882@que.ca','GL2170E67'),(3883,'Student884','2001-08-22','Ryerson','2nd Year','3ryerson883@rye.ca','YZ6786H86'),(3884,'Student885','2003-07-11','York','5th Year','3york884@yor.ca','DS8489E20'),(3885,'Student886','2000-10-03','Windsor','3rd Year','3windsor885@win.ca','HW6877X47'),(3886,'Student887','2002-04-23','uOttawa','3rd Year','3uottawa886@uot.ca','CS1388Q78'),(3887,'Student888','2000-04-25','Windsor','2nd Year','3windsor887@win.ca','KZ3671A94'),(3888,'Student889','2001-05-19','Queens','2nd Year','3queens888@que.ca','CV7771G86'),(3889,'Student890','2000-01-23','York','5th Year','3york889@yor.ca','OK8470M20'),(3890,'Student891','2001-08-12','uOttawa','3rd Year','3uottawa890@uot.ca','SS1068E32'),(3891,'Student892','2001-10-12','York','5th Year','3york891@yor.ca','FS1268Q72'),(3892,'Student893','2002-04-10','uOttawa','5th Year','3uottawa892@uot.ca','NO1990T59'),(3893,'Student894','1999-04-21','Windsor','5th Year','3windsor893@win.ca','EG1377X98'),(3894,'Student895','2001-12-03','Ryerson','3rd Year','3ryerson894@rye.ca','UY8482Q15'),(3895,'Student896','2000-04-05','Ryerson','5th Year','3ryerson895@rye.ca','AN8369Q14'),(3896,'Student897','2002-09-09','Western','5th Year','3western896@wes.ca','QT8290J85'),(3897,'Student898','2001-01-21','York','2nd Year','3york897@yor.ca','FZ5777Y80'),(3898,'Student899','2003-06-19','Windsor','5th Year','3windsor898@win.ca','LH9665E85'),(3899,'Student900','2001-08-08','uOttawa','5th Year','3uottawa899@uot.ca','YL8772E50'),(3900,'Student901','2001-02-09','Waterloo','1st Year','3waterloo900@wat.ca','GL5988B99'),(3901,'Student902','2001-12-03','Western','1st Year','3western901@wes.ca','BY1186L50'),(3902,'Student903','1999-06-17','Western','5th Year','3western902@wes.ca','FL9074L10'),(3903,'Student904','2000-03-22','Western','2nd Year','3western903@wes.ca','GT4482Y10'),(3904,'Student905','1999-11-04','Queens','2nd Year','3queens904@que.ca','SR6376G86'),(3905,'Student906','2001-01-31','York','1st Year','3york905@yor.ca','XE2984V45'),(3906,'Student907','2001-03-15','Ryerson','5th Year','3ryerson906@rye.ca','FG2071E58'),(3907,'Student908','1999-06-02','Western','3rd Year','3western907@wes.ca','RE3667I31'),(3908,'Student909','2000-12-29','Western','5th Year','3western908@wes.ca','XH5465T46'),(3909,'Student910','2002-03-13','Western','1st Year','3western909@wes.ca','TR4778Q85'),(3910,'Student911','1999-01-08','Windsor','3rd Year','3windsor910@win.ca','LA7884L51'),(3911,'Student912','1999-07-31','Western','3rd Year','3western911@wes.ca','VE8066U64'),(3912,'Student913','2000-10-09','Windsor','2nd Year','3windsor912@win.ca','HB5873Z92'),(3913,'Student914','2000-09-20','Windsor','2nd Year','3windsor913@win.ca','CS1075E72'),(3914,'Student915','2000-07-22','York','5th Year','3york914@yor.ca','SW4080I32'),(3915,'Student916','1999-06-30','Queens','5th Year','3queens915@que.ca','MS7975J95'),(3916,'Student917','2003-03-01','Ryerson','5th Year','3ryerson916@rye.ca','IR1171Y61'),(3917,'Student918','2002-11-06','York','2nd Year','3york917@yor.ca','RX7784P80'),(3918,'Student919','2002-02-05','Windsor','2nd Year','3windsor918@win.ca','FX7686R14'),(3919,'Student920','2003-03-05','Western','2nd Year','3western919@wes.ca','AV1885H55'),(3920,'Student921','1999-09-22','Ryerson','5th Year','3ryerson920@rye.ca','CQ9483O11'),(3921,'Student922','2001-11-05','Windsor','2nd Year','3windsor921@win.ca','ON5368V78'),(3922,'Student923','2001-10-09','Windsor','1st Year','3windsor922@win.ca','YC2086S83'),(3923,'Student924','2003-10-30','Western','5th Year','3western923@wes.ca','ZT8472B39'),(3924,'Student925','2001-10-20','Waterloo','3rd Year','3waterloo924@wat.ca','QX4871N57'),(3925,'Student926','1999-04-16','Western','1st Year','3western925@wes.ca','UR3885C22'),(3926,'Student927','2001-06-20','Windsor','1st Year','3windsor926@win.ca','CD6774J49'),(3927,'Student928','2001-02-05','York','1st Year','3york927@yor.ca','GT1690X36'),(3928,'Student929','2003-04-08','uOttawa','1st Year','3uottawa928@uot.ca','TA1880K93'),(3929,'Student930','1999-02-01','Ryerson','3rd Year','3ryerson929@rye.ca','QY7877P69'),(3930,'Student931','2002-10-28','Queens','5th Year','3queens930@que.ca','XQ3583B11'),(3931,'Student932','2003-12-03','Queens','2nd Year','3queens931@que.ca','FJ6278P50'),(3932,'Student933','2000-01-13','Ryerson','5th Year','3ryerson932@rye.ca','BY9269O63'),(3933,'Student934','1999-12-07','Western','1st Year','3western933@wes.ca','RP1089N29'),(3934,'Student935','2000-08-06','Ryerson','3rd Year','3ryerson934@rye.ca','LM6166V65'),(3935,'Student936','2001-01-05','Queens','2nd Year','3queens935@que.ca','WM2583P55'),(3936,'Student937','2000-11-25','Windsor','1st Year','3windsor936@win.ca','RE6975Y49'),(3937,'Student938','2000-01-18','Western','1st Year','3western937@wes.ca','WW6673B77'),(3938,'Student939','1999-08-19','uOttawa','3rd Year','3uottawa938@uot.ca','UO4373C13'),(3939,'Student940','2003-09-20','Waterloo','5th Year','3waterloo939@wat.ca','YF2377C59'),(3940,'Student941','1999-07-30','Western','3rd Year','3western940@wes.ca','LE9480X63'),(3941,'Student942','2003-05-20','Queens','2nd Year','3queens941@que.ca','IA2572Y15'),(3942,'Student943','2001-05-22','Ryerson','3rd Year','3ryerson942@rye.ca','YD6276W57'),(3943,'Student944','2000-01-11','Queens','1st Year','3queens943@que.ca','XZ3985H62'),(3944,'Student945','1999-01-19','Queens','1st Year','3queens944@que.ca','UT5281K19'),(3945,'Student946','2000-10-09','Windsor','1st Year','3windsor945@win.ca','XK4372P58'),(3946,'Student947','1999-03-15','Windsor','1st Year','3windsor946@win.ca','SA1073B38'),(3947,'Student948','2001-10-10','York','5th Year','3york947@yor.ca','YD6985N92'),(3948,'Student949','1999-11-30','Western','5th Year','3western948@wes.ca','GM4290A35'),(3949,'Student950','2003-08-12','Western','1st Year','3western949@wes.ca','KS9269K70'),(3950,'Student951','2002-04-11','Windsor','2nd Year','3windsor950@win.ca','NZ8475G70'),(3951,'Student952','2001-09-16','Waterloo','3rd Year','3waterloo951@wat.ca','DY6272W70'),(3952,'Student953','2000-11-15','Windsor','5th Year','3windsor952@win.ca','RT4565X80'),(3953,'Student954','2003-04-22','Waterloo','2nd Year','3waterloo953@wat.ca','RG5590X83'),(3954,'Student955','2000-04-23','York','2nd Year','3york954@yor.ca','GI5888V58'),(3955,'Student956','2003-12-26','Western','3rd Year','3western955@wes.ca','RE5970Z80'),(3956,'Student957','2002-02-08','Waterloo','1st Year','3waterloo956@wat.ca','LV9182F73'),(3957,'Student958','2003-01-29','York','2nd Year','3york957@yor.ca','DA7174M82'),(3958,'Student959','1999-06-30','Waterloo','2nd Year','3waterloo958@wat.ca','NS3688L23'),(3959,'Student960','2003-12-16','Ryerson','5th Year','3ryerson959@rye.ca','EF8769B15'),(3960,'Student961','2001-01-31','Ryerson','1st Year','3ryerson960@rye.ca','YF2077R10'),(3961,'Student962','2003-02-08','Western','1st Year','3western961@wes.ca','IU7285Y33'),(3962,'Student963','2000-05-11','Western','5th Year','3western962@wes.ca','ZW5681H11'),(3963,'Student964','1999-05-26','uOttawa','5th Year','3uottawa963@uot.ca','WB5569I98'),(3964,'Student965','2003-10-03','Waterloo','3rd Year','3waterloo964@wat.ca','PC3088P78'),(3965,'Student966','2002-02-10','York','3rd Year','3york965@yor.ca','GW3579Q22'),(3966,'Student967','2002-06-15','Windsor','2nd Year','3windsor966@win.ca','RZ6786I98'),(3967,'Student968','2000-11-15','uOttawa','1st Year','3uottawa967@uot.ca','AE3386X74'),(3968,'Student969','2002-11-21','Queens','2nd Year','3queens968@que.ca','MC5672E82'),(3969,'Student970','2000-02-14','Windsor','1st Year','3windsor969@win.ca','WG2074V69'),(3970,'Student971','2000-04-16','Waterloo','1st Year','3waterloo970@wat.ca','KX8087V52'),(3971,'Student972','2000-09-26','Ryerson','2nd Year','3ryerson971@rye.ca','OK4384B90'),(3972,'Student973','2001-09-27','Ryerson','1st Year','3ryerson972@rye.ca','AX1984L69'),(3973,'Student974','2000-12-14','uOttawa','5th Year','3uottawa973@uot.ca','JM1275L81'),(3974,'Student975','2003-12-15','Queens','2nd Year','3queens974@que.ca','NS4978J60'),(3975,'Student976','2003-07-17','Ryerson','2nd Year','3ryerson975@rye.ca','XT2882M51'),(3976,'Student977','2000-10-21','Western','5th Year','3western976@wes.ca','ZQ2987F24'),(3977,'Student978','1999-06-01','Waterloo','3rd Year','3waterloo977@wat.ca','NK3685X49'),(3978,'Student979','2003-06-29','Western','5th Year','3western978@wes.ca','SG1685Y18'),(3979,'Student980','2000-01-09','Queens','1st Year','3queens979@que.ca','VG6776T97'),(3980,'Student981','2001-07-05','Waterloo','2nd Year','3waterloo980@wat.ca','OK1187C36'),(3981,'Student982','2003-09-27','Queens','3rd Year','3queens981@que.ca','TJ8176Y74'),(3982,'Student983','2001-08-10','Windsor','3rd Year','3windsor982@win.ca','LF8770L83'),(3983,'Student984','2003-05-23','Ryerson','3rd Year','3ryerson983@rye.ca','XV8684P22'),(3984,'Student985','2002-10-18','York','5th Year','3york984@yor.ca','FQ1390X65'),(3985,'Student986','2003-02-27','Western','3rd Year','3western985@wes.ca','ZO7568Q33'),(3986,'Student987','2001-11-13','Waterloo','3rd Year','3waterloo986@wat.ca','KX3380B51'),(3987,'Student988','2003-10-13','Western','5th Year','3western987@wes.ca','NY1566M31'),(3988,'Student989','2001-06-11','Ryerson','1st Year','3ryerson988@rye.ca','HI4375L83'),(3989,'Student990','2002-04-15','York','1st Year','3york989@yor.ca','WF8378M75'),(3990,'Student991','2003-12-24','Waterloo','1st Year','3waterloo990@wat.ca','AD4084D99'),(3991,'Student992','2003-04-17','Queens','3rd Year','3queens991@que.ca','BC8485M12'),(3992,'Student993','2003-09-03','York','1st Year','3york992@yor.ca','QK7977D54'),(3993,'Student994','2000-06-02','Waterloo','5th Year','3waterloo993@wat.ca','OL9378O97'),(3994,'Student995','2000-01-27','Western','1st Year','3western994@wes.ca','PM3481C30'),(3995,'Student996','1999-02-08','York','2nd Year','3york995@yor.ca','XH2967Q59'),(3996,'Student997','2000-10-11','Queens','2nd Year','3queens996@que.ca','YS1879D28'),(3997,'Student998','2001-06-30','Queens','1st Year','3queens997@que.ca','EU9776J95'),(3998,'Student999','2000-01-04','Waterloo','1st Year','3waterloo998@wat.ca','OU3466R94'),(3999,'Student1000','1999-06-05','Windsor','1st Year','3windsor999@win.ca','ID3265F63');
/*!40000 ALTER TABLE `Student` ENABLE KEYS */;
UNLOCK TABLES;

--
-- Table structure for table `StudentSubject`
--

DROP TABLE IF EXISTS `StudentSubject`;
/*!40101 SET @saved_cs_client     = @@character_set_client */;
/*!50503 SET character_set_client = utf8mb4 */;
CREATE TABLE `StudentSubject` (
  `studentNo` int(11) NOT NULL,
  `subjectCode` int(11) NOT NULL,
  `subscribedDate` varchar(45) CHARACTER SET utf8 COLLATE utf8_bin NOT NULL,
  PRIMARY KEY (`studentNo`,`subjectCode`),
  KEY `subjectCode_idx` (`subjectCode`),
  CONSTRAINT `fk_StudentSubject_Student` FOREIGN KEY (`studentNo`) REFERENCES `Student` (`studentNo`) ON DELETE CASCADE ON UPDATE CASCADE,
  CONSTRAINT `fk_StudentSubject_Subject` FOREIGN KEY (`subjectCode`) REFERENCES `Subject` (`subjectCode`) ON DELETE CASCADE ON UPDATE CASCADE
) ENGINE=InnoDB DEFAULT CHARSET=utf8;
/*!40101 SET character_set_client = @saved_cs_client */;

--
-- Dumping data for table `StudentSubject`
--

LOCK TABLES `StudentSubject` WRITE;
/*!40000 ALTER TABLE `StudentSubject` DISABLE KEYS */;
INSERT INTO `StudentSubject` VALUES (3000,3059,'2017-01-01'),(3001,9966,'2017-01-02'),(3002,1252,'2017-01-03'),(3003,2700,'2017-01-04'),(3004,2824,'2017-01-05'),(3005,2235,'2017-01-06'),(3006,8047,'2017-01-07'),(3007,7551,'2017-01-08'),(3008,5742,'2017-01-09'),(3009,4697,'2017-01-10'),(3010,9722,'2017-01-11'),(3011,3241,'2017-01-12'),(3012,4648,'2017-01-13'),(3013,1947,'2017-01-14'),(3014,2027,'2017-01-15'),(3015,2589,'2017-01-16'),(3016,5970,'2017-01-17'),(3017,6611,'2017-01-18'),(3018,9195,'2017-01-19'),(3019,5544,'2017-01-20'),(3020,3337,'2017-01-21'),(3021,2696,'2017-01-22'),(3022,9753,'2017-01-23'),(3023,7818,'2017-01-24'),(3024,2907,'2017-01-25'),(3025,4899,'2017-01-26'),(3026,1959,'2017-01-27'),(3027,1222,'2017-01-28'),(3028,6851,'2017-01-29'),(3029,7297,'2017-01-30'),(3030,9476,'2017-01-31'),(3031,5191,'2017-02-01'),(3032,6192,'2017-02-02'),(3033,8374,'2017-02-03'),(3034,7777,'2017-02-04'),(3035,4659,'2017-02-05'),(3036,7921,'2017-02-06'),(3037,9811,'2017-02-07'),(3038,4086,'2017-02-08'),(3039,8112,'2017-02-09'),(3040,1970,'2017-02-10'),(3041,1847,'2017-02-11'),(3042,1966,'2017-02-12'),(3043,2189,'2017-02-13'),(3044,9650,'2017-02-14'),(3045,3932,'2017-02-15'),(3046,4079,'2017-02-16'),(3047,7822,'2017-02-17'),(3048,1378,'2017-02-18'),(3049,6732,'2017-02-19'),(3050,4124,'2017-02-20'),(3051,8258,'2017-02-21'),(3052,7514,'2017-02-22'),(3053,3486,'2017-02-23'),(3054,4051,'2017-02-24'),(3055,8395,'2017-02-25'),(3056,7481,'2017-02-26'),(3057,1237,'2017-02-27'),(3058,5159,'2017-02-28'),(3059,4436,'2017-03-01'),(3060,8652,'2017-03-02'),(3061,1916,'2017-03-03'),(3062,3188,'2017-03-04'),(3063,7463,'2017-03-05'),(3064,4337,'2017-03-06'),(3065,7151,'2017-03-07'),(3066,6697,'2017-03-08'),(3067,3787,'2017-03-09'),(3068,7244,'2017-03-10'),(3069,9000,'2017-03-11'),(3070,4109,'2017-03-12'),(3071,3889,'2017-03-13'),(3072,5451,'2017-03-14'),(3073,7491,'2017-03-15'),(3074,1411,'2017-03-16'),(3075,8288,'2017-03-17'),(3076,4851,'2017-03-18'),(3077,1982,'2017-03-19'),(3078,3217,'2017-03-20'),(3079,4999,'2017-03-21'),(3080,7022,'2017-03-22'),(3081,4986,'2017-03-23'),(3082,1316,'2017-03-24'),(3083,9180,'2017-03-25'),(3084,2859,'2017-03-26'),(3085,4368,'2017-03-27'),(3086,1665,'2017-03-28'),(3087,9715,'2017-03-29'),(3088,6081,'2017-03-30'),(3089,9089,'2017-03-31'),(3090,9087,'2017-04-01'),(3091,9389,'2017-04-02'),(3092,6549,'2017-04-03'),(3093,9094,'2017-04-04'),(3094,4465,'2017-04-05'),(3095,4125,'2017-04-06'),(3096,4284,'2017-04-07'),(3097,2737,'2017-04-08'),(3098,3874,'2017-04-09'),(3099,1183,'2017-04-10'),(3100,4198,'2017-04-11'),(3101,6549,'2017-04-12'),(3102,9005,'2017-04-13'),(3103,4212,'2017-04-14'),(3104,1762,'2017-04-15'),(3105,5631,'2017-04-16'),(3106,9199,'2017-04-17'),(3107,1782,'2017-04-18'),(3108,1172,'2017-04-19'),(3109,9850,'2017-04-20'),(3110,7465,'2017-04-21'),(3111,6351,'2017-04-22'),(3112,3122,'2017-04-23'),(3113,9409,'2017-04-24'),(3114,6826,'2017-04-25'),(3115,1497,'2017-04-26'),(3116,7615,'2017-04-27'),(3117,5715,'2017-04-28'),(3118,2393,'2017-04-29'),(3119,7028,'2017-04-30'),(3120,8336,'2017-05-01'),(3121,4697,'2017-05-02'),(3122,4339,'2017-05-03'),(3123,5226,'2017-05-04'),(3124,5998,'2017-05-05'),(3125,6137,'2017-05-06'),(3126,1838,'2017-05-07'),(3127,4356,'2017-05-08'),(3128,5834,'2017-05-09'),(3129,5980,'2017-05-10'),(3130,7323,'2017-05-11'),(3131,2608,'2017-05-12'),(3132,4964,'2017-05-13'),(3133,5120,'2017-05-14'),(3134,4710,'2017-05-15'),(3135,1999,'2017-05-16'),(3136,7729,'2017-05-17'),(3137,2176,'2017-05-18'),(3138,8323,'2017-05-19'),(3139,9252,'2017-05-20'),(3140,7233,'2017-05-21'),(3141,1898,'2017-05-22'),(3142,8985,'2017-05-23'),(3143,3939,'2017-05-24'),(3144,9293,'2017-05-25'),(3145,5453,'2017-05-26'),(3146,8122,'2017-05-27'),(3147,9035,'2017-05-28'),(3148,3758,'2017-05-29'),(3149,5401,'2017-05-30'),(3150,9898,'2017-05-31'),(3151,7597,'2017-06-01'),(3152,5635,'2017-06-02'),(3153,9157,'2017-06-03'),(3154,1417,'2017-06-04'),(3155,4351,'2017-06-05'),(3156,1489,'2017-06-06'),(3157,4350,'2017-06-07'),(3158,1871,'2017-06-08'),(3159,9817,'2017-06-09'),(3160,8175,'2017-06-10'),(3161,5567,'2017-06-11'),(3162,6114,'2017-06-12'),(3163,3112,'2017-06-13'),(3164,8282,'2017-06-14'),(3165,5201,'2017-06-15'),(3166,4350,'2017-06-16'),(3167,3429,'2017-06-17'),(3168,2440,'2017-06-18'),(3169,7303,'2017-06-19'),(3170,9757,'2017-06-20'),(3171,1076,'2017-06-21'),(3172,8454,'2017-06-22'),(3173,1365,'2017-06-23'),(3174,5506,'2017-06-24'),(3175,6405,'2017-06-25'),(3176,5958,'2017-06-26'),(3177,3895,'2017-06-27'),(3178,8391,'2017-06-28'),(3179,4744,'2017-06-29'),(3180,4859,'2017-06-30'),(3181,7370,'2017-07-01'),(3182,8865,'2017-07-02'),(3183,6401,'2017-07-03'),(3184,9936,'2017-07-04'),(3185,8930,'2017-07-05'),(3186,1677,'2017-07-06'),(3187,2310,'2017-07-07'),(3188,9600,'2017-07-08'),(3189,5301,'2017-07-09'),(3190,6316,'2017-07-10'),(3191,5409,'2017-07-11'),(3192,6560,'2017-07-12'),(3193,5246,'2017-07-13'),(3194,3852,'2017-07-14'),(3195,5380,'2017-07-15'),(3196,9670,'2017-07-16'),(3197,5836,'2017-07-17'),(3198,5268,'2017-07-18'),(3199,7016,'2017-07-19'),(3200,3059,'2017-07-20'),(3201,9966,'2017-07-21'),(3202,1252,'2017-07-22'),(3203,2700,'2017-07-23'),(3204,2824,'2017-07-24'),(3205,2235,'2017-07-25'),(3206,8047,'2017-07-26'),(3207,7551,'2017-07-27'),(3208,5742,'2017-07-28'),(3209,4697,'2017-07-29'),(3210,9722,'2017-07-30'),(3211,3241,'2017-07-31'),(3212,4648,'2017-08-01'),(3213,1947,'2017-08-02'),(3214,2027,'2017-08-03'),(3215,2589,'2017-08-04'),(3216,5970,'2017-08-05'),(3217,6611,'2017-08-06'),(3218,9195,'2017-08-07'),(3219,5544,'2017-08-08'),(3220,3337,'2017-08-09'),(3221,2696,'2017-08-10'),(3222,9753,'2017-08-11'),(3223,7818,'2017-08-12'),(3224,2907,'2017-08-13'),(3225,4899,'2017-08-14'),(3226,1959,'2017-08-15'),(3227,1222,'2017-08-16'),(3228,6851,'2017-08-17'),(3229,7297,'2017-08-18'),(3230,9476,'2017-08-19'),(3231,5191,'2017-08-20'),(3232,6192,'2017-08-21'),(3233,8374,'2017-08-22'),(3234,7777,'2017-08-23'),(3235,4659,'2017-08-24'),(3236,7921,'2017-08-25'),(3237,9811,'2017-08-26'),(3238,4086,'2017-08-27'),(3239,8112,'2017-08-28'),(3240,1970,'2017-08-29'),(3241,1847,'2017-08-30'),(3242,1966,'2017-08-31'),(3243,2189,'2017-09-01'),(3244,9650,'2017-09-02'),(3245,3932,'2017-09-03'),(3246,4079,'2017-09-04'),(3247,7822,'2017-09-05'),(3248,1378,'2017-09-06'),(3249,6732,'2017-09-07'),(3250,4124,'2017-09-08'),(3251,8258,'2017-09-09'),(3252,7514,'2017-09-10'),(3253,3486,'2017-09-11'),(3254,4051,'2017-09-12'),(3255,8395,'2017-09-13'),(3256,7481,'2017-09-14'),(3257,1237,'2017-09-15'),(3258,5159,'2017-09-16'),(3259,4436,'2017-09-17'),(3260,8652,'2017-09-18'),(3261,1916,'2017-09-19'),(3262,3188,'2017-09-20'),(3263,7463,'2017-09-21'),(3264,4337,'2017-09-22'),(3265,7151,'2017-09-23'),(3266,6697,'2017-09-24'),(3267,3787,'2017-09-25'),(3268,7244,'2017-09-26'),(3269,9000,'2017-09-27'),(3270,4109,'2017-09-28'),(3271,3889,'2017-09-29'),(3272,5451,'2017-09-30'),(3273,7491,'2017-10-01'),(3274,1411,'2017-10-02'),(3275,8288,'2017-10-03'),(3276,4851,'2017-10-04'),(3277,1982,'2017-10-05'),(3278,3217,'2017-10-06'),(3279,4999,'2017-10-07'),(3280,7022,'2017-10-08'),(3281,4986,'2017-10-09'),(3282,1316,'2017-10-10'),(3283,9180,'2017-10-11'),(3284,2859,'2017-10-12'),(3285,4368,'2017-10-13'),(3286,1665,'2017-10-14'),(3287,9715,'2017-10-15'),(3288,6081,'2017-10-16'),(3289,9089,'2017-10-17'),(3290,9087,'2017-10-18'),(3291,9389,'2017-10-19'),(3292,6549,'2017-10-20'),(3293,9094,'2017-10-21'),(3294,4465,'2017-10-22'),(3295,4125,'2017-10-23'),(3296,4284,'2017-10-24'),(3297,2737,'2017-10-25'),(3298,3874,'2017-10-26'),(3299,1183,'2017-10-27'),(3300,4198,'2017-10-28'),(3301,6549,'2017-10-29'),(3302,9005,'2017-10-30'),(3303,4212,'2017-10-31'),(3304,1762,'2017-11-01'),(3305,5631,'2017-11-02'),(3306,9199,'2017-11-03'),(3307,1782,'2017-11-04'),(3308,1172,'2017-11-05'),(3309,9850,'2017-11-06'),(3310,7465,'2017-11-07'),(3311,6351,'2017-11-08'),(3312,3122,'2017-11-09'),(3313,9409,'2017-11-10'),(3314,6826,'2017-11-11'),(3315,1497,'2017-11-12'),(3316,7615,'2017-11-13'),(3317,5715,'2017-11-14'),(3318,2393,'2017-11-15'),(3319,7028,'2017-11-16'),(3320,8336,'2017-11-17'),(3321,4697,'2017-11-18'),(3322,4339,'2017-11-19'),(3323,5226,'2017-11-20'),(3324,5998,'2017-11-21'),(3325,6137,'2017-11-22'),(3326,1838,'2017-11-23'),(3327,4356,'2017-11-24'),(3328,5834,'2017-11-25'),(3329,5980,'2017-11-26'),(3330,7323,'2017-11-27'),(3331,2608,'2017-11-28'),(3332,4964,'2017-11-29'),(3333,5120,'2017-11-30'),(3334,4710,'2017-12-01'),(3335,1999,'2017-12-02'),(3336,7729,'2017-12-03'),(3337,2176,'2017-12-04'),(3338,8323,'2017-12-05'),(3339,9252,'2017-12-06'),(3340,7233,'2017-12-07'),(3341,1898,'2017-12-08'),(3342,8985,'2017-12-09'),(3343,3939,'2017-12-10'),(3344,9293,'2017-12-11'),(3345,5453,'2017-12-12'),(3346,8122,'2017-12-13'),(3347,9035,'2017-12-14'),(3348,3758,'2017-12-15'),(3349,5401,'2017-12-16'),(3350,9898,'2017-12-17'),(3351,7597,'2017-12-18'),(3352,5635,'2017-12-19'),(3353,9157,'2017-12-20'),(3354,1417,'2017-12-21'),(3355,4351,'2017-12-22'),(3356,1489,'2017-12-23'),(3357,4350,'2017-12-24'),(3358,1871,'2017-12-25'),(3359,9817,'2017-12-26'),(3360,8175,'2017-12-27'),(3361,5567,'2017-12-28'),(3362,6114,'2017-12-29'),(3363,3112,'2017-12-30'),(3364,8282,'2017-12-31'),(3365,5201,'2018-01-01'),(3366,4350,'2018-01-02'),(3367,3429,'2018-01-03'),(3368,2440,'2018-01-04'),(3369,7303,'2018-01-05'),(3370,9757,'2018-01-06'),(3371,1076,'2018-01-07'),(3372,8454,'2018-01-08'),(3373,1365,'2018-01-09'),(3374,5506,'2018-01-10'),(3375,6405,'2018-01-11'),(3376,5958,'2018-01-12'),(3377,3895,'2018-01-13'),(3378,8391,'2018-01-14'),(3379,4744,'2018-01-15'),(3380,4859,'2018-01-16'),(3381,7370,'2018-01-17'),(3382,8865,'2018-01-18'),(3383,6401,'2018-01-19'),(3384,9936,'2018-01-20'),(3385,8930,'2018-01-21'),(3386,1677,'2018-01-22'),(3387,2310,'2018-01-23'),(3388,9600,'2018-01-24'),(3389,5301,'2018-01-25'),(3390,6316,'2018-01-26'),(3391,5409,'2018-01-27'),(3392,6560,'2018-01-28'),(3393,5246,'2018-01-29'),(3394,3852,'2018-01-30'),(3395,5380,'2018-01-31'),(3396,9670,'2018-02-01'),(3397,5836,'2018-02-02'),(3398,5268,'2018-02-03'),(3399,7016,'2018-02-04'),(3400,3059,'2018-02-05'),(3401,9966,'2018-02-06'),(3402,1252,'2018-02-07'),(3403,2700,'2018-02-08'),(3404,2824,'2018-02-09'),(3405,2235,'2018-02-10'),(3406,8047,'2018-02-11'),(3407,7551,'2018-02-12'),(3408,5742,'2018-02-13'),(3409,4697,'2018-02-14'),(3410,9722,'2018-02-15'),(3411,3241,'2018-02-16'),(3412,4648,'2018-02-17'),(3413,1947,'2018-02-18'),(3414,2027,'2018-02-19'),(3415,2589,'2018-02-20'),(3416,5970,'2018-02-21'),(3417,6611,'2018-02-22'),(3418,9195,'2018-02-23'),(3419,5544,'2018-02-24'),(3420,3337,'2018-02-25'),(3421,2696,'2018-02-26'),(3422,9753,'2018-02-27'),(3423,7818,'2018-02-28'),(3424,2907,'2018-03-01'),(3425,4899,'2018-03-02'),(3426,1959,'2018-03-03'),(3427,1222,'2018-03-04'),(3428,6851,'2018-03-05'),(3429,7297,'2018-03-06'),(3430,9476,'2018-03-07'),(3431,5191,'2018-03-08'),(3432,6192,'2018-03-09'),(3433,8374,'2018-03-10'),(3434,7777,'2018-03-11'),(3435,4659,'2018-03-12'),(3436,7921,'2018-03-13'),(3437,9811,'2018-03-14'),(3438,4086,'2018-03-15'),(3439,8112,'2018-03-16'),(3440,1970,'2018-03-17'),(3441,1847,'2018-03-18'),(3442,1966,'2018-03-19'),(3443,2189,'2018-03-20'),(3444,9650,'2018-03-21'),(3445,3932,'2018-03-22'),(3446,4079,'2018-03-23'),(3447,7822,'2018-03-24'),(3448,1378,'2018-03-25'),(3449,6732,'2018-03-26'),(3450,4124,'2018-03-27'),(3451,8258,'2018-03-28'),(3452,7514,'2018-03-29'),(3453,3486,'2018-03-30'),(3454,4051,'2018-03-31'),(3455,8395,'2018-04-01'),(3456,7481,'2018-04-02'),(3457,1237,'2018-04-03'),(3458,5159,'2018-04-04'),(3459,4436,'2018-04-05'),(3460,8652,'2018-04-06'),(3461,1916,'2018-04-07'),(3462,3188,'2018-04-08'),(3463,7463,'2018-04-09'),(3464,4337,'2018-04-10'),(3465,7151,'2018-04-11'),(3466,6697,'2018-04-12'),(3467,3787,'2018-04-13'),(3468,7244,'2018-04-14'),(3469,9000,'2018-04-15'),(3470,4109,'2018-04-16'),(3471,3889,'2018-04-17'),(3472,5451,'2018-04-18'),(3473,7491,'2018-04-19'),(3474,1411,'2018-04-20'),(3475,8288,'2018-04-21'),(3476,4851,'2018-04-22'),(3477,1982,'2018-04-23'),(3478,3217,'2018-04-24'),(3479,4999,'2018-04-25'),(3480,7022,'2018-04-26'),(3481,4986,'2018-04-27'),(3482,1316,'2018-04-28'),(3483,9180,'2018-04-29'),(3484,2859,'2018-04-30'),(3485,4368,'2018-05-01'),(3486,1665,'2018-05-02'),(3487,9715,'2018-05-03'),(3488,6081,'2018-05-04'),(3489,9089,'2018-05-05'),(3490,9087,'2018-05-06'),(3491,9389,'2018-05-07'),(3492,6549,'2018-05-08'),(3493,9094,'2018-05-09'),(3494,4465,'2018-05-10'),(3495,4125,'2018-05-11'),(3496,4284,'2018-05-12'),(3497,2737,'2018-05-13'),(3498,3874,'2018-05-14'),(3499,1183,'2018-05-15'),(3500,4198,'2018-05-16'),(3501,6549,'2018-05-17'),(3502,9005,'2018-05-18'),(3503,4212,'2018-05-19'),(3504,1762,'2018-05-20'),(3505,5631,'2018-05-21'),(3506,9199,'2018-05-22'),(3507,1782,'2018-05-23'),(3508,1172,'2018-05-24'),(3509,9850,'2018-05-25'),(3510,7465,'2018-05-26'),(3511,6351,'2018-05-27'),(3512,3122,'2018-05-28'),(3513,9409,'2018-05-29'),(3514,6826,'2018-05-30'),(3515,1497,'2018-05-31'),(3516,7615,'2018-06-01'),(3517,5715,'2018-06-02'),(3518,2393,'2018-06-03'),(3519,7028,'2018-06-04'),(3520,8336,'2018-06-05'),(3521,4697,'2018-06-06'),(3522,4339,'2018-06-07'),(3523,5226,'2018-06-08'),(3524,5998,'2018-06-09'),(3525,6137,'2018-06-10'),(3526,1838,'2018-06-11'),(3527,4356,'2018-06-12'),(3528,5834,'2018-06-13'),(3529,5980,'2018-06-14'),(3530,7323,'2018-06-15'),(3531,2608,'2018-06-16'),(3532,4964,'2018-06-17'),(3533,5120,'2018-06-18'),(3534,4710,'2018-06-19'),(3535,1999,'2018-06-20'),(3536,7729,'2018-06-21'),(3537,2176,'2018-06-22'),(3538,8323,'2018-06-23'),(3539,9252,'2018-06-24'),(3540,7233,'2018-06-25'),(3541,1898,'2018-06-26'),(3542,8985,'2018-06-27'),(3543,3939,'2018-06-28'),(3544,9293,'2018-06-29'),(3545,5453,'2018-06-30'),(3546,8122,'2018-07-01'),(3547,9035,'2018-07-02'),(3548,3758,'2018-07-03'),(3549,5401,'2018-07-04'),(3550,9898,'2018-07-05'),(3551,7597,'2018-07-06'),(3552,5635,'2018-07-07'),(3553,9157,'2018-07-08'),(3554,1417,'2018-07-09'),(3555,4351,'2018-07-10'),(3556,1489,'2018-07-11'),(3557,4350,'2018-07-12'),(3558,1871,'2018-07-13'),(3559,9817,'2018-07-14'),(3560,8175,'2018-07-15'),(3561,5567,'2018-07-16'),(3562,6114,'2018-07-17'),(3563,3112,'2018-07-18'),(3564,8282,'2018-07-19'),(3565,5201,'2018-07-20'),(3566,4350,'2018-07-21'),(3567,3429,'2018-07-22'),(3568,2440,'2018-07-23'),(3569,7303,'2018-07-24'),(3570,9757,'2018-07-25'),(3571,1076,'2018-07-26'),(3572,8454,'2018-07-27'),(3573,1365,'2018-07-28'),(3574,5506,'2018-07-29'),(3575,6405,'2018-07-30'),(3576,5958,'2018-07-31'),(3577,3895,'2018-08-01'),(3578,8391,'2018-08-02'),(3579,4744,'2018-08-03'),(3580,4859,'2018-08-04'),(3581,7370,'2018-08-05'),(3582,8865,'2018-08-06'),(3583,6401,'2018-08-07'),(3584,9936,'2018-08-08'),(3585,8930,'2018-08-09'),(3586,1677,'2018-08-10'),(3587,2310,'2018-08-11'),(3588,9600,'2018-08-12'),(3589,5301,'2018-08-13'),(3590,6316,'2018-08-14'),(3591,5409,'2018-08-15'),(3592,6560,'2018-08-16'),(3593,5246,'2018-08-17'),(3594,3852,'2018-08-18'),(3595,5380,'2018-08-19'),(3596,9670,'2018-08-20'),(3597,5836,'2018-08-21'),(3598,5268,'2018-08-22'),(3599,7016,'2018-08-23'),(3600,3059,'2018-08-24'),(3601,9966,'2018-08-25'),(3602,1252,'2018-08-26'),(3603,2700,'2018-08-27'),(3604,2824,'2018-08-28'),(3605,2235,'2018-08-29'),(3606,8047,'2018-08-30'),(3607,7551,'2018-08-31'),(3608,5742,'2018-09-01'),(3609,4697,'2018-09-02'),(3610,9722,'2018-09-03'),(3611,3241,'2018-09-04'),(3612,4648,'2018-09-05'),(3613,1947,'2018-09-06'),(3614,2027,'2018-09-07'),(3615,2589,'2018-09-08'),(3616,5970,'2018-09-09'),(3617,6611,'2018-09-10'),(3618,9195,'2018-09-11'),(3619,5544,'2018-09-12'),(3620,3337,'2018-09-13'),(3621,2696,'2018-09-14'),(3622,9753,'2018-09-15'),(3623,7818,'2018-09-16'),(3624,2907,'2018-09-17'),(3625,4899,'2018-09-18'),(3626,1959,'2018-09-19'),(3627,1222,'2018-09-20'),(3628,6851,'2018-09-21'),(3629,7297,'2018-09-22'),(3630,9476,'2018-09-23'),(3631,5191,'2018-09-24'),(3632,6192,'2018-09-25'),(3633,8374,'2018-09-26'),(3634,7777,'2018-09-27'),(3635,4659,'2018-09-28'),(3636,7921,'2018-09-29'),(3637,9811,'2018-09-30'),(3638,4086,'2018-10-01'),(3639,8112,'2018-10-02'),(3640,1970,'2018-10-03'),(3641,1847,'2018-10-04'),(3642,1966,'2018-10-05'),(3643,2189,'2018-10-06'),(3644,9650,'2018-10-07'),(3645,3932,'2018-10-08'),(3646,4079,'2018-10-09'),(3647,7822,'2018-10-10'),(3648,1378,'2018-10-11'),(3649,6732,'2018-10-12'),(3650,4124,'2018-10-13'),(3651,8258,'2018-10-14'),(3652,7514,'2018-10-15'),(3653,3486,'2018-10-16'),(3654,4051,'2018-10-17'),(3655,8395,'2018-10-18'),(3656,7481,'2018-10-19'),(3657,1237,'2018-10-20'),(3658,5159,'2018-10-21'),(3659,4436,'2018-10-22'),(3660,8652,'2018-10-23'),(3661,1916,'2018-10-24'),(3662,3188,'2018-10-25'),(3663,7463,'2018-10-26'),(3664,4337,'2018-10-27'),(3665,7151,'2018-10-28'),(3666,6697,'2018-10-29'),(3667,3787,'2018-10-30'),(3668,7244,'2018-10-31'),(3669,9000,'2018-11-01'),(3670,4109,'2018-11-02'),(3671,3889,'2018-11-03'),(3672,5451,'2018-11-04'),(3673,7491,'2018-11-05'),(3674,1411,'2018-11-06'),(3675,8288,'2018-11-07'),(3676,4851,'2018-11-08'),(3677,1982,'2018-11-09'),(3678,3217,'2018-11-10'),(3679,4999,'2018-11-11'),(3680,7022,'2018-11-12'),(3681,4986,'2018-11-13'),(3682,1316,'2018-11-14'),(3683,9180,'2018-11-15'),(3684,2859,'2018-11-16'),(3685,4368,'2018-11-17'),(3686,1665,'2018-11-18'),(3687,9715,'2018-11-19'),(3688,6081,'2018-11-20'),(3689,9089,'2018-11-21'),(3690,9087,'2018-11-22'),(3691,9389,'2018-11-23'),(3692,6549,'2018-11-24'),(3693,9094,'2018-11-25'),(3694,4465,'2018-11-26'),(3695,4125,'2018-11-27'),(3696,4284,'2018-11-28'),(3697,2737,'2018-11-29'),(3698,3874,'2018-11-30'),(3699,1183,'2018-12-01'),(3700,4198,'2018-12-02'),(3701,6549,'2018-12-03'),(3702,9005,'2018-12-04'),(3703,4212,'2018-12-05'),(3704,1762,'2018-12-06'),(3705,5631,'2018-12-07'),(3706,9199,'2018-12-08'),(3707,1782,'2018-12-09'),(3708,1172,'2018-12-10'),(3709,9850,'2018-12-11'),(3710,7465,'2018-12-12'),(3711,6351,'2018-12-13'),(3712,3122,'2018-12-14'),(3713,9409,'2018-12-15'),(3714,6826,'2018-12-16'),(3715,1497,'2018-12-17'),(3716,7615,'2018-12-18'),(3717,5715,'2018-12-19'),(3718,2393,'2018-12-20'),(3719,7028,'2018-12-21'),(3720,8336,'2018-12-22'),(3721,4697,'2018-12-23'),(3722,4339,'2018-12-24'),(3723,5226,'2018-12-25'),(3724,5998,'2018-12-26'),(3725,6137,'2018-12-27'),(3726,1838,'2018-12-28'),(3727,4356,'2018-12-29'),(3728,5834,'2018-12-30'),(3729,5980,'2018-12-31'),(3730,7323,'2019-01-01'),(3731,2608,'2019-01-02'),(3732,4964,'2019-01-03'),(3733,5120,'2019-01-04'),(3734,4710,'2019-01-05'),(3735,1999,'2019-01-06'),(3736,7729,'2019-01-07'),(3737,2176,'2019-01-08'),(3738,8323,'2019-01-09'),(3739,9252,'2019-01-10'),(3740,7233,'2019-01-11'),(3741,1898,'2019-01-12'),(3742,8985,'2019-01-13'),(3743,3939,'2019-01-14'),(3744,9293,'2019-01-15'),(3745,5453,'2019-01-16'),(3746,8122,'2019-01-17'),(3747,9035,'2019-01-18'),(3748,3758,'2019-01-19'),(3749,5401,'2019-01-20'),(3750,9898,'2019-01-21'),(3751,7597,'2019-01-22'),(3752,5635,'2019-01-23'),(3753,9157,'2019-01-24'),(3754,1417,'2019-01-25'),(3755,4351,'2019-01-26'),(3756,1489,'2019-01-27'),(3757,4350,'2019-01-28'),(3758,1871,'2019-01-29'),(3759,9817,'2019-01-30'),(3760,8175,'2019-01-31'),(3761,5567,'2019-02-01'),(3762,6114,'2019-02-02'),(3763,3112,'2019-02-03'),(3764,8282,'2019-02-04'),(3765,5201,'2019-02-05'),(3766,4350,'2019-02-06'),(3767,3429,'2019-02-07'),(3768,2440,'2019-02-08'),(3769,7303,'2019-02-09'),(3770,9757,'2019-02-10'),(3771,1076,'2019-02-11'),(3772,8454,'2019-02-12'),(3773,1365,'2019-02-13'),(3774,5506,'2019-02-14'),(3775,6405,'2019-02-15'),(3776,5958,'2019-02-16'),(3777,3895,'2019-02-17'),(3778,8391,'2019-02-18'),(3779,4744,'2019-02-19'),(3780,4859,'2019-02-20'),(3781,7370,'2019-02-21'),(3782,8865,'2019-02-22'),(3783,6401,'2019-02-23'),(3784,9936,'2019-02-24'),(3785,8930,'2019-02-25'),(3786,1677,'2019-02-26'),(3787,2310,'2019-02-27'),(3788,9600,'2019-02-28'),(3789,5301,'2019-03-01'),(3790,6316,'2019-03-02'),(3791,5409,'2019-03-03'),(3792,6560,'2019-03-04'),(3793,5246,'2019-03-05'),(3794,3852,'2019-03-06'),(3795,5380,'2019-03-07'),(3796,9670,'2019-03-08'),(3797,5836,'2019-03-09'),(3798,5268,'2019-03-10'),(3799,7016,'2019-03-11'),(3800,3059,'2019-03-12'),(3801,9966,'2019-03-13'),(3802,1252,'2019-03-14'),(3803,2700,'2019-03-15'),(3804,2824,'2019-03-16'),(3805,2235,'2019-03-17'),(3806,8047,'2019-03-18'),(3807,7551,'2019-03-19'),(3808,5742,'2019-03-20'),(3809,4697,'2019-03-21'),(3810,9722,'2019-03-22'),(3811,3241,'2019-03-23'),(3812,4648,'2019-03-24'),(3813,1947,'2019-03-25'),(3814,2027,'2019-03-26'),(3815,2589,'2019-03-27'),(3816,5970,'2019-03-28'),(3817,6611,'2019-03-29'),(3818,9195,'2019-03-30'),(3819,5544,'2019-03-31'),(3820,3337,'2019-04-01'),(3821,2696,'2019-04-02'),(3822,9753,'2019-04-03'),(3823,7818,'2019-04-04'),(3824,2907,'2019-04-05'),(3825,4899,'2019-04-06'),(3826,1959,'2019-04-07'),(3827,1222,'2019-04-08'),(3828,6851,'2019-04-09'),(3829,7297,'2019-04-10'),(3830,9476,'2019-04-11'),(3831,5191,'2019-04-12'),(3832,6192,'2019-04-13'),(3833,8374,'2019-04-14'),(3834,7777,'2019-04-15'),(3835,4659,'2019-04-16'),(3836,7921,'2019-04-17'),(3837,9811,'2019-04-18'),(3838,4086,'2019-04-19'),(3839,8112,'2019-04-20'),(3840,1970,'2019-04-21'),(3841,1847,'2019-04-22'),(3842,1966,'2019-04-23'),(3843,2189,'2019-04-24'),(3844,9650,'2019-04-25'),(3845,3932,'2019-04-26'),(3846,4079,'2019-04-27'),(3847,7822,'2019-04-28'),(3848,1378,'2019-04-29'),(3849,6732,'2019-04-30'),(3850,4124,'2019-05-01'),(3851,8258,'2019-05-02'),(3852,7514,'2019-05-03'),(3853,3486,'2019-05-04'),(3854,4051,'2019-05-05'),(3855,8395,'2019-05-06'),(3856,7481,'2019-05-07'),(3857,1237,'2019-05-08'),(3858,5159,'2019-05-09'),(3859,4436,'2019-05-10'),(3860,8652,'2019-05-11'),(3861,1916,'2019-05-12'),(3862,3188,'2019-05-13'),(3863,7463,'2019-05-14'),(3864,4337,'2019-05-15'),(3865,7151,'2019-05-16'),(3866,6697,'2019-05-17'),(3867,3787,'2019-05-18'),(3868,7244,'2019-05-19'),(3869,9000,'2019-05-20'),(3870,4109,'2019-05-21'),(3871,3889,'2019-05-22'),(3872,5451,'2019-05-23'),(3873,7491,'2019-05-24'),(3874,1411,'2019-05-25'),(3875,8288,'2019-05-26'),(3876,4851,'2019-05-27'),(3877,1982,'2019-05-28'),(3878,3217,'2019-05-29'),(3879,4999,'2019-05-30'),(3880,7022,'2019-05-31'),(3881,4986,'2019-06-01'),(3882,1316,'2019-06-02'),(3883,9180,'2019-06-03'),(3884,2859,'2019-06-04'),(3885,4368,'2019-06-05'),(3886,1665,'2019-06-06'),(3887,9715,'2019-06-07'),(3888,6081,'2019-06-08'),(3889,9089,'2019-06-09'),(3890,9087,'2019-06-10'),(3891,9389,'2019-06-11'),(3892,6549,'2019-06-12'),(3893,9094,'2019-06-13'),(3894,4465,'2019-06-14'),(3895,4125,'2019-06-15'),(3896,4284,'2019-06-16'),(3897,2737,'2019-06-17'),(3898,3874,'2019-06-18'),(3899,1183,'2019-06-19'),(3900,4198,'2019-06-20'),(3901,6549,'2019-06-21'),(3902,9005,'2019-06-22'),(3903,4212,'2019-06-23'),(3904,1762,'2019-06-24'),(3905,5631,'2019-06-25'),(3906,9199,'2019-06-26'),(3907,1782,'2019-06-27'),(3908,1172,'2019-06-28'),(3909,9850,'2019-06-29'),(3910,7465,'2019-06-30'),(3911,6351,'2019-07-01'),(3912,3122,'2019-07-02'),(3913,9409,'2019-07-03'),(3914,6826,'2019-07-04'),(3915,1497,'2019-07-05'),(3916,7615,'2019-07-06'),(3917,5715,'2019-07-07'),(3918,2393,'2019-07-08'),(3919,7028,'2019-07-09'),(3920,8336,'2019-07-10'),(3921,4697,'2019-07-11'),(3922,4339,'2019-07-12'),(3923,5226,'2019-07-13'),(3924,5998,'2019-07-14'),(3925,6137,'2019-07-15'),(3926,1838,'2019-07-16'),(3927,4356,'2019-07-17'),(3928,5834,'2019-07-18'),(3929,5980,'2019-07-19'),(3930,7323,'2019-07-20'),(3931,2608,'2019-07-21'),(3932,4964,'2019-07-22'),(3933,5120,'2019-07-23'),(3934,4710,'2019-07-24'),(3935,1999,'2019-07-25'),(3936,7729,'2019-07-26'),(3937,2176,'2019-07-27'),(3938,8323,'2019-07-28'),(3939,9252,'2019-07-29'),(3940,7233,'2019-07-30'),(3941,1898,'2019-07-31'),(3942,8985,'2019-08-01'),(3943,3939,'2019-08-02'),(3944,9293,'2019-08-03'),(3945,5453,'2019-08-04'),(3946,8122,'2019-08-05'),(3947,9035,'2019-08-06'),(3948,3758,'2019-08-07'),(3949,5401,'2019-08-08'),(3950,9898,'2019-08-09'),(3951,7597,'2019-08-10'),(3952,5635,'2019-08-11'),(3953,9157,'2019-08-12'),(3954,1417,'2019-08-13'),(3955,4351,'2019-08-14'),(3956,1489,'2019-08-15'),(3957,4350,'2019-08-16'),(3958,1871,'2019-08-17'),(3959,9817,'2019-08-18'),(3960,8175,'2019-08-19'),(3961,5567,'2019-08-20'),(3962,6114,'2019-08-21'),(3963,3112,'2019-08-22'),(3964,8282,'2019-08-23'),(3965,5201,'2019-08-24'),(3966,4350,'2019-08-25'),(3967,3429,'2019-08-26'),(3968,2440,'2019-08-27'),(3969,7303,'2019-08-28'),(3970,9757,'2019-08-29'),(3971,1076,'2019-08-30'),(3972,8454,'2019-08-31'),(3973,1365,'2019-09-01'),(3974,5506,'2019-09-02'),(3975,6405,'2019-09-03'),(3976,5958,'2019-09-04'),(3977,3895,'2019-09-05'),(3978,8391,'2019-09-06'),(3979,4744,'2019-09-07'),(3980,4859,'2019-09-08'),(3981,7370,'2019-09-09'),(3982,8865,'2019-09-10'),(3983,6401,'2019-09-11'),(3984,9936,'2019-09-12'),(3985,8930,'2019-09-13'),(3986,1677,'2019-09-14'),(3987,2310,'2019-09-15'),(3988,9600,'2019-09-16'),(3989,5301,'2019-09-17'),(3990,6316,'2019-09-18'),(3991,5409,'2019-09-19'),(3992,6560,'2019-09-20'),(3993,5246,'2019-09-21'),(3994,3852,'2019-09-22'),(3995,5380,'2019-09-23'),(3996,9670,'2019-09-24'),(3997,5836,'2019-09-25'),(3998,5268,'2019-09-26'),(3999,7016,'2019-09-27');
/*!40000 ALTER TABLE `StudentSubject` ENABLE KEYS */;
UNLOCK TABLES;

--
-- Temporary view structure for view `StudentsAskingQuestions`
--

DROP TABLE IF EXISTS `StudentsAskingQuestions`;
/*!50001 DROP VIEW IF EXISTS `StudentsAskingQuestions`*/;
SET @saved_cs_client     = @@character_set_client;
/*!50503 SET character_set_client = utf8mb4 */;
/*!50001 CREATE VIEW `StudentsAskingQuestions` AS SELECT 
 1 AS `studentNo`,
 1 AS `name`,
 1 AS `school`,
 1 AS `title`*/;
SET character_set_client = @saved_cs_client;

--
-- Table structure for table `Subject`
--

DROP TABLE IF EXISTS `Subject`;
/*!40101 SET @saved_cs_client     = @@character_set_client */;
/*!50503 SET character_set_client = utf8mb4 */;
CREATE TABLE `Subject` (
  `subjectCode` int(11) NOT NULL,
  `subjectTitle` varchar(45) NOT NULL,
  PRIMARY KEY (`subjectCode`)
) ENGINE=InnoDB DEFAULT CHARSET=utf8;
/*!40101 SET character_set_client = @saved_cs_client */;

--
-- Dumping data for table `Subject`
--

LOCK TABLES `Subject` WRITE;
/*!40000 ALTER TABLE `Subject` DISABLE KEYS */;
INSERT INTO `Subject` VALUES (1076,'Algebra'),(1172,'Physics'),(1183,'Business'),(1222,'Calculus'),(1237,'Chemistry'),(1252,'Calculus'),(1316,'Business'),(1365,'Algebra'),(1378,'Calculus'),(1411,'Business'),(1417,'Algebra'),(1489,'Algebra'),(1497,'Physics'),(1665,'Business'),(1677,'ComputerSci'),(1762,'Physics'),(1782,'Physics'),(1838,'Biology'),(1847,'Calculus'),(1871,'Algebra'),(1898,'Biology'),(1916,'Chemistry'),(1947,'Calculus'),(1959,'Calculus'),(1966,'Calculus'),(1970,'Calculus'),(1982,'Business'),(1999,'Biology'),(2027,'Calculus'),(2176,'Biology'),(2189,'Calculus'),(2235,'Calculus'),(2310,'ComputerSci'),(2393,'Physics'),(2440,'Algebra'),(2589,'Calculus'),(2608,'Biology'),(2696,'Calculus'),(2700,'Calculus'),(2737,'Business'),(2824,'Calculus'),(2859,'Business'),(2907,'Calculus'),(3059,'Calculus'),(3112,'Algebra'),(3122,'Physics'),(3188,'Chemistry'),(3217,'Business'),(3241,'Calculus'),(3337,'Calculus'),(3429,'Algebra'),(3486,'Chemistry'),(3758,'Biology'),(3787,'Chemistry'),(3852,'ComputerSci'),(3874,'Business'),(3889,'Chemistry'),(3895,'ComputerSci'),(3932,'Calculus'),(3939,'Biology'),(4051,'Chemistry'),(4079,'Calculus'),(4086,'Calculus'),(4109,'Chemistry'),(4124,'Chemistry'),(4125,'Business'),(4198,'Physics'),(4212,'Physics'),(4284,'Business'),(4337,'Chemistry'),(4339,'Physics'),(4350,'Algebra'),(4351,'Algebra'),(4356,'Biology'),(4368,'Business'),(4436,'Chemistry'),(4465,'Business'),(4648,'Calculus'),(4659,'Calculus'),(4697,'Calculus'),(4710,'Biology'),(4744,'ComputerSci'),(4851,'Business'),(4859,'ComputerSci'),(4899,'Calculus'),(4964,'Biology'),(4986,'Business'),(4999,'Business'),(5120,'Biology'),(5159,'Chemistry'),(5191,'Calculus'),(5201,'Algebra'),(5226,'Physics'),(5246,'ComputerSci'),(5268,'ComputerSci'),(5301,'ComputerSci'),(5380,'ComputerSci'),(5401,'Biology'),(5409,'ComputerSci'),(5451,'Chemistry'),(5453,'Biology'),(5506,'ComputerSci'),(5544,'Calculus'),(5567,'Algebra'),(5631,'Physics'),(5635,'Algebra'),(5715,'Physics'),(5742,'Calculus'),(5834,'Biology'),(5836,'ComputerSci'),(5958,'ComputerSci'),(5970,'Calculus'),(5980,'Biology'),(5998,'Biology'),(6081,'Business'),(6114,'Algebra'),(6137,'Biology'),(6192,'Calculus'),(6316,'ComputerSci'),(6351,'Physics'),(6401,'ComputerSci'),(6405,'ComputerSci'),(6549,'Business'),(6560,'ComputerSci'),(6611,'Calculus'),(6697,'Chemistry'),(6732,'Calculus'),(6826,'Physics'),(6851,'Calculus'),(7016,'ComputerSci'),(7022,'Business'),(7028,'Physics'),(7151,'Chemistry'),(7233,'Biology'),(7244,'Chemistry'),(7297,'Calculus'),(7303,'Algebra'),(7323,'Biology'),(7370,'ComputerSci'),(7463,'Chemistry'),(7465,'Physics'),(7481,'Chemistry'),(7491,'Chemistry'),(7514,'Chemistry'),(7551,'Calculus'),(7597,'Algebra'),(7615,'Physics'),(7729,'Biology'),(7777,'Calculus'),(7818,'Calculus'),(7822,'Calculus'),(7921,'Calculus'),(8047,'Calculus'),(8112,'Calculus'),(8122,'Biology'),(8175,'Algebra'),(8258,'Chemistry'),(8282,'Algebra'),(8288,'Business'),(8323,'Biology'),(8336,'Physics'),(8374,'Calculus'),(8391,'ComputerSci'),(8395,'Chemistry'),(8454,'Algebra'),(8652,'Chemistry'),(8865,'ComputerSci'),(8930,'ComputerSci'),(8985,'Biology'),(9000,'Chemistry'),(9005,'Physics'),(9035,'Biology'),(9087,'Business'),(9089,'Business'),(9094,'Business'),(9157,'Algebra'),(9180,'Business'),(9195,'Calculus'),(9199,'Physics'),(9252,'Biology'),(9293,'Biology'),(9389,'Business'),(9409,'Physics'),(9476,'Calculus'),(9600,'ComputerSci'),(9650,'Calculus'),(9670,'ComputerSci'),(9715,'Business'),(9722,'Calculus'),(9753,'Calculus'),(9757,'Algebra'),(9811,'Calculus'),(9817,'Algebra'),(9850,'Physics'),(9898,'Algebra'),(9931,'Accounting'),(9936,'ComputerSci'),(9966,'Calculus');
/*!40000 ALTER TABLE `Subject` ENABLE KEYS */;
UNLOCK TABLES;

--
-- Table structure for table `Transaction`
--

DROP TABLE IF EXISTS `Transaction`;
/*!40101 SET @saved_cs_client     = @@character_set_client */;
/*!50503 SET character_set_client = utf8mb4 */;
CREATE TABLE `Transaction` (
  `transactionId` int(11) NOT NULL AUTO_INCREMENT,
  `amount` int(11) NOT NULL,
  `paymentDate` varchar(45) NOT NULL,
  `tutorNo` int(11) NOT NULL,
  `studentNo` int(11) NOT NULL,
  PRIMARY KEY (`transactionId`),
  KEY `tutorNo_idx` (`tutorNo`),
  KEY `studentNo_idx` (`studentNo`),
  CONSTRAINT `fk_Transaction_Student` FOREIGN KEY (`studentNo`) REFERENCES `Student` (`studentNo`) ON DELETE CASCADE ON UPDATE CASCADE,
  CONSTRAINT `fk_Transaction_Tutor` FOREIGN KEY (`tutorNo`) REFERENCES `Tutor` (`tutorNo`) ON DELETE CASCADE ON UPDATE CASCADE
) ENGINE=InnoDB AUTO_INCREMENT=11001 DEFAULT CHARSET=utf8;
/*!40101 SET character_set_client = @saved_cs_client */;

--
-- Dumping data for table `Transaction`
--

LOCK TABLES `Transaction` WRITE;
/*!40000 ALTER TABLE `Transaction` DISABLE KEYS */;
INSERT INTO `Transaction` VALUES (10001,60,'2017-01-03',6001,3001),(10002,15,'2017-01-04',6002,3002),(10003,15,'2017-01-05',6003,3003),(10004,15,'2017-01-06',6004,3004),(10005,60,'2017-01-07',6005,3005),(10006,45,'2017-01-08',6006,3006),(10007,45,'2017-01-09',6007,3007),(10008,60,'2017-01-10',6008,3008),(10009,15,'2017-01-11',6009,3009),(10010,60,'2017-01-12',6010,3010),(10011,30,'2017-01-13',6011,3011),(10012,60,'2017-01-14',6012,3012),(10013,30,'2017-01-15',6013,3013),(10014,30,'2017-01-16',6014,3014),(10015,15,'2017-01-17',6015,3015),(10016,30,'2017-01-18',6016,3016),(10017,60,'2017-01-19',6017,3017),(10018,45,'2017-01-20',6018,3018),(10019,15,'2017-01-21',6019,3019),(10020,15,'2017-01-22',6020,3020),(10021,15,'2017-01-23',6021,3021),(10022,15,'2017-01-24',6022,3022),(10023,15,'2017-01-25',6023,3023),(10024,45,'2017-01-26',6024,3024),(10025,45,'2017-01-27',6025,3025),(10026,30,'2017-01-28',6026,3026),(10027,45,'2017-01-29',6027,3027),(10028,60,'2017-01-30',6028,3028),(10029,60,'2017-01-31',6029,3029),(10030,60,'2017-02-01',6030,3030),(10031,60,'2017-02-02',6031,3031),(10032,45,'2017-02-03',6032,3032),(10033,60,'2017-02-04',6033,3033),(10034,45,'2017-02-05',6034,3034),(10035,30,'2017-02-06',6035,3035),(10036,15,'2017-02-07',6036,3036),(10037,45,'2017-02-08',6037,3037),(10038,45,'2017-02-09',6038,3038),(10039,60,'2017-02-10',6039,3039),(10040,45,'2017-02-11',6040,3040),(10041,30,'2017-02-12',6041,3041),(10042,30,'2017-02-13',6042,3042),(10043,15,'2017-02-14',6043,3043),(10044,60,'2017-02-15',6044,3044),(10045,60,'2017-02-16',6045,3045),(10046,45,'2017-02-17',6046,3046),(10047,30,'2017-02-18',6047,3047),(10048,30,'2017-02-19',6048,3048),(10049,15,'2017-02-20',6049,3049),(10050,60,'2017-02-21',6050,3050),(10051,45,'2017-02-22',6051,3051),(10052,30,'2017-02-23',6052,3052),(10053,15,'2017-02-24',6053,3053),(10054,60,'2017-02-25',6054,3054),(10055,60,'2017-02-26',6055,3055),(10056,15,'2017-02-27',6056,3056),(10057,30,'2017-02-28',6057,3057),(10058,15,'2017-03-01',6058,3058),(10059,60,'2017-03-02',6059,3059),(10060,30,'2017-03-03',6060,3060),(10061,30,'2017-03-04',6061,3061),(10062,45,'2017-03-05',6062,3062),(10063,45,'2017-03-06',6063,3063),(10064,45,'2017-03-07',6064,3064),(10065,45,'2017-03-08',6065,3065),(10066,30,'2017-03-09',6066,3066),(10067,15,'2017-03-10',6067,3067),(10068,60,'2017-03-11',6068,3068),(10069,45,'2017-03-12',6069,3069),(10070,45,'2017-03-13',6070,3070),(10071,30,'2017-03-14',6071,3071),(10072,15,'2017-03-15',6072,3072),(10073,15,'2017-03-16',6073,3073),(10074,60,'2017-03-17',6074,3074),(10075,30,'2017-03-18',6075,3075),(10076,60,'2017-03-19',6076,3076),(10077,30,'2017-03-20',6077,3077),(10078,30,'2017-03-21',6078,3078),(10079,60,'2017-03-22',6079,3079),(10080,30,'2017-03-23',6080,3080),(10081,15,'2017-03-24',6081,3081),(10082,60,'2017-03-25',6082,3082),(10083,45,'2017-03-26',6083,3083),(10084,45,'2017-03-27',6084,3084),(10085,45,'2017-03-28',6085,3085),(10086,30,'2017-03-29',6086,3086),(10087,30,'2017-03-30',6087,3087),(10088,60,'2017-03-31',6088,3088),(10089,30,'2017-04-01',6089,3089),(10090,45,'2017-04-02',6090,3090),(10091,60,'2017-04-03',6091,3091),(10092,15,'2017-04-04',6092,3092),(10093,60,'2017-04-05',6093,3093),(10094,60,'2017-04-06',6094,3094),(10095,45,'2017-04-07',6095,3095),(10096,45,'2017-04-08',6096,3096),(10097,30,'2017-04-09',6097,3097),(10098,60,'2017-04-10',6098,3098),(10099,45,'2017-04-11',6099,3099),(10100,60,'2017-04-12',6100,3100),(10101,60,'2017-04-13',6101,3101),(10102,15,'2017-04-14',6102,3102),(10103,60,'2017-04-15',6103,3103),(10104,45,'2017-04-16',6104,3104),(10105,15,'2017-04-17',6105,3105),(10106,45,'2017-04-18',6106,3106),(10107,45,'2017-04-19',6107,3107),(10108,60,'2017-04-20',6108,3108),(10109,60,'2017-04-21',6109,3109),(10110,45,'2017-04-22',6110,3110),(10111,15,'2017-04-23',6111,3111),(10112,15,'2017-04-24',6112,3112),(10113,60,'2017-04-25',6113,3113),(10114,45,'2017-04-26',6114,3114),(10115,15,'2017-04-27',6115,3115),(10116,30,'2017-04-28',6116,3116),(10117,30,'2017-04-29',6117,3117),(10118,30,'2017-04-30',6118,3118),(10119,30,'2017-05-01',6119,3119),(10120,15,'2017-05-02',6120,3120),(10121,45,'2017-05-03',6121,3121),(10122,15,'2017-05-04',6122,3122),(10123,15,'2017-05-05',6123,3123),(10124,15,'2017-05-06',6124,3124),(10125,30,'2017-05-07',6125,3125),(10126,45,'2017-05-08',6126,3126),(10127,30,'2017-05-09',6127,3127),(10128,15,'2017-05-10',6128,3128),(10129,15,'2017-05-11',6129,3129),(10130,60,'2017-05-12',6130,3130),(10131,15,'2017-05-13',6131,3131),(10132,15,'2017-05-14',6132,3132),(10133,30,'2017-05-15',6133,3133),(10134,45,'2017-05-16',6134,3134),(10135,60,'2017-05-17',6135,3135),(10136,45,'2017-05-18',6136,3136),(10137,30,'2017-05-19',6137,3137),(10138,30,'2017-05-20',6138,3138),(10139,30,'2017-05-21',6139,3139),(10140,45,'2017-05-22',6140,3140),(10141,30,'2017-05-23',6141,3141),(10142,45,'2017-05-24',6142,3142),(10143,15,'2017-05-25',6143,3143),(10144,15,'2017-05-26',6144,3144),(10145,45,'2017-05-27',6145,3145),(10146,15,'2017-05-28',6146,3146),(10147,60,'2017-05-29',6147,3147),(10148,30,'2017-05-30',6148,3148),(10149,15,'2017-05-31',6149,3149),(10150,15,'2017-06-01',6150,3150),(10151,45,'2017-06-02',6151,3151),(10152,45,'2017-06-03',6152,3152),(10153,45,'2017-06-04',6153,3153),(10154,60,'2017-06-05',6154,3154),(10155,15,'2017-06-06',6155,3155),(10156,45,'2017-06-07',6156,3156),(10157,30,'2017-06-08',6157,3157),(10158,30,'2017-06-09',6158,3158),(10159,60,'2017-06-10',6159,3159),(10160,60,'2017-06-11',6160,3160),(10161,30,'2017-06-12',6161,3161),(10162,15,'2017-06-13',6162,3162),(10163,45,'2017-06-14',6163,3163),(10164,30,'2017-06-15',6164,3164),(10165,15,'2017-06-16',6165,3165),(10166,60,'2017-06-17',6166,3166),(10167,30,'2017-06-18',6167,3167),(10168,30,'2017-06-19',6168,3168),(10169,60,'2017-06-20',6169,3169),(10170,30,'2017-06-21',6170,3170),(10171,15,'2017-06-22',6171,3171),(10172,30,'2017-06-23',6172,3172),(10173,30,'2017-06-24',6173,3173),(10174,60,'2017-06-25',6174,3174),(10175,45,'2017-06-26',6175,3175),(10176,30,'2017-06-27',6176,3176),(10177,15,'2017-06-28',6177,3177),(10178,60,'2017-06-29',6178,3178),(10179,60,'2017-06-30',6179,3179),(10180,30,'2017-07-01',6180,3180),(10181,15,'2017-07-02',6181,3181),(10182,45,'2017-07-03',6182,3182),(10183,30,'2017-07-04',6183,3183),(10184,45,'2017-07-05',6184,3184),(10185,60,'2017-07-06',6185,3185),(10186,60,'2017-07-07',6186,3186),(10187,45,'2017-07-08',6187,3187),(10188,60,'2017-07-09',6188,3188),(10189,30,'2017-07-10',6189,3189),(10190,45,'2017-07-11',6190,3190),(10191,45,'2017-07-12',6191,3191),(10192,60,'2017-07-13',6192,3192),(10193,60,'2017-07-14',6193,3193),(10194,30,'2017-07-15',6194,3194),(10195,45,'2017-07-16',6195,3195),(10196,45,'2017-07-17',6196,3196),(10197,30,'2017-07-18',6197,3197),(10198,45,'2017-07-19',6198,3198),(10199,60,'2017-07-20',6199,3199),(10200,45,'2017-07-21',6200,3200),(10201,15,'2017-07-22',6201,3201),(10202,15,'2017-07-23',6202,3202),(10203,15,'2017-07-24',6203,3203),(10204,60,'2017-07-25',6204,3204),(10205,60,'2017-07-26',6205,3205),(10206,45,'2017-07-27',6206,3206),(10207,60,'2017-07-28',6207,3207),(10208,30,'2017-07-29',6208,3208),(10209,45,'2017-07-30',6209,3209),(10210,60,'2017-07-31',6210,3210),(10211,60,'2017-08-01',6211,3211),(10212,30,'2017-08-02',6212,3212),(10213,45,'2017-08-03',6213,3213),(10214,30,'2017-08-04',6214,3214),(10215,45,'2017-08-05',6215,3215),(10216,30,'2017-08-06',6216,3216),(10217,60,'2017-08-07',6217,3217),(10218,60,'2017-08-08',6218,3218),(10219,30,'2017-08-09',6219,3219),(10220,15,'2017-08-10',6220,3220),(10221,30,'2017-08-11',6221,3221),(10222,45,'2017-08-12',6222,3222),(10223,15,'2017-08-13',6223,3223),(10224,30,'2017-08-14',6224,3224),(10225,45,'2017-08-15',6225,3225),(10226,45,'2017-08-16',6226,3226),(10227,45,'2017-08-17',6227,3227),(10228,60,'2017-08-18',6228,3228),(10229,45,'2017-08-19',6229,3229),(10230,15,'2017-08-20',6230,3230),(10231,15,'2017-08-21',6231,3231),(10232,30,'2017-08-22',6232,3232),(10233,15,'2017-08-23',6233,3233),(10234,60,'2017-08-24',6234,3234),(10235,15,'2017-08-25',6235,3235),(10236,15,'2017-08-26',6236,3236),(10237,45,'2017-08-27',6237,3237),(10238,15,'2017-08-28',6238,3238),(10239,60,'2017-08-29',6239,3239),(10240,60,'2017-08-30',6240,3240),(10241,15,'2017-08-31',6241,3241),(10242,45,'2017-09-01',6242,3242),(10243,15,'2017-09-02',6243,3243),(10244,15,'2017-09-03',6244,3244),(10245,60,'2017-09-04',6245,3245),(10246,15,'2017-09-05',6246,3246),(10247,60,'2017-09-06',6247,3247),(10248,30,'2017-09-07',6248,3248),(10249,15,'2017-09-08',6249,3249),(10250,60,'2017-09-09',6250,3250),(10251,15,'2017-09-10',6251,3251),(10252,30,'2017-09-11',6252,3252),(10253,15,'2017-09-12',6253,3253),(10254,30,'2017-09-13',6254,3254),(10255,30,'2017-09-14',6255,3255),(10256,60,'2017-09-15',6256,3256),(10257,45,'2017-09-16',6257,3257),(10258,15,'2017-09-17',6258,3258),(10259,60,'2017-09-18',6259,3259),(10260,15,'2017-09-19',6260,3260),(10261,15,'2017-09-20',6261,3261),(10262,30,'2017-09-21',6262,3262),(10263,45,'2017-09-22',6263,3263),(10264,30,'2017-09-23',6264,3264),(10265,60,'2017-09-24',6265,3265),(10266,45,'2017-09-25',6266,3266),(10267,15,'2017-09-26',6267,3267),(10268,30,'2017-09-27',6268,3268),(10269,60,'2017-09-28',6269,3269),(10270,15,'2017-09-29',6270,3270),(10271,45,'2017-09-30',6271,3271),(10272,30,'2017-10-01',6272,3272),(10273,30,'2017-10-02',6273,3273),(10274,60,'2017-10-03',6274,3274),(10275,15,'2017-10-04',6275,3275),(10276,60,'2017-10-05',6276,3276),(10277,60,'2017-10-06',6277,3277),(10278,15,'2017-10-07',6278,3278),(10279,60,'2017-10-08',6279,3279),(10280,15,'2017-10-09',6280,3280),(10281,15,'2017-10-10',6281,3281),(10282,15,'2017-10-11',6282,3282),(10283,60,'2017-10-12',6283,3283),(10284,60,'2017-10-13',6284,3284),(10285,60,'2017-10-14',6285,3285),(10286,60,'2017-10-15',6286,3286),(10287,15,'2017-10-16',6287,3287),(10288,45,'2017-10-17',6288,3288),(10289,60,'2017-10-18',6289,3289),(10290,30,'2017-10-19',6290,3290),(10291,60,'2017-10-20',6291,3291),(10292,15,'2017-10-21',6292,3292),(10293,15,'2017-10-22',6293,3293),(10294,15,'2017-10-23',6294,3294),(10295,45,'2017-10-24',6295,3295),(10296,30,'2017-10-25',6296,3296),(10297,15,'2017-10-26',6297,3297),(10298,30,'2017-10-27',6298,3298),(10299,30,'2017-10-28',6299,3299),(10300,30,'2017-10-29',6300,3300),(10301,60,'2017-10-30',6301,3301),(10302,30,'2017-10-31',6302,3302),(10303,30,'2017-11-01',6303,3303),(10304,60,'2017-11-02',6304,3304),(10305,45,'2017-11-03',6305,3305),(10306,45,'2017-11-04',6306,3306),(10307,15,'2017-11-05',6307,3307),(10308,60,'2017-11-06',6308,3308),(10309,60,'2017-11-07',6309,3309),(10310,15,'2017-11-08',6310,3310),(10311,15,'2017-11-09',6311,3311),(10312,15,'2017-11-10',6312,3312),(10313,45,'2017-11-11',6313,3313),(10314,60,'2017-11-12',6314,3314),(10315,45,'2017-11-13',6315,3315),(10316,45,'2017-11-14',6316,3316),(10317,60,'2017-11-15',6317,3317),(10318,30,'2017-11-16',6318,3318),(10319,45,'2017-11-17',6319,3319),(10320,45,'2017-11-18',6320,3320),(10321,45,'2017-11-19',6321,3321),(10322,15,'2017-11-20',6322,3322),(10323,60,'2017-11-21',6323,3323),(10324,15,'2017-11-22',6324,3324),(10325,30,'2017-11-23',6325,3325),(10326,60,'2017-11-24',6326,3326),(10327,15,'2017-11-25',6327,3327),(10328,15,'2017-11-26',6328,3328),(10329,45,'2017-11-27',6329,3329),(10330,60,'2017-11-28',6330,3330),(10331,15,'2017-11-29',6331,3331),(10332,60,'2017-11-30',6332,3332),(10333,30,'2017-12-01',6333,3333),(10334,30,'2017-12-02',6334,3334),(10335,45,'2017-12-03',6335,3335),(10336,60,'2017-12-04',6336,3336),(10337,30,'2017-12-05',6337,3337),(10338,45,'2017-12-06',6338,3338),(10339,30,'2017-12-07',6339,3339),(10340,15,'2017-12-08',6340,3340),(10341,15,'2017-12-09',6341,3341),(10342,30,'2017-12-10',6342,3342),(10343,30,'2017-12-11',6343,3343),(10344,60,'2017-12-12',6344,3344),(10345,30,'2017-12-13',6345,3345),(10346,30,'2017-12-14',6346,3346),(10347,45,'2017-12-15',6347,3347),(10348,30,'2017-12-16',6348,3348),(10349,60,'2017-12-17',6349,3349),(10350,15,'2017-12-18',6350,3350),(10351,30,'2017-12-19',6351,3351),(10352,15,'2017-12-20',6352,3352),(10353,60,'2017-12-21',6353,3353),(10354,30,'2017-12-22',6354,3354),(10355,45,'2017-12-23',6355,3355),(10356,60,'2017-12-24',6356,3356),(10357,30,'2017-12-25',6357,3357),(10358,30,'2017-12-26',6358,3358),(10359,15,'2017-12-27',6359,3359),(10360,60,'2017-12-28',6360,3360),(10361,60,'2017-12-29',6361,3361),(10362,60,'2017-12-30',6362,3362),(10363,30,'2017-12-31',6363,3363),(10364,15,'2018-01-01',6364,3364),(10365,45,'2018-01-02',6365,3365),(10366,60,'2018-01-03',6366,3366),(10367,60,'2018-01-04',6367,3367),(10368,60,'2018-01-05',6368,3368),(10369,30,'2018-01-06',6369,3369),(10370,60,'2018-01-07',6370,3370),(10371,45,'2018-01-08',6371,3371),(10372,45,'2018-01-09',6372,3372),(10373,45,'2018-01-10',6373,3373),(10374,30,'2018-01-11',6374,3374),(10375,30,'2018-01-12',6375,3375),(10376,15,'2018-01-13',6376,3376),(10377,60,'2018-01-14',6377,3377),(10378,45,'2018-01-15',6378,3378),(10379,45,'2018-01-16',6379,3379),(10380,45,'2018-01-17',6380,3380),(10381,30,'2018-01-18',6381,3381),(10382,30,'2018-01-19',6382,3382),(10383,30,'2018-01-20',6383,3383),(10384,45,'2018-01-21',6384,3384),(10385,15,'2018-01-22',6385,3385),(10386,30,'2018-01-23',6386,3386),(10387,45,'2018-01-24',6387,3387),(10388,30,'2018-01-25',6388,3388),(10389,30,'2018-01-26',6389,3389),(10390,15,'2018-01-27',6390,3390),(10391,60,'2018-01-28',6391,3391),(10392,45,'2018-01-29',6392,3392),(10393,60,'2018-01-30',6393,3393),(10394,60,'2018-01-31',6394,3394),(10395,60,'2018-02-01',6395,3395),(10396,15,'2018-02-02',6396,3396),(10397,15,'2018-02-03',6397,3397),(10398,45,'2018-02-04',6398,3398),(10399,15,'2018-02-05',6399,3399),(10400,60,'2018-02-06',6400,3400),(10401,60,'2018-02-07',6401,3401),(10402,30,'2018-02-08',6402,3402),(10403,30,'2018-02-09',6403,3403),(10404,60,'2018-02-10',6404,3404),(10405,30,'2018-02-11',6405,3405),(10406,60,'2018-02-12',6406,3406),(10407,60,'2018-02-13',6407,3407),(10408,60,'2018-02-14',6408,3408),(10409,15,'2018-02-15',6409,3409),(10410,30,'2018-02-16',6410,3410),(10411,15,'2018-02-17',6411,3411),(10412,30,'2018-02-18',6412,3412),(10413,30,'2018-02-19',6413,3413),(10414,30,'2018-02-20',6414,3414),(10415,15,'2018-02-21',6415,3415),(10416,30,'2018-02-22',6416,3416),(10417,60,'2018-02-23',6417,3417),(10418,30,'2018-02-24',6418,3418),(10419,60,'2018-02-25',6419,3419),(10420,30,'2018-02-26',6420,3420),(10421,30,'2018-02-27',6421,3421),(10422,15,'2018-02-28',6422,3422),(10423,30,'2018-03-01',6423,3423),(10424,45,'2018-03-02',6424,3424),(10425,45,'2018-03-03',6425,3425),(10426,60,'2018-03-04',6426,3426),(10427,60,'2018-03-05',6427,3427),(10428,30,'2018-03-06',6428,3428),(10429,15,'2018-03-07',6429,3429),(10430,30,'2018-03-08',6430,3430),(10431,60,'2018-03-09',6431,3431),(10432,30,'2018-03-10',6432,3432),(10433,30,'2018-03-11',6433,3433),(10434,45,'2018-03-12',6434,3434),(10435,15,'2018-03-13',6435,3435),(10436,60,'2018-03-14',6436,3436),(10437,60,'2018-03-15',6437,3437),(10438,45,'2018-03-16',6438,3438),(10439,45,'2018-03-17',6439,3439),(10440,15,'2018-03-18',6440,3440),(10441,15,'2018-03-19',6441,3441),(10442,60,'2018-03-20',6442,3442),(10443,60,'2018-03-21',6443,3443),(10444,45,'2018-03-22',6444,3444),(10445,60,'2018-03-23',6445,3445),(10446,45,'2018-03-24',6446,3446),(10447,45,'2018-03-25',6447,3447),(10448,60,'2018-03-26',6448,3448),(10449,60,'2018-03-27',6449,3449),(10450,60,'2018-03-28',6450,3450),(10451,30,'2018-03-29',6451,3451),(10452,30,'2018-03-30',6452,3452),(10453,45,'2018-03-31',6453,3453),(10454,15,'2018-04-01',6454,3454),(10455,30,'2018-04-02',6455,3455),(10456,15,'2018-04-03',6456,3456),(10457,60,'2018-04-04',6457,3457),(10458,15,'2018-04-05',6458,3458),(10459,15,'2018-04-06',6459,3459),(10460,30,'2018-04-07',6460,3460),(10461,60,'2018-04-08',6461,3461),(10462,60,'2018-04-09',6462,3462),(10463,15,'2018-04-10',6463,3463),(10464,45,'2018-04-11',6464,3464),(10465,30,'2018-04-12',6465,3465),(10466,60,'2018-04-13',6466,3466),(10467,30,'2018-04-14',6467,3467),(10468,60,'2018-04-15',6468,3468),(10469,45,'2018-04-16',6469,3469),(10470,60,'2018-04-17',6470,3470),(10471,30,'2018-04-18',6471,3471),(10472,60,'2018-04-19',6472,3472),(10473,30,'2018-04-20',6473,3473),(10474,45,'2018-04-21',6474,3474),(10475,45,'2018-04-22',6475,3475),(10476,45,'2018-04-23',6476,3476),(10477,60,'2018-04-24',6477,3477),(10478,15,'2018-04-25',6478,3478),(10479,45,'2018-04-26',6479,3479),(10480,60,'2018-04-27',6480,3480),(10481,15,'2018-04-28',6481,3481),(10482,15,'2018-04-29',6482,3482),(10483,30,'2018-04-30',6483,3483),(10484,30,'2018-05-01',6484,3484),(10485,15,'2018-05-02',6485,3485),(10486,45,'2018-05-03',6486,3486),(10487,60,'2018-05-04',6487,3487),(10488,45,'2018-05-05',6488,3488),(10489,60,'2018-05-06',6489,3489),(10490,30,'2018-05-07',6490,3490),(10491,15,'2018-05-08',6491,3491),(10492,30,'2018-05-09',6492,3492),(10493,45,'2018-05-10',6493,3493),(10494,60,'2018-05-11',6494,3494),(10495,45,'2018-05-12',6495,3495),(10496,45,'2018-05-13',6496,3496),(10497,45,'2018-05-14',6497,3497),(10498,60,'2018-05-15',6498,3498),(10499,45,'2018-05-16',6499,3499),(10500,15,'2018-05-17',6500,3500),(10501,15,'2018-05-18',6501,3501),(10502,60,'2018-05-19',6502,3502),(10503,45,'2018-05-20',6503,3503),(10504,45,'2018-05-21',6504,3504),(10505,30,'2018-05-22',6505,3505),(10506,15,'2018-05-23',6506,3506),(10507,30,'2018-05-24',6507,3507),(10508,30,'2018-05-25',6508,3508),(10509,45,'2018-05-26',6509,3509),(10510,60,'2018-05-27',6510,3510),(10511,45,'2018-05-28',6511,3511),(10512,15,'2018-05-29',6512,3512),(10513,30,'2018-05-30',6513,3513),(10514,45,'2018-05-31',6514,3514),(10515,45,'2018-06-01',6515,3515),(10516,45,'2018-06-02',6516,3516),(10517,60,'2018-06-03',6517,3517),(10518,45,'2018-06-04',6518,3518),(10519,45,'2018-06-05',6519,3519),(10520,45,'2018-06-06',6520,3520),(10521,15,'2018-06-07',6521,3521),(10522,60,'2018-06-08',6522,3522),(10523,15,'2018-06-09',6523,3523),(10524,30,'2018-06-10',6524,3524),(10525,15,'2018-06-11',6525,3525),(10526,30,'2018-06-12',6526,3526),(10527,60,'2018-06-13',6527,3527),(10528,60,'2018-06-14',6528,3528),(10529,30,'2018-06-15',6529,3529),(10530,45,'2018-06-16',6530,3530),(10531,30,'2018-06-17',6531,3531),(10532,15,'2018-06-18',6532,3532),(10533,60,'2018-06-19',6533,3533),(10534,15,'2018-06-20',6534,3534),(10535,60,'2018-06-21',6535,3535),(10536,30,'2018-06-22',6536,3536),(10537,60,'2018-06-23',6537,3537),(10538,60,'2018-06-24',6538,3538),(10539,15,'2018-06-25',6539,3539),(10540,60,'2018-06-26',6540,3540),(10541,15,'2018-06-27',6541,3541),(10542,30,'2018-06-28',6542,3542),(10543,45,'2018-06-29',6543,3543),(10544,60,'2018-06-30',6544,3544),(10545,60,'2018-07-01',6545,3545),(10546,60,'2018-07-02',6546,3546),(10547,45,'2018-07-03',6547,3547),(10548,60,'2018-07-04',6548,3548),(10549,45,'2018-07-05',6549,3549),(10550,45,'2018-07-06',6550,3550),(10551,30,'2018-07-07',6551,3551),(10552,60,'2018-07-08',6552,3552),(10553,45,'2018-07-09',6553,3553),(10554,45,'2018-07-10',6554,3554),(10555,15,'2018-07-11',6555,3555),(10556,45,'2018-07-12',6556,3556),(10557,15,'2018-07-13',6557,3557),(10558,30,'2018-07-14',6558,3558),(10559,15,'2018-07-15',6559,3559),(10560,45,'2018-07-16',6560,3560),(10561,45,'2018-07-17',6561,3561),(10562,45,'2018-07-18',6562,3562),(10563,60,'2018-07-19',6563,3563),(10564,30,'2018-07-20',6564,3564),(10565,30,'2018-07-21',6565,3565),(10566,30,'2018-07-22',6566,3566),(10567,15,'2018-07-23',6567,3567),(10568,30,'2018-07-24',6568,3568),(10569,15,'2018-07-25',6569,3569),(10570,30,'2018-07-26',6570,3570),(10571,45,'2018-07-27',6571,3571),(10572,45,'2018-07-28',6572,3572),(10573,15,'2018-07-29',6573,3573),(10574,15,'2018-07-30',6574,3574),(10575,15,'2018-07-31',6575,3575),(10576,15,'2018-08-01',6576,3576),(10577,45,'2018-08-02',6577,3577),(10578,15,'2018-08-03',6578,3578),(10579,60,'2018-08-04',6579,3579),(10580,30,'2018-08-05',6580,3580),(10581,30,'2018-08-06',6581,3581),(10582,60,'2018-08-07',6582,3582),(10583,30,'2018-08-08',6583,3583),(10584,60,'2018-08-09',6584,3584),(10585,15,'2018-08-10',6585,3585),(10586,15,'2018-08-11',6586,3586),(10587,60,'2018-08-12',6587,3587),(10588,15,'2018-08-13',6588,3588),(10589,15,'2018-08-14',6589,3589),(10590,30,'2018-08-15',6590,3590),(10591,15,'2018-08-16',6591,3591),(10592,15,'2018-08-17',6592,3592),(10593,60,'2018-08-18',6593,3593),(10594,45,'2018-08-19',6594,3594),(10595,30,'2018-08-20',6595,3595),(10596,30,'2018-08-21',6596,3596),(10597,30,'2018-08-22',6597,3597),(10598,30,'2018-08-23',6598,3598),(10599,30,'2018-08-24',6599,3599),(10600,45,'2018-08-25',6600,3600),(10601,60,'2018-08-26',6601,3601),(10602,45,'2018-08-27',6602,3602),(10603,15,'2018-08-28',6603,3603),(10604,15,'2018-08-29',6604,3604),(10605,15,'2018-08-30',6605,3605),(10606,45,'2018-08-31',6606,3606),(10607,45,'2018-09-01',6607,3607),(10608,45,'2018-09-02',6608,3608),(10609,15,'2018-09-03',6609,3609),(10610,15,'2018-09-04',6610,3610),(10611,15,'2018-09-05',6611,3611),(10612,60,'2018-09-06',6612,3612),(10613,60,'2018-09-07',6613,3613),(10614,30,'2018-09-08',6614,3614),(10615,30,'2018-09-09',6615,3615),(10616,45,'2018-09-10',6616,3616),(10617,45,'2018-09-11',6617,3617),(10618,45,'2018-09-12',6618,3618),(10619,60,'2018-09-13',6619,3619),(10620,60,'2018-09-14',6620,3620),(10621,45,'2018-09-15',6621,3621),(10622,45,'2018-09-16',6622,3622),(10623,45,'2018-09-17',6623,3623),(10624,45,'2018-09-18',6624,3624),(10625,15,'2018-09-19',6625,3625),(10626,60,'2018-09-20',6626,3626),(10627,15,'2018-09-21',6627,3627),(10628,45,'2018-09-22',6628,3628),(10629,60,'2018-09-23',6629,3629),(10630,45,'2018-09-24',6630,3630),(10631,60,'2018-09-25',6631,3631),(10632,45,'2018-09-26',6632,3632),(10633,45,'2018-09-27',6633,3633),(10634,45,'2018-09-28',6634,3634),(10635,45,'2018-09-29',6635,3635),(10636,15,'2018-09-30',6636,3636),(10637,45,'2018-10-01',6637,3637),(10638,30,'2018-10-02',6638,3638),(10639,45,'2018-10-03',6639,3639),(10640,45,'2018-10-04',6640,3640),(10641,15,'2018-10-05',6641,3641),(10642,15,'2018-10-06',6642,3642),(10643,45,'2018-10-07',6643,3643),(10644,30,'2018-10-08',6644,3644),(10645,30,'2018-10-09',6645,3645),(10646,30,'2018-10-10',6646,3646),(10647,15,'2018-10-11',6647,3647),(10648,45,'2018-10-12',6648,3648),(10649,30,'2018-10-13',6649,3649),(10650,60,'2018-10-14',6650,3650),(10651,15,'2018-10-15',6651,3651),(10652,15,'2018-10-16',6652,3652),(10653,15,'2018-10-17',6653,3653),(10654,45,'2018-10-18',6654,3654),(10655,30,'2018-10-19',6655,3655),(10656,30,'2018-10-20',6656,3656),(10657,60,'2018-10-21',6657,3657),(10658,30,'2018-10-22',6658,3658),(10659,60,'2018-10-23',6659,3659),(10660,45,'2018-10-24',6660,3660),(10661,45,'2018-10-25',6661,3661),(10662,15,'2018-10-26',6662,3662),(10663,60,'2018-10-27',6663,3663),(10664,30,'2018-10-28',6664,3664),(10665,30,'2018-10-29',6665,3665),(10666,15,'2018-10-30',6666,3666),(10667,30,'2018-10-31',6667,3667),(10668,15,'2018-11-01',6668,3668),(10669,45,'2018-11-02',6669,3669),(10670,45,'2018-11-03',6670,3670),(10671,60,'2018-11-04',6671,3671),(10672,15,'2018-11-05',6672,3672),(10673,15,'2018-11-06',6673,3673),(10674,45,'2018-11-07',6674,3674),(10675,30,'2018-11-08',6675,3675),(10676,45,'2018-11-09',6676,3676),(10677,45,'2018-11-10',6677,3677),(10678,15,'2018-11-11',6678,3678),(10679,60,'2018-11-12',6679,3679),(10680,15,'2018-11-13',6680,3680),(10681,45,'2018-11-14',6681,3681),(10682,15,'2018-11-15',6682,3682),(10683,45,'2018-11-16',6683,3683),(10684,15,'2018-11-17',6684,3684),(10685,15,'2018-11-18',6685,3685),(10686,60,'2018-11-19',6686,3686),(10687,30,'2018-11-20',6687,3687),(10688,45,'2018-11-21',6688,3688),(10689,30,'2018-11-22',6689,3689),(10690,60,'2018-11-23',6690,3690),(10691,45,'2018-11-24',6691,3691),(10692,60,'2018-11-25',6692,3692),(10693,45,'2018-11-26',6693,3693),(10694,45,'2018-11-27',6694,3694),(10695,30,'2018-11-28',6695,3695),(10696,30,'2018-11-29',6696,3696),(10697,60,'2018-11-30',6697,3697),(10698,60,'2018-12-01',6698,3698),(10699,30,'2018-12-02',6699,3699),(10700,45,'2018-12-03',6700,3700),(10701,60,'2018-12-04',6701,3701),(10702,45,'2018-12-05',6702,3702),(10703,60,'2018-12-06',6703,3703),(10704,60,'2018-12-07',6704,3704),(10705,45,'2018-12-08',6705,3705),(10706,15,'2018-12-09',6706,3706),(10707,15,'2018-12-10',6707,3707),(10708,15,'2018-12-11',6708,3708),(10709,45,'2018-12-12',6709,3709),(10710,60,'2018-12-13',6710,3710),(10711,45,'2018-12-14',6711,3711),(10712,30,'2018-12-15',6712,3712),(10713,60,'2018-12-16',6713,3713),(10714,60,'2018-12-17',6714,3714),(10715,30,'2018-12-18',6715,3715),(10716,30,'2018-12-19',6716,3716),(10717,60,'2018-12-20',6717,3717),(10718,15,'2018-12-21',6718,3718),(10719,15,'2018-12-22',6719,3719),(10720,30,'2018-12-23',6720,3720),(10721,30,'2018-12-24',6721,3721),(10722,15,'2018-12-25',6722,3722),(10723,15,'2018-12-26',6723,3723),(10724,15,'2018-12-27',6724,3724),(10725,15,'2018-12-28',6725,3725),(10726,60,'2018-12-29',6726,3726),(10727,45,'2018-12-30',6727,3727),(10728,30,'2018-12-31',6728,3728),(10729,60,'2019-01-01',6729,3729),(10730,45,'2019-01-02',6730,3730),(10731,45,'2019-01-03',6731,3731),(10732,15,'2019-01-04',6732,3732),(10733,45,'2019-01-05',6733,3733),(10734,60,'2019-01-06',6734,3734),(10735,60,'2019-01-07',6735,3735),(10736,60,'2019-01-08',6736,3736),(10737,60,'2019-01-09',6737,3737),(10738,15,'2019-01-10',6738,3738),(10739,60,'2019-01-11',6739,3739),(10740,15,'2019-01-12',6740,3740),(10741,15,'2019-01-13',6741,3741),(10742,60,'2019-01-14',6742,3742),(10743,30,'2019-01-15',6743,3743),(10744,45,'2019-01-16',6744,3744),(10745,45,'2019-01-17',6745,3745),(10746,15,'2019-01-18',6746,3746),(10747,45,'2019-01-19',6747,3747),(10748,30,'2019-01-20',6748,3748),(10749,15,'2019-01-21',6749,3749),(10750,15,'2019-01-22',6750,3750),(10751,30,'2019-01-23',6751,3751),(10752,30,'2019-01-24',6752,3752),(10753,30,'2019-01-25',6753,3753),(10754,60,'2019-01-26',6754,3754),(10755,60,'2019-01-27',6755,3755),(10756,30,'2019-01-28',6756,3756),(10757,15,'2019-01-29',6757,3757),(10758,45,'2019-01-30',6758,3758),(10759,30,'2019-01-31',6759,3759),(10760,30,'2019-02-01',6760,3760),(10761,45,'2019-02-02',6761,3761),(10762,60,'2019-02-03',6762,3762),(10763,15,'2019-02-04',6763,3763),(10764,45,'2019-02-05',6764,3764),(10765,30,'2019-02-06',6765,3765),(10766,30,'2019-02-07',6766,3766),(10767,45,'2019-02-08',6767,3767),(10768,15,'2019-02-09',6768,3768),(10769,45,'2019-02-10',6769,3769),(10770,45,'2019-02-11',6770,3770),(10771,45,'2019-02-12',6771,3771),(10772,15,'2019-02-13',6772,3772),(10773,45,'2019-02-14',6773,3773),(10774,30,'2019-02-15',6774,3774),(10775,60,'2019-02-16',6775,3775),(10776,60,'2019-02-17',6776,3776),(10777,15,'2019-02-18',6777,3777),(10778,30,'2019-02-19',6778,3778),(10779,45,'2019-02-20',6779,3779),(10780,45,'2019-02-21',6780,3780),(10781,45,'2019-02-22',6781,3781),(10782,60,'2019-02-23',6782,3782),(10783,45,'2019-02-24',6783,3783),(10784,60,'2019-02-25',6784,3784),(10785,45,'2019-02-26',6785,3785),(10786,45,'2019-02-27',6786,3786),(10787,30,'2019-02-28',6787,3787),(10788,60,'2019-03-01',6788,3788),(10789,15,'2019-03-02',6789,3789),(10790,45,'2019-03-03',6790,3790),(10791,15,'2019-03-04',6791,3791),(10792,45,'2019-03-05',6792,3792),(10793,45,'2019-03-06',6793,3793),(10794,60,'2019-03-07',6794,3794),(10795,15,'2019-03-08',6795,3795),(10796,30,'2019-03-09',6796,3796),(10797,15,'2019-03-10',6797,3797),(10798,60,'2019-03-11',6798,3798),(10799,15,'2019-03-12',6799,3799),(10800,30,'2019-03-13',6800,3800),(10801,15,'2019-03-14',6801,3801),(10802,15,'2019-03-15',6802,3802),(10803,60,'2019-03-16',6803,3803),(10804,45,'2019-03-17',6804,3804),(10805,15,'2019-03-18',6805,3805),(10806,30,'2019-03-19',6806,3806),(10807,15,'2019-03-20',6807,3807),(10808,45,'2019-03-21',6808,3808),(10809,60,'2019-03-22',6809,3809),(10810,45,'2019-03-23',6810,3810),(10811,45,'2019-03-24',6811,3811),(10812,30,'2019-03-25',6812,3812),(10813,45,'2019-03-26',6813,3813),(10814,45,'2019-03-27',6814,3814),(10815,45,'2019-03-28',6815,3815),(10816,30,'2019-03-29',6816,3816),(10817,60,'2019-03-30',6817,3817),(10818,15,'2019-03-31',6818,3818),(10819,15,'2019-04-01',6819,3819),(10820,15,'2019-04-02',6820,3820),(10821,60,'2019-04-03',6821,3821),(10822,45,'2019-04-04',6822,3822),(10823,45,'2019-04-05',6823,3823),(10824,30,'2019-04-06',6824,3824),(10825,45,'2019-04-07',6825,3825),(10826,30,'2019-04-08',6826,3826),(10827,45,'2019-04-09',6827,3827),(10828,60,'2019-04-10',6828,3828),(10829,60,'2019-04-11',6829,3829),(10830,60,'2019-04-12',6830,3830),(10831,30,'2019-04-13',6831,3831),(10832,45,'2019-04-14',6832,3832),(10833,45,'2019-04-15',6833,3833),(10834,60,'2019-04-16',6834,3834),(10835,30,'2019-04-17',6835,3835),(10836,30,'2019-04-18',6836,3836),(10837,30,'2019-04-19',6837,3837),(10838,15,'2019-04-20',6838,3838),(10839,60,'2019-04-21',6839,3839),(10840,15,'2019-04-22',6840,3840),(10841,45,'2019-04-23',6841,3841),(10842,45,'2019-04-24',6842,3842),(10843,45,'2019-04-25',6843,3843),(10844,15,'2019-04-26',6844,3844),(10845,45,'2019-04-27',6845,3845),(10846,15,'2019-04-28',6846,3846),(10847,30,'2019-04-29',6847,3847),(10848,45,'2019-04-30',6848,3848),(10849,45,'2019-05-01',6849,3849),(10850,15,'2019-05-02',6850,3850),(10851,60,'2019-05-03',6851,3851),(10852,15,'2019-05-04',6852,3852),(10853,30,'2019-05-05',6853,3853),(10854,30,'2019-05-06',6854,3854),(10855,15,'2019-05-07',6855,3855),(10856,45,'2019-05-08',6856,3856),(10857,60,'2019-05-09',6857,3857),(10858,15,'2019-05-10',6858,3858),(10859,15,'2019-05-11',6859,3859),(10860,45,'2019-05-12',6860,3860),(10861,45,'2019-05-13',6861,3861),(10862,45,'2019-05-14',6862,3862),(10863,60,'2019-05-15',6863,3863),(10864,60,'2019-05-16',6864,3864),(10865,30,'2019-05-17',6865,3865),(10866,45,'2019-05-18',6866,3866),(10867,60,'2019-05-19',6867,3867),(10868,30,'2019-05-20',6868,3868),(10869,45,'2019-05-21',6869,3869),(10870,45,'2019-05-22',6870,3870),(10871,60,'2019-05-23',6871,3871),(10872,30,'2019-05-24',6872,3872),(10873,30,'2019-05-25',6873,3873),(10874,30,'2019-05-26',6874,3874),(10875,30,'2019-05-27',6875,3875),(10876,15,'2019-05-28',6876,3876),(10877,45,'2019-05-29',6877,3877),(10878,15,'2019-05-30',6878,3878),(10879,30,'2019-05-31',6879,3879),(10880,45,'2019-06-01',6880,3880),(10881,60,'2019-06-02',6881,3881),(10882,30,'2019-06-03',6882,3882),(10883,60,'2019-06-04',6883,3883),(10884,30,'2019-06-05',6884,3884),(10885,60,'2019-06-06',6885,3885),(10886,30,'2019-06-07',6886,3886),(10887,30,'2019-06-08',6887,3887),(10888,15,'2019-06-09',6888,3888),(10889,45,'2019-06-10',6889,3889),(10890,30,'2019-06-11',6890,3890),(10891,15,'2019-06-12',6891,3891),(10892,60,'2019-06-13',6892,3892),(10893,30,'2019-06-14',6893,3893),(10894,15,'2019-06-15',6894,3894),(10895,45,'2019-06-16',6895,3895),(10896,30,'2019-06-17',6896,3896),(10897,45,'2019-06-18',6897,3897),(10898,45,'2019-06-19',6898,3898),(10899,30,'2019-06-20',6899,3899),(10900,30,'2019-06-21',6900,3900),(10901,60,'2019-06-22',6901,3901),(10902,60,'2019-06-23',6902,3902),(10903,15,'2019-06-24',6903,3903),(10904,45,'2019-06-25',6904,3904),(10905,15,'2019-06-26',6905,3905),(10906,45,'2019-06-27',6906,3906),(10907,45,'2019-06-28',6907,3907),(10908,60,'2019-06-29',6908,3908),(10909,45,'2019-06-30',6909,3909),(10910,15,'2019-07-01',6910,3910),(10911,45,'2019-07-02',6911,3911),(10912,15,'2019-07-03',6912,3912),(10913,60,'2019-07-04',6913,3913),(10914,30,'2019-07-05',6914,3914),(10915,15,'2019-07-06',6915,3915),(10916,30,'2019-07-07',6916,3916),(10917,60,'2019-07-08',6917,3917),(10918,30,'2019-07-09',6918,3918),(10919,15,'2019-07-10',6919,3919),(10920,60,'2019-07-11',6920,3920),(10921,45,'2019-07-12',6921,3921),(10922,15,'2019-07-13',6922,3922),(10923,30,'2019-07-14',6923,3923),(10924,60,'2019-07-15',6924,3924),(10925,30,'2019-07-16',6925,3925),(10926,60,'2019-07-17',6926,3926),(10927,60,'2019-07-18',6927,3927),(10928,45,'2019-07-19',6928,3928),(10929,60,'2019-07-20',6929,3929),(10930,15,'2019-07-21',6930,3930),(10931,15,'2019-07-22',6931,3931),(10932,30,'2019-07-23',6932,3932),(10933,30,'2019-07-24',6933,3933),(10934,15,'2019-07-25',6934,3934),(10935,60,'2019-07-26',6935,3935),(10936,60,'2019-07-27',6936,3936),(10937,15,'2019-07-28',6937,3937),(10938,60,'2019-07-29',6938,3938),(10939,45,'2019-07-30',6939,3939),(10940,30,'2019-07-31',6940,3940),(10941,15,'2019-08-01',6941,3941),(10942,45,'2019-08-02',6942,3942),(10943,15,'2019-08-03',6943,3943),(10944,30,'2019-08-04',6944,3944),(10945,30,'2019-08-05',6945,3945),(10946,45,'2019-08-06',6946,3946),(10947,15,'2019-08-07',6947,3947),(10948,30,'2019-08-08',6948,3948),(10949,60,'2019-08-09',6949,3949),(10950,15,'2019-08-10',6950,3950),(10951,60,'2019-08-11',6951,3951),(10952,60,'2019-08-12',6952,3952),(10953,45,'2019-08-13',6953,3953),(10954,30,'2019-08-14',6954,3954),(10955,45,'2019-08-15',6955,3955),(10956,60,'2019-08-16',6956,3956),(10957,30,'2019-08-17',6957,3957),(10958,30,'2019-08-18',6958,3958),(10959,30,'2019-08-19',6959,3959),(10960,30,'2019-08-20',6960,3960),(10961,30,'2019-08-21',6961,3961),(10962,45,'2019-08-22',6962,3962),(10963,45,'2019-08-23',6963,3963),(10964,30,'2019-08-24',6964,3964),(10965,30,'2019-08-25',6965,3965),(10966,45,'2019-08-26',6966,3966),(10967,45,'2019-08-27',6967,3967),(10968,15,'2019-08-28',6968,3968),(10969,45,'2019-08-29',6969,3969),(10970,15,'2019-08-30',6970,3970),(10971,45,'2019-08-31',6971,3971),(10972,15,'2019-09-01',6972,3972),(10973,30,'2019-09-02',6973,3973),(10974,30,'2019-09-03',6974,3974),(10975,45,'2019-09-04',6975,3975),(10976,60,'2019-09-05',6976,3976),(10977,60,'2019-09-06',6977,3977),(10978,15,'2019-09-07',6978,3978),(10979,45,'2019-09-08',6979,3979),(10980,45,'2019-09-09',6980,3980),(10981,45,'2019-09-10',6981,3981),(10982,45,'2019-09-11',6982,3982),(10983,60,'2019-09-12',6983,3983),(10984,60,'2019-09-13',6984,3984),(10985,45,'2019-09-14',6985,3985),(10986,60,'2019-09-15',6986,3986),(10987,60,'2019-09-16',6987,3987),(10988,15,'2019-09-17',6988,3988),(10989,15,'2019-09-18',6989,3989),(10990,45,'2019-09-19',6990,3990),(10991,30,'2019-09-20',6991,3991),(10992,60,'2019-09-21',6992,3992),(10993,30,'2019-09-22',6993,3993),(10994,60,'2019-09-23',6994,3994),(10995,45,'2019-09-24',6995,3995),(10996,30,'2019-09-25',6996,3996),(10997,30,'2019-09-26',6997,3997),(10998,30,'2019-09-27',6998,3998),(10999,30,'2019-09-28',6999,3999),(11000,1500,'2021-11-26 22:53:03',6330,3004);
/*!40000 ALTER TABLE `Transaction` ENABLE KEYS */;
UNLOCK TABLES;

--
-- Temporary view structure for view `TransactionInfo`
--

DROP TABLE IF EXISTS `TransactionInfo`;
/*!50001 DROP VIEW IF EXISTS `TransactionInfo`*/;
SET @saved_cs_client     = @@character_set_client;
/*!50503 SET character_set_client = utf8mb4 */;
/*!50001 CREATE VIEW `TransactionInfo` AS SELECT 
 1 AS `tutorNo`,
 1 AS `tutorName`,
 1 AS `studentNo`,
 1 AS `studentName`,
 1 AS `transactionId`,
 1 AS `amount`*/;
SET character_set_client = @saved_cs_client;

--
-- Table structure for table `Tutor`
--

DROP TABLE IF EXISTS `Tutor`;
/*!40101 SET @saved_cs_client     = @@character_set_client */;
/*!50503 SET character_set_client = utf8mb4 */;
CREATE TABLE `Tutor` (
  `tutorNo` int(11) NOT NULL,
  `name` varchar(45) NOT NULL,
  `dateOfBirth` varchar(45) DEFAULT NULL,
  `emailAddress` varchar(45) NOT NULL,
  `password` varchar(45) NOT NULL,
  `phoneNumber` varchar(45) DEFAULT NULL,
  `avgReview` int(11) DEFAULT NULL,
  PRIMARY KEY (`tutorNo`)
) ENGINE=InnoDB DEFAULT CHARSET=utf8;
/*!40101 SET character_set_client = @saved_cs_client */;

--
-- Dumping data for table `Tutor`
--

LOCK TABLES `Tutor` WRITE;
/*!40000 ALTER TABLE `Tutor` DISABLE KEYS */;
INSERT INTO `Tutor` VALUES (6001,'Tutor2','1986-04-20','001tutor315@edu.ca','AE3285B92','(239) 471-7738',NULL),(6002,'Tutor3','1993-12-18','002tutor343@edu.ca','NA8075Q95','(603) 817-7102',NULL),(6003,'Tutor4','1993-01-13','003tutor339@edu.ca','MJ3667P10','(496) 640-5796',NULL),(6004,'Tutor5','1987-07-16','004tutor319@edu.ca','NS9072E16','(929) 573-4258',NULL),(6005,'Tutor6','1987-11-11','005tutor320@edu.ca','RP9672S64','(971) 771-5411',NULL),(6006,'Tutor7','1993-09-04','006tutor342@edu.ca','SW2879K54','(501) 329-6546',NULL),(6007,'Tutor8','1993-03-13','007tutor340@edu.ca','BR1379O39','(743) 416-5654',NULL),(6008,'Tutor9','1984-03-26','008tutor307@edu.ca','XD4376X20','(167) 771-9330',NULL),(6009,'Tutor10','1991-02-17','009tutor332@edu.ca','UI3772X38','(963) 413-9580',NULL),(6010,'Tutor11','1995-09-23','010tutor349@edu.ca','ZP1167A81','(169) 331-8059',NULL),(6011,'Tutor12','1992-03-28','011tutor336@edu.ca','HX6568J48','(884) 978-4956',NULL),(6012,'Tutor13','1993-12-14','012tutor343@edu.ca','MQ7274L78','(851) 872-4590',NULL),(6013,'Tutor14','1988-05-29','013tutor322@edu.ca','RA1577Y38','(116) 101-7478',NULL),(6014,'Tutor15','1992-02-21','014tutor336@edu.ca','YP5789R13','(783) 548-5034',NULL),(6015,'Tutor16','1987-06-04','015tutor319@edu.ca','BY3975V34','(188) 268-7309',NULL),(6016,'Tutor17','1985-05-18','016tutor311@edu.ca','UA1986Z36','(526) 856-5516',NULL),(6017,'Tutor18','1992-01-16','017tutor336@edu.ca','NQ7186R29','(629) 508-9976',NULL),(6018,'Tutor19','1988-07-31','018tutor323@edu.ca','HK5966P40','(388) 660-3900',NULL),(6019,'Tutor20','1985-09-05','019tutor312@edu.ca','VH4279W23','(153) 433-2246',NULL),(6020,'Tutor21','1992-10-09','020tutor338@edu.ca','FO5475U86','(617) 395-9501',NULL),(6021,'Tutor22','1993-02-23','021tutor340@edu.ca','UV6280A25','(395) 406-5265',NULL),(6022,'Tutor23','1992-10-29','022tutor339@edu.ca','RJ3283X12','(998) 278-6274',NULL),(6023,'Tutor24','1986-11-08','023tutor317@edu.ca','JE8976H69','(820) 528-3188',NULL),(6024,'Tutor25','1995-06-01','024tutor348@edu.ca','XS1870O75','(831) 351-3809',NULL),(6025,'Tutor26','1995-11-02','025tutor350@edu.ca','KP5690A93','(365) 529-8785',3),(6026,'Tutor27','1986-09-11','026tutor316@edu.ca','RN7080S92','(214) 985-6446',NULL),(6027,'Tutor28','1995-06-07','027tutor348@edu.ca','HZ9778R96','(118) 470-2499',NULL),(6028,'Tutor29','1988-11-17','028tutor324@edu.ca','OO4688S87','(879) 865-1388',NULL),(6029,'Tutor30','1991-10-11','029tutor335@edu.ca','LQ7789U28','(894) 370-2647',NULL),(6030,'Tutor31','1986-04-05','030tutor315@edu.ca','ZO4687I14','(261) 745-4228',NULL),(6031,'Tutor32','1990-10-19','031tutor331@edu.ca','BX6473J83','(873) 461-6627',NULL),(6032,'Tutor33','1990-05-17','032tutor330@edu.ca','YA8172S58','(392) 985-8551',NULL),(6033,'Tutor34','1991-09-26','033tutor335@edu.ca','QX4390E77','(613) 357-6092',NULL),(6034,'Tutor35','1989-08-23','034tutor327@edu.ca','HP3277N90','(515) 179-4790',NULL),(6035,'Tutor36','1990-08-09','035tutor330@edu.ca','VB9090J94','(358) 635-9844',NULL),(6036,'Tutor37','1993-06-10','036tutor341@edu.ca','XH9685V32','(173) 299-4919',NULL),(6037,'Tutor38','1994-06-28','037tutor345@edu.ca','ST2265K25','(299) 553-7187',NULL),(6038,'Tutor39','1995-10-25','038tutor349@edu.ca','JN1778X83','(508) 195-3471',NULL),(6039,'Tutor40','1994-09-16','039tutor345@edu.ca','FZ6983F59','(655) 933-7191',NULL),(6040,'Tutor41','1984-02-07','040tutor307@edu.ca','JF4283S13','(397) 308-8148',NULL),(6041,'Tutor42','1984-10-23','041tutor309@edu.ca','HU8379T32','(984) 928-5754',NULL),(6042,'Tutor43','1992-08-09','042tutor338@edu.ca','QN4976G85','(849) 521-1061',NULL),(6043,'Tutor44','1989-12-16','043tutor328@edu.ca','NV2184M57','(393) 600-6467',NULL),(6044,'Tutor45','1989-01-10','044tutor325@edu.ca','MS2677A46','(719) 628-8775',NULL),(6045,'Tutor46','1987-03-22','045tutor318@edu.ca','NC3390E29','(862) 510-9599',NULL),(6046,'Tutor47','1990-07-30','046tutor330@edu.ca','AY9384E53','(496) 246-7752',NULL),(6047,'Tutor48','1985-03-06','047tutor311@edu.ca','ZG2873M81','(673) 735-9840',NULL),(6048,'Tutor49','1989-03-28','048tutor325@edu.ca','OE7679E61','(470) 449-9162',NULL),(6049,'Tutor50','1990-12-05','049tutor332@edu.ca','DB8388K78','(130) 693-3915',NULL),(6050,'Tutor51','1991-10-19','050tutor335@edu.ca','HX8679R71','(421) 750-6016',NULL),(6051,'Tutor52','1994-05-14','051tutor344@edu.ca','IA3489I87','(945) 733-6898',NULL),(6052,'Tutor53','1986-05-05','052tutor315@edu.ca','QP8575I50','(569) 963-5587',NULL),(6053,'Tutor54','1991-05-18','053tutor333@edu.ca','QQ8974Q76','(649) 121-4560',NULL),(6054,'Tutor55','1995-03-21','054tutor347@edu.ca','VY6470Q20','(732) 321-9974',NULL),(6055,'Tutor56','1988-09-07','055tutor323@edu.ca','RP5587J41','(201) 616-6706',NULL),(6056,'Tutor57','1988-05-04','056tutor322@edu.ca','AF4370W34','(190) 174-8820',NULL),(6057,'Tutor58','1993-03-21','057tutor340@edu.ca','VU6386S89','(391) 167-1029',NULL),(6058,'Tutor59','1992-11-26','058tutor339@edu.ca','LO2169G56','(881) 899-6634',NULL),(6059,'Tutor60','1992-07-21','059tutor338@edu.ca','AU6672F50','(746) 853-5176',NULL),(6060,'Tutor61','1985-12-24','060tutor314@edu.ca','AS6090P45','(131) 667-1641',NULL),(6061,'Tutor62','1991-02-27','061tutor332@edu.ca','OH8075U43','(547) 117-9654',NULL),(6062,'Tutor63','1984-02-23','062tutor307@edu.ca','ED2580X83','(676) 643-5770',NULL),(6063,'Tutor64','1988-05-22','063tutor322@edu.ca','JG6373T94','(165) 128-4731',NULL),(6064,'Tutor65','1986-08-11','064tutor316@edu.ca','JJ5872N66','(509) 300-4675',1),(6065,'Tutor66','1993-08-26','065tutor342@edu.ca','FA9578O55','(345) 245-4613',NULL),(6066,'Tutor67','1987-09-24','066tutor320@edu.ca','CX4679B85','(940) 573-4518',NULL),(6067,'Tutor68','1991-11-22','067tutor335@edu.ca','RG3266G24','(428) 690-4515',NULL),(6068,'Tutor69','1992-12-10','068tutor339@edu.ca','UZ6086N92','(582) 616-9624',NULL),(6069,'Tutor70','1988-10-05','069tutor324@edu.ca','PE9167X76','(350) 985-9718',NULL),(6070,'Tutor71','1992-02-13','070tutor336@edu.ca','PH2871Z98','(671) 291-9433',NULL),(6071,'Tutor72','1984-01-31','071tutor307@edu.ca','EQ1976K83','(495) 667-3585',NULL),(6072,'Tutor73','1990-06-16','072tutor330@edu.ca','YM5173W19','(602) 917-6745',NULL),(6073,'Tutor74','1988-12-13','073tutor324@edu.ca','HH4277K95','(243) 559-6558',NULL),(6074,'Tutor75','1988-04-16','074tutor322@edu.ca','AS7372M21','(818) 782-5001',NULL),(6075,'Tutor76','1992-07-19','075tutor338@edu.ca','VJ1389K16','(141) 532-5876',NULL),(6076,'Tutor77','1984-09-10','076tutor309@edu.ca','CV7583A49','(489) 606-3723',NULL),(6077,'Tutor78','1987-05-10','077tutor319@edu.ca','EO9085V18','(328) 549-1829',NULL),(6078,'Tutor79','1986-04-26','078tutor315@edu.ca','WL6989T11','(722) 748-3760',NULL),(6079,'Tutor80','1994-08-15','079tutor345@edu.ca','TE9383P77','(347) 161-3399',NULL),(6080,'Tutor81','1990-05-01','080tutor329@edu.ca','NQ6085K25','(711) 169-1957',NULL),(6081,'Tutor82','1989-07-03','081tutor326@edu.ca','EU7667P94','(700) 319-7487',NULL),(6082,'Tutor83','1994-04-18','082tutor344@edu.ca','LB3872P24','(460) 233-1874',NULL),(6083,'Tutor84','1993-11-01','083tutor342@edu.ca','AL2565W52','(156) 393-1594',NULL),(6084,'Tutor85','1988-09-26','084tutor324@edu.ca','UU7284M88','(205) 924-8186',NULL),(6085,'Tutor86','1984-08-19','085tutor309@edu.ca','ZL7479J72','(234) 259-4681',NULL),(6086,'Tutor87','1989-05-30','086tutor326@edu.ca','EF5786S10','(481) 672-7755',NULL),(6087,'Tutor88','1993-01-30','087tutor339@edu.ca','JA4189R10','(559) 506-3872',NULL),(6088,'Tutor89','1985-12-02','088tutor313@edu.ca','TP8188H82','(984) 847-5386',NULL),(6089,'Tutor90','1986-06-18','089tutor315@edu.ca','SL9767M80','(598) 659-3632',NULL),(6090,'Tutor91','1989-11-21','090tutor328@edu.ca','VT4379G88','(635) 230-6934',NULL),(6091,'Tutor92','1985-05-07','091tutor311@edu.ca','FO4871G83','(153) 514-1410',NULL),(6092,'Tutor93','1994-07-15','092tutor345@edu.ca','UP1469G95','(433) 971-2924',NULL),(6093,'Tutor94','1994-10-21','093tutor346@edu.ca','LD4986O49','(543) 379-6850',NULL),(6094,'Tutor95','1984-08-01','094tutor308@edu.ca','BR6865K56','(382) 521-9586',NULL),(6095,'Tutor96','1991-03-15','095tutor333@edu.ca','IX3677Z50','(357) 267-3793',NULL),(6096,'Tutor97','1993-08-13','096tutor341@edu.ca','SE8677F61','(387) 440-1949',NULL),(6097,'Tutor98','1987-07-10','097tutor319@edu.ca','IZ6568P51','(773) 941-3699',NULL),(6098,'Tutor99','1994-01-02','098tutor343@edu.ca','TQ1078F36','(974) 611-8929',NULL),(6099,'Tutor100','1990-10-01','099tutor331@edu.ca','DQ5689T97','(727) 352-4967',NULL),(6100,'Tutor101','1987-05-26','100tutor319@edu.ca','CV2068B59','(133) 401-4592',NULL),(6101,'Tutor102','1986-12-09','101tutor317@edu.ca','MX6168X89','(575) 992-8181',NULL),(6102,'Tutor103','1984-10-11','102tutor309@edu.ca','AQ9577O65','(427) 961-5350',NULL),(6103,'Tutor104','1991-07-20','103tutor334@edu.ca','WV5181N58','(947) 555-8780',NULL),(6104,'Tutor105','1993-11-19','104tutor342@edu.ca','GH7775V27','(579) 100-4654',NULL),(6105,'Tutor106','1988-01-16','105tutor321@edu.ca','LP1189W41','(840) 414-2294',NULL),(6106,'Tutor107','1994-09-17','106tutor345@edu.ca','JJ4175M60','(383) 321-1810',NULL),(6107,'Tutor108','1992-04-10','107tutor337@edu.ca','SI6767L69','(728) 559-3805',NULL),(6108,'Tutor109','1988-08-09','108tutor323@edu.ca','LX6089Q15','(984) 953-2889',NULL),(6109,'Tutor110','1984-10-17','109tutor309@edu.ca','SM6784P35','(818) 432-5167',NULL),(6110,'Tutor111','1993-04-11','110tutor340@edu.ca','BV1886R94','(553) 692-2439',NULL),(6111,'Tutor112','1987-09-23','111tutor320@edu.ca','XT1580C78','(788) 367-8814',NULL),(6112,'Tutor113','1992-02-17','112tutor336@edu.ca','GN8267O97','(899) 628-2835',NULL),(6113,'Tutor114','1994-08-04','113tutor345@edu.ca','QK1272M29','(398) 764-3370',1),(6114,'Tutor115','1990-07-26','114tutor330@edu.ca','PS5890Q62','(762) 592-2451',NULL),(6115,'Tutor116','1991-01-12','115tutor332@edu.ca','IW9467K31','(918) 270-1915',1),(6116,'Tutor117','1991-11-06','116tutor335@edu.ca','ZP1275X71','(937) 316-4539',NULL),(6117,'Tutor118','1991-02-17','117tutor332@edu.ca','YM8077P52','(423) 409-7846',NULL),(6118,'Tutor119','1988-09-05','118tutor323@edu.ca','PS6876X15','(778) 294-3533',NULL),(6119,'Tutor120','1992-03-11','119tutor336@edu.ca','DD8483R99','(751) 923-6019',NULL),(6120,'Tutor121','1987-11-16','120tutor320@edu.ca','ND1784L61','(593) 179-7466',NULL),(6121,'Tutor122','1985-02-10','121tutor310@edu.ca','LP8074V29','(585) 151-3457',NULL),(6122,'Tutor123','1988-03-28','122tutor322@edu.ca','GB5382B41','(906) 898-8604',NULL),(6123,'Tutor124','1989-09-01','123tutor327@edu.ca','CD7576R73','(442) 612-9226',NULL),(6124,'Tutor125','1993-05-05','124tutor340@edu.ca','CF5671C85','(250) 194-4843',NULL),(6125,'Tutor126','1990-02-28','125tutor329@edu.ca','CR8270V20','(478) 173-8653',NULL),(6126,'Tutor127','1985-08-15','126tutor312@edu.ca','CD7578T81','(832) 450-9536',NULL),(6127,'Tutor128','1995-05-19','127tutor348@edu.ca','KT2773E89','(455) 594-5391',NULL),(6128,'Tutor129','1987-11-04','128tutor320@edu.ca','TU9277I62','(557) 960-2166',NULL),(6129,'Tutor130','1984-07-23','129tutor308@edu.ca','OL5077R20','(799) 376-2188',NULL),(6130,'Tutor131','1991-03-06','130tutor333@edu.ca','EJ9290L11','(965) 982-1996',NULL),(6131,'Tutor132','1985-10-26','131tutor313@edu.ca','WA4373K73','(373) 399-7330',NULL),(6132,'Tutor133','1990-04-08','132tutor329@edu.ca','HI3984H13','(893) 676-3000',NULL),(6133,'Tutor134','1992-12-20','133tutor339@edu.ca','WC4469K29','(339) 786-4165',NULL),(6134,'Tutor135','1989-07-04','134tutor326@edu.ca','XN5368O30','(544) 680-3877',NULL),(6135,'Tutor136','1994-09-18','135tutor345@edu.ca','DW2290A83','(449) 829-8055',NULL),(6136,'Tutor137','1985-03-28','136tutor311@edu.ca','JX1480H82','(213) 785-8606',NULL),(6137,'Tutor138','1985-12-11','137tutor313@edu.ca','JW5271Q43','(676) 270-2574',NULL),(6138,'Tutor139','1994-07-17','138tutor345@edu.ca','CO3065X95','(959) 731-7177',NULL),(6139,'Tutor140','1994-04-22','139tutor344@edu.ca','IE3371O74','(879) 501-8602',NULL),(6140,'Tutor141','1984-06-16','140tutor308@edu.ca','KR6667D43','(663) 543-3630',NULL),(6141,'Tutor142','1991-09-02','141tutor334@edu.ca','MW2268E14','(303) 907-5975',NULL),(6142,'Tutor143','1989-01-08','142tutor325@edu.ca','QX4371O51','(879) 986-5159',NULL),(6143,'Tutor144','1984-12-22','143tutor310@edu.ca','FU7076W50','(276) 109-3176',1),(6144,'Tutor145','1991-03-08','144tutor333@edu.ca','BH3482J60','(320) 692-1077',NULL),(6145,'Tutor146','1985-12-23','145tutor314@edu.ca','MC5174W38','(317) 599-8521',NULL),(6146,'Tutor147','1988-06-16','146tutor323@edu.ca','MR4981H30','(184) 916-1905',NULL),(6147,'Tutor148','1984-04-29','147tutor308@edu.ca','KH2974E65','(636) 735-5871',NULL),(6148,'Tutor149','1987-08-28','148tutor320@edu.ca','PH1480O33','(548) 306-1573',NULL),(6149,'Tutor150','1992-05-13','149tutor337@edu.ca','GC1190L23','(270) 234-9930',NULL),(6150,'Tutor151','1987-05-25','150tutor319@edu.ca','XD2480K44','(112) 627-9921',NULL),(6151,'Tutor152','1993-11-26','151tutor342@edu.ca','JN4469F30','(119) 185-9191',NULL),(6152,'Tutor153','1984-06-30','152tutor308@edu.ca','LC7275H57','(296) 902-3370',NULL),(6153,'Tutor154','1988-02-10','153tutor321@edu.ca','KR6687X63','(799) 794-3312',NULL),(6154,'Tutor155','1995-10-06','154tutor349@edu.ca','HW9574V15','(676) 309-9788',NULL),(6155,'Tutor156','1995-02-25','155tutor347@edu.ca','NC7489U73','(412) 856-3058',NULL),(6156,'Tutor157','1989-11-26','156tutor328@edu.ca','LK8771C40','(669) 450-2336',NULL),(6157,'Tutor158','1987-02-02','157tutor318@edu.ca','WJ7485P51','(699) 984-5431',NULL),(6158,'Tutor159','1984-12-06','158tutor310@edu.ca','EY8483F24','(184) 634-2469',NULL),(6159,'Tutor160','1990-05-27','159tutor330@edu.ca','YQ3490E77','(600) 551-3716',NULL),(6160,'Tutor161','1995-04-19','160tutor348@edu.ca','BR8283Y41','(165) 831-4824',NULL),(6161,'Tutor162','1992-05-31','161tutor337@edu.ca','WA7587U83','(897) 637-1117',NULL),(6162,'Tutor163','1995-12-04','162tutor350@edu.ca','SE4479K24','(543) 810-2118',NULL),(6163,'Tutor164','1989-03-26','163tutor325@edu.ca','XZ4979K26','(831) 575-1746',NULL),(6164,'Tutor165','1988-05-20','164tutor322@edu.ca','MQ2871A42','(518) 949-9301',NULL),(6165,'Tutor166','1987-06-24','165tutor319@edu.ca','WB1782Y30','(484) 300-5054',NULL),(6166,'Tutor167','1989-10-31','166tutor328@edu.ca','VU5879M61','(412) 854-2442',NULL),(6167,'Tutor168','1988-05-02','167tutor322@edu.ca','AH1875C55','(857) 131-6042',NULL),(6168,'Tutor169','1992-04-15','168tutor337@edu.ca','QV1789L66','(971) 109-4839',NULL),(6169,'Tutor170','1986-10-16','169tutor317@edu.ca','NV6567Q94','(709) 896-2558',NULL),(6170,'Tutor171','1985-03-23','170tutor311@edu.ca','QC9084B64','(767) 665-3255',NULL),(6171,'Tutor172','1985-07-11','171tutor312@edu.ca','PS2576B62','(788) 234-8102',NULL),(6172,'Tutor173','1986-01-31','172tutor314@edu.ca','TU7367L58','(138) 216-9804',NULL),(6173,'Tutor174','1995-08-06','173tutor349@edu.ca','YK7066R43','(302) 368-1219',NULL),(6174,'Tutor175','1989-10-30','174tutor328@edu.ca','KY3369T31','(621) 170-8671',NULL),(6175,'Tutor176','1995-11-26','175tutor350@edu.ca','VV7973Z69','(681) 187-4453',NULL),(6176,'Tutor177','1987-07-14','176tutor319@edu.ca','MO6381V54','(650) 592-4761',NULL),(6177,'Tutor178','1994-10-21','177tutor346@edu.ca','VH1380C51','(703) 555-5775',NULL),(6178,'Tutor179','1987-12-08','178tutor321@edu.ca','ZE3679M12','(186) 350-2769',NULL),(6179,'Tutor180','1989-07-24','179tutor327@edu.ca','LI6173K38','(781) 960-7832',NULL),(6180,'Tutor181','1995-06-07','180tutor348@edu.ca','FV1582T26','(691) 317-9814',NULL),(6181,'Tutor182','1990-04-16','181tutor329@edu.ca','DC6284S95','(973) 897-2140',NULL),(6182,'Tutor183','1987-10-08','182tutor320@edu.ca','OV2670E70','(164) 801-4369',NULL),(6183,'Tutor184','1990-06-22','183tutor330@edu.ca','XZ3469N89','(990) 188-3816',NULL),(6184,'Tutor185','1990-05-17','184tutor330@edu.ca','EI6086Y24','(723) 911-3134',NULL),(6185,'Tutor186','1989-08-10','185tutor327@edu.ca','YJ6289M85','(439) 236-8129',NULL),(6186,'Tutor187','1991-01-05','186tutor332@edu.ca','ZZ9681Q84','(805) 397-5034',NULL),(6187,'Tutor188','1995-05-15','187tutor348@edu.ca','EW1268G15','(460) 356-3922',NULL),(6188,'Tutor189','1989-11-14','188tutor328@edu.ca','GG3489O66','(106) 755-3645',NULL),(6189,'Tutor190','1992-02-08','189tutor336@edu.ca','FY9976F98','(586) 370-7174',NULL),(6190,'Tutor191','1993-07-01','190tutor341@edu.ca','GQ3367F83','(968) 263-5657',NULL),(6191,'Tutor192','1984-02-07','191tutor307@edu.ca','XY4971P38','(491) 454-6301',NULL),(6192,'Tutor193','1987-06-25','192tutor319@edu.ca','CC5868U42','(324) 788-3994',NULL),(6193,'Tutor194','1985-09-25','193tutor313@edu.ca','SP1871W88','(475) 283-9440',NULL),(6194,'Tutor195','1987-06-22','194tutor319@edu.ca','KF6772R38','(634) 917-8706',NULL),(6195,'Tutor196','1985-11-20','195tutor313@edu.ca','XZ9081E31','(505) 868-9870',NULL),(6196,'Tutor197','1988-12-26','196tutor325@edu.ca','RL6377B49','(978) 624-5302',NULL),(6197,'Tutor198','1986-05-11','197tutor315@edu.ca','CC6384R22','(218) 197-3792',NULL),(6198,'Tutor199','1995-10-30','198tutor350@edu.ca','EZ3470S70','(550) 971-4136',NULL),(6199,'Tutor200','1990-01-09','199tutor328@edu.ca','SR1990B19','(455) 143-4566',NULL),(6200,'Tutor201','1989-09-02','200tutor327@edu.ca','UI7187V53','(173) 929-3621',NULL),(6201,'Tutor202','1988-01-23','201tutor321@edu.ca','JW7677F58','(945) 233-3184',NULL),(6202,'Tutor203','1985-03-16','202tutor311@edu.ca','BL4785Y43','(193) 959-2395',NULL),(6203,'Tutor204','1990-08-26','203tutor331@edu.ca','RT1066J58','(919) 752-8811',NULL),(6204,'Tutor205','1995-03-01','204tutor347@edu.ca','GU1979W74','(673) 317-3584',NULL),(6205,'Tutor206','1993-09-18','205tutor342@edu.ca','DE4583Q74','(212) 800-3018',NULL),(6206,'Tutor207','1989-04-02','206tutor326@edu.ca','XH8784V21','(996) 735-4005',NULL),(6207,'Tutor208','1994-04-21','207tutor344@edu.ca','TJ3479I50','(262) 308-6510',NULL),(6208,'Tutor209','1986-12-03','208tutor317@edu.ca','WS4183C42','(686) 899-8488',NULL),(6209,'Tutor210','1991-03-13','209tutor333@edu.ca','BT2184A92','(701) 190-3923',NULL),(6210,'Tutor211','1987-10-22','210tutor320@edu.ca','NL4270Y62','(759) 183-3683',NULL),(6211,'Tutor212','1992-08-05','211tutor338@edu.ca','IC1985O73','(755) 407-2889',NULL),(6212,'Tutor213','1989-07-24','212tutor327@edu.ca','PV2570C16','(563) 468-2552',NULL),(6213,'Tutor214','1993-08-26','213tutor342@edu.ca','CD2267I78','(233) 854-5264',NULL),(6214,'Tutor215','1989-12-10','214tutor328@edu.ca','RI7080L22','(625) 611-6865',NULL),(6215,'Tutor216','1986-04-20','215tutor315@edu.ca','KO5277F94','(217) 279-3690',NULL),(6216,'Tutor217','1987-05-20','216tutor319@edu.ca','YX2287Z94','(797) 566-6728',NULL),(6217,'Tutor218','1993-03-02','217tutor340@edu.ca','NR4688A54','(867) 390-4011',0),(6218,'Tutor219','1984-06-17','218tutor308@edu.ca','YZ5384X59','(460) 135-2294',NULL),(6219,'Tutor220','1985-11-05','219tutor313@edu.ca','VN8374X48','(931) 564-1768',NULL),(6220,'Tutor221','1991-04-27','220tutor333@edu.ca','FZ4385W56','(643) 509-1611',NULL),(6221,'Tutor222','1988-11-25','221tutor324@edu.ca','QI1483L40','(862) 148-4482',NULL),(6222,'Tutor223','1984-12-01','222tutor310@edu.ca','AU4673Z12','(212) 656-9603',3),(6223,'Tutor224','1985-04-11','223tutor311@edu.ca','CI3187A54','(947) 205-4716',NULL),(6224,'Tutor225','1988-11-14','224tutor324@edu.ca','GB3477C12','(936) 342-3197',NULL),(6225,'Tutor226','1986-11-19','225tutor317@edu.ca','MK8867V24','(537) 103-9641',NULL),(6226,'Tutor227','1995-11-01','226tutor350@edu.ca','BU8367L84','(135) 481-3861',NULL),(6227,'Tutor228','1994-02-27','227tutor343@edu.ca','LQ7370I35','(304) 124-1287',NULL),(6228,'Tutor229','1984-05-13','228tutor308@edu.ca','SV5388D34','(850) 178-9488',NULL),(6229,'Tutor230','1990-10-02','229tutor331@edu.ca','RV8183W81','(380) 838-4751',NULL),(6230,'Tutor231','1986-09-05','230tutor316@edu.ca','JY8287C89','(447) 541-3721',NULL),(6231,'Tutor232','1995-08-06','231tutor349@edu.ca','GY1181P19','(365) 562-7985',NULL),(6232,'Tutor233','1990-06-10','232tutor330@edu.ca','JO4773L47','(575) 398-7594',NULL),(6233,'Tutor234','1984-09-30','233tutor309@edu.ca','HW3765C86','(933) 165-9766',NULL),(6234,'Tutor235','1995-12-22','234tutor350@edu.ca','MO6281O56','(761) 812-4891',NULL),(6235,'Tutor236','1995-04-22','235tutor348@edu.ca','FZ4690Z18','(482) 137-4928',NULL),(6236,'Tutor237','1990-10-14','236tutor331@edu.ca','WW3686G24','(966) 662-6418',NULL),(6237,'Tutor238','1993-07-23','237tutor341@edu.ca','GB6179R17','(480) 161-6250',NULL),(6238,'Tutor239','1990-02-13','238tutor329@edu.ca','FT8565C38','(803) 123-5352',NULL),(6239,'Tutor240','1991-03-29','239tutor333@edu.ca','WG6580M76','(742) 767-8814',NULL),(6240,'Tutor241','1992-05-14','240tutor337@edu.ca','ND8466L38','(386) 241-3513',NULL),(6241,'Tutor242','1988-11-14','241tutor324@edu.ca','BC1378D67','(211) 368-2926',NULL),(6242,'Tutor243','1986-07-31','242tutor316@edu.ca','IF4979O74','(882) 151-5080',NULL),(6243,'Tutor244','1995-01-25','243tutor347@edu.ca','QP4873X71','(329) 431-4687',NULL),(6244,'Tutor245','1987-06-02','244tutor319@edu.ca','CT2290X17','(859) 277-8222',NULL),(6245,'Tutor246','1990-01-15','245tutor328@edu.ca','OD3378R49','(691) 684-2038',NULL),(6246,'Tutor247','1985-01-13','246tutor310@edu.ca','ED2781U52','(782) 293-6948',NULL),(6247,'Tutor248','1988-07-05','247tutor323@edu.ca','US9689G47','(713) 536-7770',NULL),(6248,'Tutor249','1985-05-14','248tutor311@edu.ca','QR6172K92','(308) 101-2129',NULL),(6249,'Tutor250','1988-02-18','249tutor321@edu.ca','XN2986O19','(464) 219-8880',NULL),(6250,'Tutor251','1992-11-23','250tutor339@edu.ca','SK3072I96','(831) 556-9241',NULL),(6251,'Tutor252','1995-12-27','251tutor350@edu.ca','BG9166F99','(343) 170-2872',NULL),(6252,'Tutor253','1995-05-11','252tutor348@edu.ca','DI9888J32','(572) 575-2198',NULL),(6253,'Tutor254','1990-05-05','253tutor329@edu.ca','CX5270E14','(268) 500-8595',NULL),(6254,'Tutor255','1988-04-14','254tutor322@edu.ca','WN6882E95','(675) 258-1923',NULL),(6255,'Tutor256','1984-12-08','255tutor310@edu.ca','KR2476A44','(698) 396-2856',NULL),(6256,'Tutor257','1990-05-31','256tutor330@edu.ca','OM9286U47','(979) 251-9246',NULL),(6257,'Tutor258','1992-11-26','257tutor339@edu.ca','XI7684E17','(945) 764-2041',NULL),(6258,'Tutor259','1994-12-27','258tutor346@edu.ca','QF5777K85','(494) 954-6386',NULL),(6259,'Tutor260','1986-06-16','259tutor315@edu.ca','QN9779H51','(397) 583-4470',NULL),(6260,'Tutor261','1989-04-04','260tutor326@edu.ca','DB9178C92','(869) 281-7344',NULL),(6261,'Tutor262','1992-12-31','261tutor339@edu.ca','OS9577A81','(987) 948-5708',NULL),(6262,'Tutor263','1993-10-07','262tutor342@edu.ca','SH2588G80','(163) 794-8528',NULL),(6263,'Tutor264','1992-01-16','263tutor336@edu.ca','XY4984T20','(514) 971-1037',NULL),(6264,'Tutor265','1994-05-16','264tutor344@edu.ca','II1381C48','(677) 476-9068',NULL),(6265,'Tutor266','1993-07-11','265tutor341@edu.ca','JE6570Y10','(534) 409-5297',NULL),(6266,'Tutor267','1994-10-17','266tutor346@edu.ca','LR4583Z53','(423) 179-5004',NULL),(6267,'Tutor268','1989-02-23','267tutor325@edu.ca','WU4368W13','(661) 372-6963',NULL),(6268,'Tutor269','1989-05-06','268tutor326@edu.ca','JT4366I79','(448) 174-7457',NULL),(6269,'Tutor270','1988-10-25','269tutor324@edu.ca','SP2190T48','(842) 337-5011',NULL),(6270,'Tutor271','1988-03-04','270tutor322@edu.ca','LF2367J77','(333) 235-4835',NULL),(6271,'Tutor272','1987-09-05','271tutor320@edu.ca','VW6474U66','(289) 800-8700',NULL),(6272,'Tutor273','1991-10-29','272tutor335@edu.ca','WZ4573C14','(792) 703-5632',NULL),(6273,'Tutor274','1984-05-30','273tutor308@edu.ca','FO6285K69','(603) 913-8854',NULL),(6274,'Tutor275','1994-07-30','274tutor345@edu.ca','FP1489R50','(668) 670-8135',NULL),(6275,'Tutor276','1993-04-05','275tutor340@edu.ca','YE9389U90','(376) 823-8389',NULL),(6276,'Tutor277','1989-04-27','276tutor326@edu.ca','OL2882J25','(781) 990-9906',NULL),(6277,'Tutor278','1994-11-18','277tutor346@edu.ca','ZF7676N33','(549) 420-6348',NULL),(6278,'Tutor279','1989-11-05','278tutor328@edu.ca','SC3967W75','(305) 813-2243',NULL),(6279,'Tutor280','1993-05-15','279tutor341@edu.ca','AI9181T38','(962) 865-2241',NULL),(6280,'Tutor281','1987-07-02','280tutor319@edu.ca','PW5681H48','(537) 933-4229',NULL),(6281,'Tutor282','1991-02-24','281tutor332@edu.ca','BV4273W22','(975) 397-1008',NULL),(6282,'Tutor283','1995-07-16','282tutor348@edu.ca','KV6272N11','(588) 170-2341',NULL),(6283,'Tutor284','1985-09-13','283tutor313@edu.ca','QP5280E21','(629) 211-5413',NULL),(6284,'Tutor285','1989-01-22','284tutor325@edu.ca','EP8773L39','(907) 333-6760',NULL),(6285,'Tutor286','1991-07-17','285tutor334@edu.ca','YY5775H92','(565) 386-8234',NULL),(6286,'Tutor287','1986-03-23','286tutor314@edu.ca','MR8871S62','(942) 102-6715',NULL),(6287,'Tutor288','1987-08-13','287tutor320@edu.ca','WK1088P17','(391) 994-3427',NULL),(6288,'Tutor289','1984-10-26','288tutor309@edu.ca','ZO8678P90','(113) 770-7446',NULL),(6289,'Tutor290','1992-04-04','289tutor336@edu.ca','QD5787H67','(285) 535-2952',NULL),(6290,'Tutor291','1988-03-29','290tutor322@edu.ca','UW1675M19','(779) 254-3897',NULL),(6291,'Tutor292','1991-03-19','291tutor333@edu.ca','WE5870U82','(189) 761-2759',NULL),(6292,'Tutor293','1993-12-03','292tutor343@edu.ca','UM2871V10','(636) 889-9200',NULL),(6293,'Tutor294','1987-04-22','293tutor318@edu.ca','YW4772I49','(197) 229-4216',NULL),(6294,'Tutor295','1986-02-24','294tutor314@edu.ca','TH9985J39','(958) 931-9422',NULL),(6295,'Tutor296','1989-08-10','295tutor327@edu.ca','JT4879V40','(115) 704-5405',NULL),(6296,'Tutor297','1987-11-23','296tutor321@edu.ca','FY8080L29','(697) 738-4324',NULL),(6297,'Tutor298','1992-02-23','297tutor336@edu.ca','HH6884V58','(860) 871-9837',NULL),(6298,'Tutor299','1986-01-26','298tutor314@edu.ca','MB6568P37','(854) 554-6960',NULL),(6299,'Tutor300','1985-06-29','299tutor312@edu.ca','GN2281H60','(617) 101-4210',NULL),(6300,'Tutor301','1995-08-26','300tutor349@edu.ca','VZ3773J25','(719) 918-5438',2),(6301,'Tutor302','1990-01-24','301tutor328@edu.ca','QH2369O64','(264) 878-1151',NULL),(6302,'Tutor303','1993-05-18','302tutor341@edu.ca','JW3177A13','(720) 192-2252',NULL),(6303,'Tutor304','1993-10-19','303tutor342@edu.ca','WC5480P40','(269) 206-1160',NULL),(6304,'Tutor305','1995-01-24','304tutor347@edu.ca','XN7988K86','(504) 733-9664',NULL),(6305,'Tutor306','1985-06-02','305tutor312@edu.ca','BF5975J40','(406) 408-5981',NULL),(6306,'Tutor307','1992-03-19','306tutor336@edu.ca','YQ4575J35','(858) 603-2187',NULL),(6307,'Tutor308','1995-08-11','307tutor349@edu.ca','HK4390W84','(679) 242-6724',NULL),(6308,'Tutor309','1995-05-23','308tutor348@edu.ca','PY6676U76','(478) 963-6076',NULL),(6309,'Tutor310','1985-05-05','309tutor311@edu.ca','AY2480I33','(116) 274-4798',NULL),(6310,'Tutor311','1993-06-13','310tutor341@edu.ca','CM8969O77','(355) 187-7859',NULL),(6311,'Tutor312','1986-07-09','311tutor316@edu.ca','FL8381C29','(595) 424-7055',NULL),(6312,'Tutor313','1987-02-07','312tutor318@edu.ca','HD5285Z54','(972) 185-4499',NULL),(6313,'Tutor314','1991-05-12','313tutor333@edu.ca','HQ7366S56','(236) 358-1051',NULL),(6314,'Tutor315','1992-10-02','314tutor338@edu.ca','RX6867U51','(532) 112-5156',NULL),(6315,'Tutor316','1990-09-08','315tutor331@edu.ca','VM8267Y82','(479) 491-1368',NULL),(6316,'Tutor317','1995-06-06','316tutor348@edu.ca','MQ7367N79','(898) 318-3740',NULL),(6317,'Tutor318','1994-01-24','317tutor343@edu.ca','BZ9169M31','(647) 535-9456',NULL),(6318,'Tutor319','1986-07-27','318tutor316@edu.ca','OU5771K33','(426) 835-7017',NULL),(6319,'Tutor320','1993-08-04','319tutor341@edu.ca','PN4668O69','(145) 828-6512',NULL),(6320,'Tutor321','1995-09-21','320tutor349@edu.ca','FB3282H65','(125) 388-7680',NULL),(6321,'Tutor322','1985-06-10','321tutor312@edu.ca','AI9274R38','(329) 357-3416',NULL),(6322,'Tutor323','1988-10-16','322tutor324@edu.ca','VI8785J81','(417) 619-6240',NULL),(6323,'Tutor324','1985-03-17','323tutor311@edu.ca','BG1773M21','(797) 754-3330',NULL),(6324,'Tutor325','1994-05-23','324tutor344@edu.ca','WC5576K96','(938) 428-3591',NULL),(6325,'Tutor326','1987-06-13','325tutor319@edu.ca','FJ2681W75','(884) 486-2776',NULL),(6326,'Tutor327','1989-10-13','326tutor327@edu.ca','BZ7077E48','(654) 859-7306',NULL),(6327,'Tutor328','1987-01-04','327tutor317@edu.ca','FC1990S19','(843) 300-8406',NULL),(6328,'Tutor329','1993-05-27','328tutor341@edu.ca','BK8790O23','(927) 350-1387',NULL),(6329,'Tutor330','1985-02-03','329tutor310@edu.ca','CF2981N92','(822) 339-9801',NULL),(6330,'Tutor331','1993-12-28','330tutor343@edu.ca','CG7583B69','(703) 956-6106',NULL),(6331,'Tutor332','1988-02-03','331tutor321@edu.ca','TN5584V36','(248) 277-2511',NULL),(6332,'Tutor333','1994-11-07','332tutor346@edu.ca','UX8483Y83','(877) 631-7768',NULL),(6333,'Tutor334','1985-07-23','333tutor312@edu.ca','RS1979A63','(481) 468-5892',NULL),(6334,'Tutor335','1985-05-06','334tutor311@edu.ca','XD5382N64','(625) 793-6912',NULL),(6335,'Tutor336','1985-09-06','335tutor312@edu.ca','NG1266F60','(788) 562-7877',NULL),(6336,'Tutor337','1990-10-25','336tutor331@edu.ca','LB2165N13','(488) 542-4047',NULL),(6337,'Tutor338','1994-06-08','337tutor344@edu.ca','JH1066S77','(176) 971-7763',NULL),(6338,'Tutor339','1993-09-01','338tutor342@edu.ca','AW5682D98','(489) 167-9329',NULL),(6339,'Tutor340','1990-10-30','339tutor331@edu.ca','NG1779O83','(391) 577-1873',NULL),(6340,'Tutor341','1991-02-23','340tutor332@edu.ca','GV6770I74','(562) 191-1509',NULL),(6341,'Tutor342','1990-02-26','341tutor329@edu.ca','RE2590M39','(601) 201-3785',NULL),(6342,'Tutor343','1988-08-05','342tutor323@edu.ca','LJ8384Q68','(426) 158-1759',NULL),(6343,'Tutor344','1995-02-17','343tutor347@edu.ca','BH1568K48','(285) 838-6963',NULL),(6344,'Tutor345','1988-10-05','344tutor324@edu.ca','FV6777I29','(375) 543-8922',NULL),(6345,'Tutor346','1986-09-16','345tutor316@edu.ca','MC2878F69','(496) 780-9203',NULL),(6346,'Tutor347','1995-05-01','346tutor348@edu.ca','TM8282N68','(552) 564-1069',NULL),(6347,'Tutor348','1986-06-13','347tutor315@edu.ca','TB2166Q35','(306) 994-7402',NULL),(6348,'Tutor349','1993-11-16','348tutor342@edu.ca','KI4273X92','(128) 444-6957',NULL),(6349,'Tutor350','1986-09-19','349tutor316@edu.ca','XN1388U86','(148) 934-8487',NULL),(6350,'Tutor351','1991-09-02','350tutor334@edu.ca','VP6674Z38','(481) 511-3517',NULL),(6351,'Tutor352','1993-10-12','351tutor342@edu.ca','AY9873G23','(547) 569-4086',NULL),(6352,'Tutor353','1990-12-09','352tutor332@edu.ca','GS2086P82','(359) 668-5897',NULL),(6353,'Tutor354','1987-11-04','353tutor320@edu.ca','MB9185B98','(547) 930-7533',NULL),(6354,'Tutor355','1988-04-11','354tutor322@edu.ca','JD6981T90','(999) 401-3207',NULL),(6355,'Tutor356','1992-01-23','355tutor336@edu.ca','UX3265A52','(752) 900-8966',NULL),(6356,'Tutor357','1986-11-25','356tutor317@edu.ca','UM5675K69','(547) 232-4001',NULL),(6357,'Tutor358','1990-10-18','357tutor331@edu.ca','IX5371T29','(565) 989-4871',NULL),(6358,'Tutor359','1989-10-10','358tutor327@edu.ca','UN1983H83','(902) 519-1781',NULL),(6359,'Tutor360','1984-06-18','359tutor308@edu.ca','CY1271Y55','(602) 341-7805',NULL),(6360,'Tutor361','1984-01-25','360tutor307@edu.ca','PX5582B70','(867) 301-7182',NULL),(6361,'Tutor362','1986-01-05','361tutor314@edu.ca','DZ6166D75','(559) 447-3642',NULL),(6362,'Tutor363','1994-05-27','362tutor344@edu.ca','LA4065L98','(559) 147-5847',NULL),(6363,'Tutor364','1993-12-03','363tutor343@edu.ca','UI3869C89','(726) 595-8348',NULL),(6364,'Tutor365','1988-10-16','364tutor324@edu.ca','ID5188N99','(722) 635-8475',NULL),(6365,'Tutor366','1992-05-13','365tutor337@edu.ca','JQ6669V36','(666) 212-8371',NULL),(6366,'Tutor367','1986-05-25','366tutor315@edu.ca','VD9781M46','(793) 468-2633',NULL),(6367,'Tutor368','1993-01-20','367tutor339@edu.ca','BM7780Y52','(851) 958-9765',NULL),(6368,'Tutor369','1988-04-11','368tutor322@edu.ca','BS7878R90','(508) 516-1078',NULL),(6369,'Tutor370','1985-08-11','369tutor312@edu.ca','BT3682P14','(253) 122-3968',NULL),(6370,'Tutor371','1990-04-04','370tutor329@edu.ca','CK5972M49','(528) 215-5434',NULL),(6371,'Tutor372','1992-05-03','371tutor337@edu.ca','PR2268E67','(238) 793-6373',NULL),(6372,'Tutor373','1993-08-13','372tutor341@edu.ca','NP4668T65','(501) 674-8417',NULL),(6373,'Tutor374','1989-10-17','373tutor327@edu.ca','LF5769H69','(446) 925-8141',NULL),(6374,'Tutor375','1994-07-31','374tutor345@edu.ca','EO6265Q31','(877) 373-1155',NULL),(6375,'Tutor376','1994-08-26','375tutor345@edu.ca','MJ7683B43','(324) 171-1040',NULL),(6376,'Tutor377','1986-09-25','376tutor316@edu.ca','QQ8371X34','(708) 546-8859',NULL),(6377,'Tutor378','1990-10-06','377tutor331@edu.ca','UZ4084O56','(261) 917-6889',NULL),(6378,'Tutor379','1993-02-14','378tutor340@edu.ca','IL4774B65','(486) 243-5364',NULL),(6379,'Tutor380','1991-09-19','379tutor335@edu.ca','UR5780T52','(909) 511-6727',NULL),(6380,'Tutor381','1992-11-04','380tutor339@edu.ca','NG9176A10','(683) 660-7192',NULL),(6381,'Tutor382','1987-01-13','381tutor317@edu.ca','VW6866S76','(838) 817-8318',NULL),(6382,'Tutor383','1995-07-12','382tutor348@edu.ca','IQ7273H47','(153) 395-1096',NULL),(6383,'Tutor384','1985-07-27','383tutor312@edu.ca','PE1572Q18','(928) 147-4794',NULL),(6384,'Tutor385','1985-05-31','384tutor311@edu.ca','TK7570X70','(462) 711-6372',NULL),(6385,'Tutor386','1988-10-14','385tutor324@edu.ca','PI1976K50','(589) 489-7769',NULL),(6386,'Tutor387','1992-12-22','386tutor339@edu.ca','YX5382K33','(400) 991-8376',NULL),(6387,'Tutor388','1990-08-30','387tutor331@edu.ca','JV5765A84','(612) 285-3035',NULL),(6388,'Tutor389','1992-10-26','388tutor339@edu.ca','BI7375D90','(611) 857-3786',NULL),(6389,'Tutor390','1984-06-14','389tutor308@edu.ca','YY1869C79','(465) 126-4365',NULL),(6390,'Tutor391','1992-07-29','390tutor338@edu.ca','IB6581D11','(932) 333-4151',NULL),(6391,'Tutor392','1986-01-30','391tutor314@edu.ca','VL6189M60','(724) 478-6988',NULL),(6392,'Tutor393','1993-07-17','392tutor341@edu.ca','IU2287U59','(333) 700-7906',NULL),(6393,'Tutor394','1989-09-11','393tutor327@edu.ca','UO6184W53','(696) 208-6082',NULL),(6394,'Tutor395','1988-03-29','394tutor322@edu.ca','PZ2790H90','(500) 761-2271',NULL),(6395,'Tutor396','1991-04-26','395tutor333@edu.ca','OW6079N92','(945) 881-4822',NULL),(6396,'Tutor397','1995-05-06','396tutor348@edu.ca','DD9873P49','(500) 278-8927',NULL),(6397,'Tutor398','1992-02-22','397tutor336@edu.ca','JA3071X91','(220) 723-2764',NULL),(6398,'Tutor399','1985-02-13','398tutor310@edu.ca','DH1481Z18','(740) 471-3535',NULL),(6399,'Tutor400','1989-12-07','399tutor328@edu.ca','ZG7772X20','(780) 809-4109',NULL),(6400,'Tutor401','1991-07-01','400tutor334@edu.ca','DX4982P31','(982) 843-6249',NULL),(6401,'Tutor402','1989-12-27','401tutor328@edu.ca','LC7889V13','(783) 819-7744',NULL),(6402,'Tutor403','1985-02-09','402tutor310@edu.ca','PR5070U39','(514) 906-1828',NULL),(6403,'Tutor404','1989-10-09','403tutor327@edu.ca','RV5867J36','(217) 398-1387',NULL),(6404,'Tutor405','1984-08-12','404tutor309@edu.ca','CV9684Z65','(152) 972-3165',NULL),(6405,'Tutor406','1994-10-31','405tutor346@edu.ca','SX5485R75','(291) 572-6202',NULL),(6406,'Tutor407','1988-10-10','406tutor324@edu.ca','UQ8982B43','(469) 496-3982',NULL),(6407,'Tutor408','1984-05-07','407tutor308@edu.ca','XA4371X68','(872) 876-2563',NULL),(6408,'Tutor409','1991-02-15','408tutor332@edu.ca','HO9767S23','(387) 622-5384',NULL),(6409,'Tutor410','1994-07-01','409tutor345@edu.ca','UT2081M60','(357) 887-8746',NULL),(6410,'Tutor411','1985-10-27','410tutor313@edu.ca','PL9366T15','(890) 299-8947',NULL),(6411,'Tutor412','1994-11-06','411tutor346@edu.ca','AO5767H60','(503) 189-1993',NULL),(6412,'Tutor413','1995-08-03','412tutor349@edu.ca','XS3777Y32','(865) 439-9387',NULL),(6413,'Tutor414','1988-07-22','413tutor323@edu.ca','NR2466U38','(609) 240-5766',NULL),(6414,'Tutor415','1988-10-04','414tutor324@edu.ca','PS1171Y60','(537) 298-7835',NULL),(6415,'Tutor416','1988-02-16','415tutor321@edu.ca','SX8585K17','(956) 470-8118',NULL),(6416,'Tutor417','1987-11-08','416tutor320@edu.ca','NA5379B34','(202) 355-5985',NULL),(6417,'Tutor418','1992-08-07','417tutor338@edu.ca','BC3988U62','(904) 912-9858',NULL),(6418,'Tutor419','1993-09-03','418tutor342@edu.ca','HI6776T35','(681) 791-3057',NULL),(6419,'Tutor420','1989-06-09','419tutor326@edu.ca','LW2782C96','(702) 904-9632',NULL),(6420,'Tutor421','1986-02-08','420tutor314@edu.ca','YF2990H71','(913) 560-2960',0),(6421,'Tutor422','1988-01-31','421tutor321@edu.ca','XZ5181A14','(163) 977-7967',NULL),(6422,'Tutor423','1995-07-02','422tutor348@edu.ca','NB4486T66','(598) 657-4796',NULL),(6423,'Tutor424','1993-11-04','423tutor342@edu.ca','WC8374N93','(482) 470-2205',NULL),(6424,'Tutor425','1990-08-28','424tutor331@edu.ca','MQ7268L42','(743) 858-8466',NULL),(6425,'Tutor426','1984-07-29','425tutor308@edu.ca','YY9775K42','(899) 729-2339',NULL),(6426,'Tutor427','1984-05-25','426tutor308@edu.ca','MI1767Y56','(729) 600-1587',NULL),(6427,'Tutor428','1991-12-23','427tutor335@edu.ca','WR6673W63','(726) 901-2461',NULL),(6428,'Tutor429','1994-02-18','428tutor343@edu.ca','QY1567N87','(387) 982-2846',NULL),(6429,'Tutor430','1987-09-12','429tutor320@edu.ca','HJ2688H50','(656) 300-9799',NULL),(6430,'Tutor431','1991-02-15','430tutor332@edu.ca','GN6483O84','(280) 186-1710',NULL),(6431,'Tutor432','1986-07-08','431tutor316@edu.ca','ML4766H42','(702) 722-8052',NULL),(6432,'Tutor433','1985-11-22','432tutor313@edu.ca','MM1976V61','(297) 837-2938',NULL),(6433,'Tutor434','1990-10-02','433tutor331@edu.ca','PZ3685O34','(542) 626-6093',NULL),(6434,'Tutor435','1995-10-15','434tutor349@edu.ca','JO7177N43','(240) 772-5275',NULL),(6435,'Tutor436','1991-03-05','435tutor333@edu.ca','IZ5774L49','(651) 868-1569',NULL),(6436,'Tutor437','1988-04-11','436tutor322@edu.ca','CQ1478A26','(139) 358-2432',NULL),(6437,'Tutor438','1993-03-08','437tutor340@edu.ca','WU3274F54','(428) 922-2774',NULL),(6438,'Tutor439','1991-02-23','438tutor332@edu.ca','FE1277D84','(114) 517-3918',NULL),(6439,'Tutor440','1992-05-27','439tutor337@edu.ca','RR4488M74','(527) 746-7941',NULL),(6440,'Tutor441','1989-05-26','440tutor326@edu.ca','XV8982X69','(253) 338-9272',NULL),(6441,'Tutor442','1986-09-20','441tutor316@edu.ca','KL8375L17','(830) 351-2301',NULL),(6442,'Tutor443','1995-09-28','442tutor349@edu.ca','XG3066F71','(717) 896-4900',NULL),(6443,'Tutor444','1992-11-30','443tutor339@edu.ca','QY2876H89','(961) 869-7715',NULL),(6444,'Tutor445','1986-03-25','444tutor314@edu.ca','GH3689Q10','(145) 107-7098',NULL),(6445,'Tutor446','1986-04-26','445tutor315@edu.ca','GN9569Y88','(128) 566-8549',NULL),(6446,'Tutor447','1984-02-28','446tutor307@edu.ca','GC6976R53','(566) 993-8058',NULL),(6447,'Tutor448','1988-07-04','447tutor323@edu.ca','FW4467K93','(737) 104-4602',NULL),(6448,'Tutor449','1984-03-04','448tutor307@edu.ca','KL5282P66','(379) 823-6221',NULL),(6449,'Tutor450','1992-09-13','449tutor338@edu.ca','BC3670V18','(880) 964-3734',NULL),(6450,'Tutor451','1992-11-15','450tutor339@edu.ca','GM9782A61','(681) 462-7887',NULL),(6451,'Tutor452','1991-03-02','451tutor332@edu.ca','XZ5685G40','(886) 330-8266',NULL),(6452,'Tutor453','1991-01-04','452tutor332@edu.ca','XB4980R16','(927) 900-5499',NULL),(6453,'Tutor454','1990-03-10','453tutor329@edu.ca','OM1486I80','(734) 376-2049',NULL),(6454,'Tutor455','1993-04-29','454tutor340@edu.ca','XJ4590X94','(222) 231-5223',NULL),(6455,'Tutor456','1987-09-01','455tutor320@edu.ca','JT8074W54','(647) 120-2244',NULL),(6456,'Tutor457','1987-04-23','456tutor318@edu.ca','EZ3382S81','(669) 895-9274',NULL),(6457,'Tutor458','1993-12-20','457tutor343@edu.ca','QH3768E30','(491) 132-6545',NULL),(6458,'Tutor459','1994-04-26','458tutor344@edu.ca','WZ5085Q88','(427) 170-5596',NULL),(6459,'Tutor460','1993-11-12','459tutor342@edu.ca','EJ6583N35','(528) 796-8299',NULL),(6460,'Tutor461','1990-03-22','460tutor329@edu.ca','KU4681B49','(361) 873-7418',NULL),(6461,'Tutor462','1988-06-10','461tutor323@edu.ca','OQ7967P25','(464) 247-3430',NULL),(6462,'Tutor463','1989-04-26','462tutor326@edu.ca','YL4789K41','(851) 425-4378',NULL),(6463,'Tutor464','1985-03-26','463tutor311@edu.ca','VP6275B19','(254) 610-1085',NULL),(6464,'Tutor465','1993-08-17','464tutor341@edu.ca','UL2668T73','(725) 773-7722',NULL),(6465,'Tutor466','1985-11-04','465tutor313@edu.ca','BB9071R66','(110) 641-5608',NULL),(6466,'Tutor467','1995-04-28','466tutor348@edu.ca','FE2183L44','(583) 156-1141',NULL),(6467,'Tutor468','1986-08-02','467tutor316@edu.ca','JN4966Q66','(447) 828-9114',NULL),(6468,'Tutor469','1986-04-13','468tutor315@edu.ca','MB6585R81','(290) 834-6962',NULL),(6469,'Tutor470','1992-08-29','469tutor338@edu.ca','PJ4870N18','(835) 153-6789',NULL),(6470,'Tutor471','1987-01-20','470tutor317@edu.ca','XB4278G88','(543) 497-2172',NULL),(6471,'Tutor472','1993-11-21','471tutor342@edu.ca','EG3785J31','(297) 592-4099',NULL),(6472,'Tutor473','1985-11-20','472tutor313@edu.ca','QG7970V64','(508) 486-4821',NULL),(6473,'Tutor474','1989-09-10','473tutor327@edu.ca','XV8167A16','(487) 684-9805',NULL),(6474,'Tutor475','1990-06-19','474tutor330@edu.ca','ZO5774N80','(544) 659-9575',NULL),(6475,'Tutor476','1995-04-20','475tutor348@edu.ca','TB5470Y64','(715) 447-4630',NULL),(6476,'Tutor477','1994-02-26','476tutor343@edu.ca','KD7981X91','(496) 986-6055',NULL),(6477,'Tutor478','1993-07-02','477tutor341@edu.ca','ZS2965P48','(294) 195-7947',NULL),(6478,'Tutor479','1984-12-17','478tutor310@edu.ca','EK8266Z13','(339) 545-2883',NULL),(6479,'Tutor480','1995-05-13','479tutor348@edu.ca','PY1287V95','(524) 666-1354',NULL),(6480,'Tutor481','1993-03-05','480tutor340@edu.ca','FU6870O49','(774) 433-2859',NULL),(6481,'Tutor482','1993-05-10','481tutor340@edu.ca','FT7269L39','(956) 619-9475',NULL),(6482,'Tutor483','1984-06-17','482tutor308@edu.ca','CE7783Z61','(970) 248-2591',NULL),(6483,'Tutor484','1986-09-07','483tutor316@edu.ca','WX8178A27','(235) 228-8007',NULL),(6484,'Tutor485','1987-04-21','484tutor318@edu.ca','IA7869Q41','(228) 515-5644',NULL),(6485,'Tutor486','1984-10-04','485tutor309@edu.ca','NU1370Y59','(312) 743-3649',NULL),(6486,'Tutor487','1986-10-15','486tutor317@edu.ca','PU7874F97','(388) 345-7072',NULL),(6487,'Tutor488','1992-09-24','487tutor338@edu.ca','EL8667T78','(519) 114-7253',NULL),(6488,'Tutor489','1992-10-14','488tutor338@edu.ca','PH9765K94','(197) 154-5706',NULL),(6489,'Tutor490','1989-03-08','489tutor325@edu.ca','GX8781I84','(151) 348-8366',NULL),(6490,'Tutor491','1992-05-01','490tutor337@edu.ca','DB1889D20','(438) 297-2343',NULL),(6491,'Tutor492','1991-04-11','491tutor333@edu.ca','JP2081Q29','(999) 122-5094',NULL),(6492,'Tutor493','1995-08-31','492tutor349@edu.ca','GB2877L54','(184) 977-2787',NULL),(6493,'Tutor494','1991-04-04','493tutor333@edu.ca','DO9065Y44','(680) 159-1697',NULL),(6494,'Tutor495','1985-12-07','494tutor313@edu.ca','MJ9284C13','(125) 473-8945',NULL),(6495,'Tutor496','1994-07-12','495tutor345@edu.ca','IR6374T27','(973) 806-6769',NULL),(6496,'Tutor497','1984-01-03','496tutor306@edu.ca','HT1776A50','(664) 745-4028',NULL),(6497,'Tutor498','1992-04-12','497tutor337@edu.ca','RH8176S40','(380) 832-9598',NULL),(6498,'Tutor499','1995-04-14','498tutor348@edu.ca','XB9784K50','(839) 501-2818',NULL),(6499,'Tutor500','1989-11-14','499tutor328@edu.ca','YX4174D75','(414) 646-6856',NULL),(6500,'Tutor501','1989-10-13','500tutor327@edu.ca','PZ5590O97','(364) 316-8814',3),(6501,'Tutor502','1987-09-22','501tutor320@edu.ca','QW5980N20','(539) 149-1696',NULL),(6502,'Tutor503','1993-03-17','502tutor340@edu.ca','PL1875A89','(993) 842-1165',NULL),(6503,'Tutor504','1987-10-12','503tutor320@edu.ca','HR4773S32','(742) 927-5629',NULL),(6504,'Tutor505','1988-03-01','504tutor322@edu.ca','LF5472A61','(449) 464-3148',NULL),(6505,'Tutor506','1994-05-20','505tutor344@edu.ca','RZ9476A54','(588) 556-4558',NULL),(6506,'Tutor507','1984-01-23','506tutor307@edu.ca','UU3784N53','(247) 201-9101',NULL),(6507,'Tutor508','1995-10-01','507tutor349@edu.ca','AX5479I66','(761) 700-1766',NULL),(6508,'Tutor509','1989-11-26','508tutor328@edu.ca','CH2169Q87','(215) 712-4125',NULL),(6509,'Tutor510','1993-08-02','509tutor341@edu.ca','ZB1081G85','(114) 666-2480',NULL),(6510,'Tutor511','1985-12-24','510tutor314@edu.ca','OA7770P97','(343) 686-7142',NULL),(6511,'Tutor512','1984-11-26','511tutor310@edu.ca','AH8090S30','(148) 117-2163',NULL),(6512,'Tutor513','1988-03-18','512tutor322@edu.ca','NQ7982W56','(106) 853-4257',NULL),(6513,'Tutor514','1992-05-05','513tutor337@edu.ca','BE8984T73','(420) 433-7606',NULL),(6514,'Tutor515','1988-06-26','514tutor323@edu.ca','DY6476S75','(805) 918-8843',NULL),(6515,'Tutor516','1988-04-03','515tutor322@edu.ca','UO2565F60','(337) 669-8809',NULL),(6516,'Tutor517','1986-06-06','516tutor315@edu.ca','DQ2381F94','(728) 402-4997',NULL),(6517,'Tutor518','1986-04-24','517tutor315@edu.ca','MF5080P31','(860) 247-1141',NULL),(6518,'Tutor519','1988-09-05','518tutor323@edu.ca','RA9271D42','(829) 662-7604',NULL),(6519,'Tutor520','1988-02-08','519tutor321@edu.ca','ML2483G38','(785) 461-1247',NULL),(6520,'Tutor521','1992-08-14','520tutor338@edu.ca','WB6790R38','(238) 900-2610',NULL),(6521,'Tutor522','1991-02-27','521tutor332@edu.ca','LO7781H12','(573) 334-1490',NULL),(6522,'Tutor523','1991-11-20','522tutor335@edu.ca','IN7876D78','(210) 674-8939',NULL),(6523,'Tutor524','1986-04-21','523tutor315@edu.ca','LF1977H28','(323) 358-9738',NULL),(6524,'Tutor525','1995-11-11','524tutor350@edu.ca','YH2481H68','(811) 959-3857',NULL),(6525,'Tutor526','1986-03-19','525tutor314@edu.ca','FC3488U76','(676) 249-3883',NULL),(6526,'Tutor527','1994-08-20','526tutor345@edu.ca','IR7976V69','(789) 437-6528',NULL),(6527,'Tutor528','1990-03-19','527tutor329@edu.ca','TJ1089P34','(602) 782-3731',NULL),(6528,'Tutor529','1986-05-15','528tutor315@edu.ca','OF9788N50','(587) 151-7097',NULL),(6529,'Tutor530','1988-01-10','529tutor321@edu.ca','WA5871P15','(525) 518-9319',NULL),(6530,'Tutor531','1985-07-16','530tutor312@edu.ca','FC7284O62','(434) 119-9886',NULL),(6531,'Tutor532','1992-10-23','531tutor339@edu.ca','CL7567P63','(917) 317-2020',NULL),(6532,'Tutor533','1987-02-23','532tutor318@edu.ca','OY3085C18','(199) 885-2204',NULL),(6533,'Tutor534','1985-03-01','533tutor311@edu.ca','FS3173T75','(128) 363-2535',NULL),(6534,'Tutor535','1986-01-23','534tutor314@edu.ca','AU6484Z46','(919) 678-6560',NULL),(6535,'Tutor536','1987-03-25','535tutor318@edu.ca','MH8987N36','(770) 606-1178',NULL),(6536,'Tutor537','1984-03-10','536tutor307@edu.ca','MS2071G49','(924) 102-3372',NULL),(6537,'Tutor538','1989-03-09','537tutor325@edu.ca','DD7685V99','(492) 869-5984',NULL),(6538,'Tutor539','1984-07-29','538tutor308@edu.ca','ME1965M34','(497) 461-4083',NULL),(6539,'Tutor540','1988-04-16','539tutor322@edu.ca','TF6270F87','(100) 293-1695',NULL),(6540,'Tutor541','1992-10-31','540tutor339@edu.ca','VO5072L71','(296) 456-1552',NULL),(6541,'Tutor542','1991-05-19','541tutor333@edu.ca','UE9866O55','(994) 352-8658',NULL),(6542,'Tutor543','1991-08-09','542tutor334@edu.ca','LK5383D62','(564) 522-6821',NULL),(6543,'Tutor544','1992-04-13','543tutor337@edu.ca','DI1190Q27','(658) 291-2157',NULL),(6544,'Tutor545','1994-11-28','544tutor346@edu.ca','NX7281J37','(141) 619-5758',NULL),(6545,'Tutor546','1987-03-29','545tutor318@edu.ca','RX3472Q16','(343) 808-1708',NULL),(6546,'Tutor547','1994-01-21','546tutor343@edu.ca','VK9779S17','(856) 239-8003',NULL),(6547,'Tutor548','1984-03-25','547tutor307@edu.ca','XJ5875M59','(888) 910-1711',NULL),(6548,'Tutor549','1986-01-19','548tutor314@edu.ca','YQ2189X87','(527) 238-1035',NULL),(6549,'Tutor550','1985-09-27','549tutor313@edu.ca','MD9172Z11','(973) 521-3527',NULL),(6550,'Tutor551','1987-03-15','550tutor318@edu.ca','JW4773U48','(900) 801-5622',1),(6551,'Tutor552','1990-05-30','551tutor330@edu.ca','SU1083N87','(407) 720-6585',NULL),(6552,'Tutor553','1988-07-23','552tutor323@edu.ca','XG9973D76','(754) 864-2628',NULL),(6553,'Tutor554','1993-11-16','553tutor342@edu.ca','OP7782S59','(740) 365-6478',NULL),(6554,'Tutor555','1985-06-15','554tutor312@edu.ca','QM2874T38','(543) 976-8004',NULL),(6555,'Tutor556','1984-01-08','555tutor306@edu.ca','CB5685V45','(624) 955-1437',NULL),(6556,'Tutor557','1984-01-24','556tutor307@edu.ca','YA9880W86','(161) 369-9695',NULL),(6557,'Tutor558','1995-05-01','557tutor348@edu.ca','MB5772T18','(771) 990-4679',NULL),(6558,'Tutor559','1990-08-18','558tutor331@edu.ca','MA1784O34','(703) 524-3050',NULL),(6559,'Tutor560','1986-08-22','559tutor316@edu.ca','VO2589Z29','(344) 137-3286',NULL),(6560,'Tutor561','1986-03-25','560tutor314@edu.ca','QJ5767Y26','(619) 887-7534',NULL),(6561,'Tutor562','1985-10-31','561tutor313@edu.ca','LQ4787I39','(117) 851-5989',NULL),(6562,'Tutor563','1992-06-02','562tutor337@edu.ca','PM5786F53','(779) 678-9914',NULL),(6563,'Tutor564','1989-05-03','563tutor326@edu.ca','OK7478R89','(550) 800-1365',NULL),(6564,'Tutor565','1988-05-22','564tutor322@edu.ca','CP3381G19','(169) 625-2112',NULL),(6565,'Tutor566','1988-01-01','565tutor321@edu.ca','LK1971G19','(875) 965-9554',NULL),(6566,'Tutor567','1986-05-26','566tutor315@edu.ca','WT5888N79','(171) 997-2345',NULL),(6567,'Tutor568','1990-02-04','567tutor329@edu.ca','JX9069N79','(382) 918-1070',NULL),(6568,'Tutor569','1992-12-26','568tutor339@edu.ca','GW5966Z41','(690) 219-3740',NULL),(6569,'Tutor570','1993-05-13','569tutor341@edu.ca','ZK7874A49','(617) 280-8759',NULL),(6570,'Tutor571','1988-05-17','570tutor322@edu.ca','RM9669F28','(156) 105-6528',NULL),(6571,'Tutor572','1985-09-10','571tutor313@edu.ca','SU5873K57','(800) 981-6632',NULL),(6572,'Tutor573','1990-10-03','572tutor331@edu.ca','QU3972V30','(491) 514-7308',NULL),(6573,'Tutor574','1985-01-27','573tutor310@edu.ca','PZ6675Q20','(682) 690-4114',NULL),(6574,'Tutor575','1993-04-21','574tutor340@edu.ca','WV8577H39','(731) 545-1777',NULL),(6575,'Tutor576','1988-01-30','575tutor321@edu.ca','JW7077N99','(478) 712-1641',NULL),(6576,'Tutor577','1995-01-29','576tutor347@edu.ca','YI7879M58','(217) 910-7375',NULL),(6577,'Tutor578','1992-10-11','577tutor338@edu.ca','AD5387I28','(507) 616-9959',NULL),(6578,'Tutor579','1987-06-10','578tutor319@edu.ca','FK2170P92','(901) 551-9761',NULL),(6579,'Tutor580','1986-07-18','579tutor316@edu.ca','RS8382F64','(141) 955-2990',NULL),(6580,'Tutor581','1987-08-16','580tutor320@edu.ca','FQ6885N38','(987) 278-1826',NULL),(6581,'Tutor582','1987-07-03','581tutor319@edu.ca','AC7788Q26','(907) 611-1920',NULL),(6582,'Tutor583','1989-12-17','582tutor328@edu.ca','NR8065J48','(699) 110-1568',NULL),(6583,'Tutor584','1992-09-27','583tutor338@edu.ca','YL2579J68','(994) 996-2197',NULL),(6584,'Tutor585','1985-12-16','584tutor313@edu.ca','HX6772Z64','(542) 118-9704',NULL),(6585,'Tutor586','1986-02-18','585tutor314@edu.ca','BF4479V47','(469) 270-8000',NULL),(6586,'Tutor587','1994-06-09','586tutor344@edu.ca','IB8987T23','(923) 392-9536',NULL),(6587,'Tutor588','1985-02-26','587tutor311@edu.ca','DE8177V10','(707) 328-6376',NULL),(6588,'Tutor589','1991-01-14','588tutor332@edu.ca','DE6490C33','(469) 796-7374',NULL),(6589,'Tutor590','1984-01-18','589tutor306@edu.ca','DA9788A25','(923) 368-7283',NULL),(6590,'Tutor591','1987-08-28','590tutor320@edu.ca','SX6783I87','(802) 209-4369',NULL),(6591,'Tutor592','1994-08-25','591tutor345@edu.ca','OD2072P97','(134) 377-9410',NULL),(6592,'Tutor593','1986-09-02','592tutor316@edu.ca','NL4181J77','(426) 739-5127',NULL),(6593,'Tutor594','1994-10-23','593tutor346@edu.ca','YC1575N53','(967) 551-3207',NULL),(6594,'Tutor595','1986-07-11','594tutor316@edu.ca','GI7389J14','(530) 464-3766',NULL),(6595,'Tutor596','1988-04-18','595tutor322@edu.ca','ME8084E36','(734) 189-1452',NULL),(6596,'Tutor597','1990-11-27','596tutor332@edu.ca','OF3668I46','(949) 832-3646',NULL),(6597,'Tutor598','1984-01-25','597tutor307@edu.ca','ML7865D72','(774) 711-8920',NULL),(6598,'Tutor599','1993-12-25','598tutor343@edu.ca','OR7568J86','(929) 433-4878',NULL),(6599,'Tutor600','1987-08-14','599tutor320@edu.ca','RK1886I69','(430) 741-6777',NULL),(6600,'Tutor601','1987-04-29','600tutor318@edu.ca','NQ3272J45','(931) 411-3468',NULL),(6601,'Tutor602','1992-06-11','601tutor337@edu.ca','ZA9080C38','(208) 895-9799',NULL),(6602,'Tutor603','1986-01-23','602tutor314@edu.ca','UB4565E99','(280) 354-1250',NULL),(6603,'Tutor604','1993-12-03','603tutor343@edu.ca','JR5588P33','(761) 892-5397',NULL),(6604,'Tutor605','1986-04-19','604tutor315@edu.ca','LX2472J71','(105) 860-2485',NULL),(6605,'Tutor606','1994-07-05','605tutor345@edu.ca','BY9981V63','(268) 426-1885',NULL),(6606,'Tutor607','1984-12-18','606tutor310@edu.ca','KM9473U43','(318) 216-1657',NULL),(6607,'Tutor608','1991-03-16','607tutor333@edu.ca','RB6482R32','(419) 341-7344',NULL),(6608,'Tutor609','1985-06-18','608tutor312@edu.ca','VG3068R95','(433) 836-7614',NULL),(6609,'Tutor610','1993-08-11','609tutor341@edu.ca','RJ9283B61','(439) 637-6533',NULL),(6610,'Tutor611','1993-06-19','610tutor341@edu.ca','XP6272M25','(960) 580-1992',NULL),(6611,'Tutor612','1987-01-16','611tutor317@edu.ca','XA9090B99','(959) 220-3537',NULL),(6612,'Tutor613','1986-10-29','612tutor317@edu.ca','SE3779T31','(690) 914-3338',NULL),(6613,'Tutor614','1984-05-27','613tutor308@edu.ca','LV9275F27','(946) 838-2232',NULL),(6614,'Tutor615','1988-08-30','614tutor323@edu.ca','FA7376L77','(434) 872-1942',NULL),(6615,'Tutor616','1987-10-09','615tutor320@edu.ca','ME9877R45','(275) 844-1658',NULL),(6616,'Tutor617','1988-07-20','616tutor323@edu.ca','RW8279O22','(321) 279-5422',NULL),(6617,'Tutor618','1990-08-08','617tutor330@edu.ca','WO6969R70','(715) 365-8070',NULL),(6618,'Tutor619','1990-09-13','618tutor331@edu.ca','IU5486U35','(211) 695-1745',NULL),(6619,'Tutor620','1988-05-15','619tutor322@edu.ca','UD5582N13','(556) 135-4905',NULL),(6620,'Tutor621','1991-10-27','620tutor335@edu.ca','DL4580S58','(974) 532-2602',NULL),(6621,'Tutor622','1992-08-09','621tutor338@edu.ca','DR6070W49','(500) 229-5259',NULL),(6622,'Tutor623','1988-06-30','622tutor323@edu.ca','PO1373C67','(993) 478-8903',NULL),(6623,'Tutor624','1995-09-02','623tutor349@edu.ca','MD1682W93','(538) 658-7041',NULL),(6624,'Tutor625','1985-01-29','624tutor310@edu.ca','TK1489Y95','(885) 838-8182',NULL),(6625,'Tutor626','1994-06-03','625tutor344@edu.ca','BP9380Y21','(107) 170-1226',NULL),(6626,'Tutor627','1985-10-21','626tutor313@edu.ca','NX7070X68','(277) 159-1161',NULL),(6627,'Tutor628','1984-12-31','627tutor310@edu.ca','RH4376T61','(291) 528-5303',NULL),(6628,'Tutor629','1986-12-01','628tutor317@edu.ca','JJ5770F65','(732) 967-3130',NULL),(6629,'Tutor630','1994-10-17','629tutor346@edu.ca','ZM7482P26','(618) 186-1795',NULL),(6630,'Tutor631','1993-03-03','630tutor340@edu.ca','ZZ1666X89','(961) 517-6776',NULL),(6631,'Tutor632','1992-03-03','631tutor336@edu.ca','PA5267W45','(347) 838-1480',NULL),(6632,'Tutor633','1988-08-11','632tutor323@edu.ca','XX2786Y93','(321) 730-6542',NULL),(6633,'Tutor634','1989-07-29','633tutor327@edu.ca','FB6079R51','(675) 241-9322',NULL),(6634,'Tutor635','1984-07-03','634tutor308@edu.ca','PR8689P48','(371) 697-4009',NULL),(6635,'Tutor636','1992-10-11','635tutor338@edu.ca','CD9466M10','(600) 522-9978',NULL),(6636,'Tutor637','1991-08-15','636tutor334@edu.ca','IK1874D95','(633) 202-3610',NULL),(6637,'Tutor638','1993-11-25','637tutor342@edu.ca','ZU5274E45','(891) 582-5308',NULL),(6638,'Tutor639','1990-09-28','638tutor331@edu.ca','SN1387A45','(883) 265-8789',NULL),(6639,'Tutor640','1985-05-19','639tutor311@edu.ca','QN4675V68','(710) 551-2429',NULL),(6640,'Tutor641','1988-08-19','640tutor323@edu.ca','LE3790L47','(300) 726-7447',NULL),(6641,'Tutor642','1985-09-10','641tutor313@edu.ca','YE4068F29','(523) 982-4574',NULL),(6642,'Tutor643','1985-05-31','642tutor311@edu.ca','RO2370T80','(751) 375-9064',NULL),(6643,'Tutor644','1995-06-16','643tutor348@edu.ca','UF8278Y37','(716) 220-8857',NULL),(6644,'Tutor645','1994-06-26','644tutor345@edu.ca','NT2866Y57','(606) 811-8547',NULL),(6645,'Tutor646','1988-04-05','645tutor322@edu.ca','ZU1185U33','(368) 681-8474',NULL),(6646,'Tutor647','1987-08-14','646tutor320@edu.ca','VP7979M32','(165) 938-7159',NULL),(6647,'Tutor648','1988-02-29','647tutor322@edu.ca','YL8478U36','(151) 740-6742',NULL),(6648,'Tutor649','1990-05-06','648tutor329@edu.ca','AX6380T76','(331) 659-6131',NULL),(6649,'Tutor650','1984-11-07','649tutor309@edu.ca','HT2077X23','(492) 401-5164',NULL),(6650,'Tutor651','1989-03-17','650tutor325@edu.ca','JX8865Z97','(984) 626-4191',NULL),(6651,'Tutor652','1987-01-01','651tutor317@edu.ca','FJ4179A60','(407) 864-5191',NULL),(6652,'Tutor653','1984-02-26','652tutor307@edu.ca','FM2067L49','(153) 770-5406',NULL),(6653,'Tutor654','1987-03-06','653tutor318@edu.ca','PX8568W89','(123) 281-7470',NULL),(6654,'Tutor655','1990-12-30','654tutor332@edu.ca','MU6575P39','(441) 282-3359',NULL),(6655,'Tutor656','1986-03-07','655tutor314@edu.ca','OG9665W95','(853) 940-2522',NULL),(6656,'Tutor657','1989-02-03','656tutor325@edu.ca','XS5386U55','(648) 728-8847',NULL),(6657,'Tutor658','1984-04-27','657tutor307@edu.ca','SB6372B49','(580) 568-3857',NULL),(6658,'Tutor659','1993-07-20','658tutor341@edu.ca','MK9983R59','(742) 501-6646',NULL),(6659,'Tutor660','1984-07-14','659tutor308@edu.ca','NU4168Y55','(719) 708-8322',NULL),(6660,'Tutor661','1986-07-04','660tutor315@edu.ca','TK7086E70','(645) 138-7152',NULL),(6661,'Tutor662','1995-09-25','661tutor349@edu.ca','GZ4785S22','(237) 991-8278',NULL),(6662,'Tutor663','1993-12-25','662tutor343@edu.ca','NA4072U71','(308) 437-9422',NULL),(6663,'Tutor664','1989-06-19','663tutor326@edu.ca','PN1566Y23','(350) 825-9293',NULL),(6664,'Tutor665','1988-07-10','664tutor323@edu.ca','IT9978M47','(422) 830-4355',NULL),(6665,'Tutor666','1993-06-15','665tutor341@edu.ca','LB2777E42','(277) 576-4804',NULL),(6666,'Tutor667','1990-08-17','666tutor331@edu.ca','MP5979S72','(970) 200-2359',3),(6667,'Tutor668','1995-09-21','667tutor349@edu.ca','LA7287P40','(719) 326-9024',NULL),(6668,'Tutor669','1992-07-23','668tutor338@edu.ca','TZ9484R11','(718) 581-9248',NULL),(6669,'Tutor670','1988-10-10','669tutor324@edu.ca','VJ2670W98','(720) 893-5649',NULL),(6670,'Tutor671','1991-11-17','670tutor335@edu.ca','JA4770B31','(379) 764-8674',NULL),(6671,'Tutor672','1995-02-23','671tutor347@edu.ca','WN6768A79','(972) 823-8473',NULL),(6672,'Tutor673','1991-09-01','672tutor334@edu.ca','SS2272K58','(359) 600-7867',NULL),(6673,'Tutor674','1988-02-15','673tutor321@edu.ca','ZH2076S59','(789) 504-7700',NULL),(6674,'Tutor675','1991-04-13','674tutor333@edu.ca','QF1287K36','(534) 471-1323',NULL),(6675,'Tutor676','1993-06-17','675tutor341@edu.ca','TV6972B70','(818) 954-5159',NULL),(6676,'Tutor677','1989-10-20','676tutor328@edu.ca','ZS2765E61','(741) 670-7480',NULL),(6677,'Tutor678','1987-08-16','677tutor320@edu.ca','WI2289C20','(139) 958-2730',NULL),(6678,'Tutor679','1990-06-28','678tutor330@edu.ca','OY7167D19','(817) 640-5174',NULL),(6679,'Tutor680','1992-07-10','679tutor337@edu.ca','UA3873R11','(500) 874-4116',NULL),(6680,'Tutor681','1990-09-16','680tutor331@edu.ca','ZV2665T47','(771) 858-7905',NULL),(6681,'Tutor682','1992-10-31','681tutor339@edu.ca','PF9967C64','(658) 470-5102',NULL),(6682,'Tutor683','1986-11-25','682tutor317@edu.ca','JN3381V10','(898) 717-1096',NULL),(6683,'Tutor684','1993-06-22','683tutor341@edu.ca','SS8890Y75','(830) 574-3350',NULL),(6684,'Tutor685','1985-09-20','684tutor313@edu.ca','RX7069V28','(596) 733-3528',NULL),(6685,'Tutor686','1987-10-09','685tutor320@edu.ca','GD4184S10','(596) 664-1988',NULL),(6686,'Tutor687','1985-10-18','686tutor313@edu.ca','CN7565A90','(854) 138-4366',NULL),(6687,'Tutor688','1994-07-13','687tutor345@edu.ca','BJ3074Y87','(813) 774-9924',NULL),(6688,'Tutor689','1991-04-02','688tutor333@edu.ca','TP6678G77','(190) 542-7793',NULL),(6689,'Tutor690','1985-07-27','689tutor312@edu.ca','QO9575B43','(863) 315-7006',NULL),(6690,'Tutor691','1993-11-26','690tutor342@edu.ca','VH2385F66','(571) 700-6393',NULL),(6691,'Tutor692','1993-02-06','691tutor340@edu.ca','UO5568W62','(223) 480-8545',NULL),(6692,'Tutor693','1991-12-05','692tutor335@edu.ca','DV5681V26','(890) 237-4938',NULL),(6693,'Tutor694','1986-08-18','693tutor316@edu.ca','TV6067U54','(978) 479-3086',NULL),(6694,'Tutor695','1995-11-23','694tutor350@edu.ca','QN4665C66','(215) 860-7845',NULL),(6695,'Tutor696','1993-11-29','695tutor343@edu.ca','UM5469X33','(606) 301-6618',NULL),(6696,'Tutor697','1992-12-21','696tutor339@edu.ca','NG8978N11','(389) 209-2586',NULL),(6697,'Tutor698','1990-01-05','697tutor328@edu.ca','BT7768V19','(580) 372-8394',NULL),(6698,'Tutor699','1988-10-10','698tutor324@edu.ca','WG2388B44','(212) 843-3088',NULL),(6699,'Tutor700','1989-10-08','699tutor327@edu.ca','JR9671I16','(316) 120-2495',NULL),(6700,'Tutor701','1984-12-21','700tutor310@edu.ca','OQ6890H38','(290) 813-8435',NULL),(6701,'Tutor702','1984-06-03','701tutor308@edu.ca','IP5979V91','(158) 309-4051',NULL),(6702,'Tutor703','1985-11-10','702tutor313@edu.ca','HI4188K10','(589) 264-1160',NULL),(6703,'Tutor704','1984-09-11','703tutor309@edu.ca','OB9368S31','(566) 905-1268',NULL),(6704,'Tutor705','1995-05-22','704tutor348@edu.ca','OJ7777P45','(216) 104-3386',NULL),(6705,'Tutor706','1987-10-09','705tutor320@edu.ca','ZX8971K81','(704) 958-1056',NULL),(6706,'Tutor707','1991-06-12','706tutor334@edu.ca','CD2169Z83','(583) 600-9406',NULL),(6707,'Tutor708','1987-04-10','707tutor318@edu.ca','FC9184Z84','(605) 904-6226',NULL),(6708,'Tutor709','1991-05-11','708tutor333@edu.ca','LA7175D91','(760) 304-6135',NULL),(6709,'Tutor710','1991-01-23','709tutor332@edu.ca','TV6288E37','(585) 501-4569',NULL),(6710,'Tutor711','1994-11-13','710tutor346@edu.ca','FG9980C51','(989) 610-4690',NULL),(6711,'Tutor712','1990-07-29','711tutor330@edu.ca','PZ3890L16','(516) 495-1341',NULL),(6712,'Tutor713','1988-11-04','712tutor324@edu.ca','AP7976W25','(902) 755-5669',NULL),(6713,'Tutor714','1984-10-31','713tutor309@edu.ca','UT8771V94','(887) 272-5574',NULL),(6714,'Tutor715','1993-10-06','714tutor342@edu.ca','GE6288B25','(210) 343-3283',NULL),(6715,'Tutor716','1984-03-21','715tutor307@edu.ca','YZ5479B88','(985) 762-8375',NULL),(6716,'Tutor717','1994-01-05','716tutor343@edu.ca','WM6670H63','(126) 756-9653',NULL),(6717,'Tutor718','1992-03-13','717tutor336@edu.ca','VJ1666N22','(654) 437-8921',NULL),(6718,'Tutor719','1990-09-07','718tutor331@edu.ca','FK9182P90','(771) 998-4295',NULL),(6719,'Tutor720','1986-02-23','719tutor314@edu.ca','ZX3074O66','(223) 277-7151',NULL),(6720,'Tutor721','1985-01-24','720tutor310@edu.ca','DT3580Z11','(354) 603-6739',NULL),(6721,'Tutor722','1987-08-20','721tutor320@edu.ca','CZ5774Q83','(909) 648-4791',NULL),(6722,'Tutor723','1986-10-18','722tutor317@edu.ca','EY4480B51','(821) 893-9962',NULL),(6723,'Tutor724','1988-08-04','723tutor323@edu.ca','BL6566V29','(976) 461-9508',NULL),(6724,'Tutor725','1990-05-06','724tutor329@edu.ca','PE9375W77','(984) 773-1506',NULL),(6725,'Tutor726','1991-04-19','725tutor333@edu.ca','LQ7871R93','(344) 375-3336',NULL),(6726,'Tutor727','1995-04-20','726tutor348@edu.ca','RY5085K96','(242) 983-6860',NULL),(6727,'Tutor728','1995-04-14','727tutor348@edu.ca','RQ4888M85','(917) 177-4144',NULL),(6728,'Tutor729','1991-03-14','728tutor333@edu.ca','NK2971P72','(409) 775-2780',NULL),(6729,'Tutor730','1987-12-30','729tutor321@edu.ca','TX1172U47','(860) 525-4427',NULL),(6730,'Tutor731','1994-10-31','730tutor346@edu.ca','EK6665T68','(147) 276-7488',NULL),(6731,'Tutor732','1988-07-03','731tutor323@edu.ca','XJ9374Y53','(388) 341-7752',NULL),(6732,'Tutor733','1989-11-21','732tutor328@edu.ca','WK9679V37','(205) 379-6115',NULL),(6733,'Tutor734','1995-11-23','733tutor350@edu.ca','PM6482H82','(962) 641-4015',NULL),(6734,'Tutor735','1988-03-25','734tutor322@edu.ca','EJ5584E96','(186) 285-7475',NULL),(6735,'Tutor736','1989-10-22','735tutor328@edu.ca','EO1388E76','(900) 866-9836',NULL),(6736,'Tutor737','1987-02-26','736tutor318@edu.ca','CF6972S39','(329) 829-3629',NULL),(6737,'Tutor738','1992-08-16','737tutor338@edu.ca','HQ8973K44','(769) 527-9608',NULL),(6738,'Tutor739','1990-03-14','738tutor329@edu.ca','HH5975O76','(407) 332-6019',NULL),(6739,'Tutor740','1993-12-07','739tutor343@edu.ca','KE6390O98','(752) 403-8345',NULL),(6740,'Tutor741','1989-11-05','740tutor328@edu.ca','YP8965M73','(554) 327-4160',NULL),(6741,'Tutor742','1989-05-05','741tutor326@edu.ca','DH5571D76','(867) 167-2518',NULL),(6742,'Tutor743','1988-09-26','742tutor324@edu.ca','JZ6376T96','(699) 544-6569',NULL),(6743,'Tutor744','1988-01-23','743tutor321@edu.ca','RO4788V38','(464) 494-5411',NULL),(6744,'Tutor745','1995-07-17','744tutor348@edu.ca','AO4370V14','(421) 640-7414',NULL),(6745,'Tutor746','1988-04-12','745tutor322@edu.ca','VV2778E82','(405) 250-5894',NULL),(6746,'Tutor747','1991-04-11','746tutor333@edu.ca','VQ7670P64','(905) 343-4537',NULL),(6747,'Tutor748','1986-05-15','747tutor315@edu.ca','LG2768E92','(964) 561-9852',NULL),(6748,'Tutor749','1992-12-28','748tutor339@edu.ca','FA8273Q62','(288) 660-5845',NULL),(6749,'Tutor750','1993-01-07','749tutor339@edu.ca','PM2881Y68','(653) 876-1065',NULL),(6750,'Tutor751','1995-03-12','750tutor347@edu.ca','SX9270L50','(943) 647-2705',NULL),(6751,'Tutor752','1995-11-21','751tutor350@edu.ca','OQ2882D80','(274) 435-1374',NULL),(6752,'Tutor753','1991-02-08','752tutor332@edu.ca','ZD1882P59','(210) 947-1853',NULL),(6753,'Tutor754','1987-05-04','753tutor319@edu.ca','AJ9188Y99','(169) 297-7389',NULL),(6754,'Tutor755','1992-11-06','754tutor339@edu.ca','OG8574M42','(909) 910-5942',NULL),(6755,'Tutor756','1986-06-28','755tutor315@edu.ca','BL4884O15','(553) 455-1833',NULL),(6756,'Tutor757','1995-01-01','756tutor347@edu.ca','DB9872I63','(102) 782-2478',NULL),(6757,'Tutor758','1993-09-23','757tutor342@edu.ca','LQ1579E77','(486) 741-8078',NULL),(6758,'Tutor759','1991-11-21','758tutor335@edu.ca','SR1967N37','(117) 703-3220',NULL),(6759,'Tutor760','1988-08-14','759tutor323@edu.ca','WY4089J84','(326) 772-6401',NULL),(6760,'Tutor761','1995-02-13','760tutor347@edu.ca','FO4872H95','(365) 955-1725',NULL),(6761,'Tutor762','1985-03-13','761tutor311@edu.ca','WR1770K14','(528) 523-6915',NULL),(6762,'Tutor763','1985-03-25','762tutor311@edu.ca','UI3684Q66','(171) 504-2485',NULL),(6763,'Tutor764','1987-09-28','763tutor320@edu.ca','EO4276Y42','(573) 691-7771',NULL),(6764,'Tutor765','1986-07-05','764tutor315@edu.ca','UR7081O36','(787) 443-2192',NULL),(6765,'Tutor766','1995-10-29','765tutor350@edu.ca','NG4590W41','(610) 728-3886',NULL),(6766,'Tutor767','1984-08-09','766tutor309@edu.ca','QW9489V77','(846) 353-3530',NULL),(6767,'Tutor768','1984-09-25','767tutor309@edu.ca','DM3970N79','(104) 495-5977',NULL),(6768,'Tutor769','1992-01-21','768tutor336@edu.ca','TM1180V43','(183) 649-6280',NULL),(6769,'Tutor770','1992-04-09','769tutor337@edu.ca','IE8582D15','(312) 347-6597',NULL),(6770,'Tutor771','1984-07-03','770tutor308@edu.ca','YE8971R99','(543) 178-7195',NULL),(6771,'Tutor772','1988-09-07','771tutor323@edu.ca','GO3683F10','(176) 501-2159',NULL),(6772,'Tutor773','1993-05-13','772tutor341@edu.ca','ZP6167Z18','(998) 489-9855',NULL),(6773,'Tutor774','1991-03-22','773tutor333@edu.ca','FI8473Z86','(685) 628-7986',NULL),(6774,'Tutor775','1985-09-22','774tutor313@edu.ca','ND3389B79','(953) 217-8945',NULL),(6775,'Tutor776','1984-11-22','775tutor310@edu.ca','CE3178X94','(777) 658-9901',NULL),(6776,'Tutor777','1995-12-30','776tutor350@edu.ca','NR9668J21','(715) 314-3549',NULL),(6777,'Tutor778','1995-11-29','777tutor350@edu.ca','VP9273D42','(831) 511-9362',NULL),(6778,'Tutor779','1995-10-30','778tutor350@edu.ca','IU3768L71','(662) 767-3389',NULL),(6779,'Tutor780','1989-09-01','779tutor327@edu.ca','KY8986B63','(688) 497-2443',NULL),(6780,'Tutor781','1988-08-14','780tutor323@edu.ca','TY6470H92','(801) 297-9244',2),(6781,'Tutor782','1991-12-21','781tutor335@edu.ca','PV9675U73','(979) 814-7562',NULL),(6782,'Tutor783','1992-11-09','782tutor339@edu.ca','VF2390J43','(986) 288-8661',NULL),(6783,'Tutor784','1990-01-28','783tutor329@edu.ca','YK8289P89','(675) 523-6757',NULL),(6784,'Tutor785','1995-06-26','784tutor348@edu.ca','MJ1184Y31','(813) 753-5712',NULL),(6785,'Tutor786','1995-10-09','785tutor349@edu.ca','CT7669Q94','(287) 680-8723',NULL),(6786,'Tutor787','1993-11-04','786tutor342@edu.ca','JH5281Y44','(157) 219-7380',NULL),(6787,'Tutor788','1993-08-19','787tutor342@edu.ca','RZ3165R22','(592) 382-5584',NULL),(6788,'Tutor789','1994-02-13','788tutor343@edu.ca','MR5786G86','(528) 117-9169',NULL),(6789,'Tutor790','1989-05-03','789tutor326@edu.ca','FN4383U81','(598) 326-3671',NULL),(6790,'Tutor791','1985-06-29','790tutor312@edu.ca','HG4171Q77','(457) 335-1331',NULL),(6791,'Tutor792','1993-12-24','791tutor343@edu.ca','GZ5683J83','(906) 818-8543',NULL),(6792,'Tutor793','1986-01-15','792tutor314@edu.ca','UG3590B53','(544) 610-9318',NULL),(6793,'Tutor794','1991-11-05','793tutor335@edu.ca','VZ5983A43','(789) 921-1381',NULL),(6794,'Tutor795','1985-06-21','794tutor312@edu.ca','DL2484T35','(642) 253-9485',NULL),(6795,'Tutor796','1993-09-09','795tutor342@edu.ca','MZ5377H69','(431) 766-9363',NULL),(6796,'Tutor797','1992-09-02','796tutor338@edu.ca','KU6077V69','(593) 927-2246',NULL),(6797,'Tutor798','1991-08-28','797tutor334@edu.ca','TK7389A54','(890) 431-2084',NULL),(6798,'Tutor799','1994-10-05','798tutor346@edu.ca','TY8974F18','(921) 443-7888',NULL),(6799,'Tutor800','1988-04-14','799tutor322@edu.ca','MX8976P37','(452) 612-7836',NULL),(6800,'Tutor801','1995-04-09','800tutor347@edu.ca','HK1878V31','(262) 510-9031',NULL),(6801,'Tutor802','1985-09-06','801tutor312@edu.ca','UG8379W36','(321) 412-9972',NULL),(6802,'Tutor803','1990-12-19','802tutor332@edu.ca','YN2365K29','(373) 180-1475',NULL),(6803,'Tutor804','1987-09-01','803tutor320@edu.ca','TI6190W65','(660) 946-2354',NULL),(6804,'Tutor805','1995-02-08','804tutor347@edu.ca','FJ2783P17','(384) 419-8055',NULL),(6805,'Tutor806','1995-04-20','805tutor348@edu.ca','AS4167S80','(564) 218-5485',NULL),(6806,'Tutor807','1992-07-02','806tutor337@edu.ca','VX1679S10','(267) 752-6656',NULL),(6807,'Tutor808','1993-08-17','807tutor341@edu.ca','OR7067W35','(626) 869-6263',NULL),(6808,'Tutor809','1987-01-13','808tutor317@edu.ca','HQ7979Y75','(595) 150-8113',NULL),(6809,'Tutor810','1993-02-04','809tutor340@edu.ca','HH5278C17','(501) 777-1291',NULL),(6810,'Tutor811','1990-07-06','810tutor330@edu.ca','LY6986B59','(121) 903-9243',NULL),(6811,'Tutor812','1984-03-29','811tutor307@edu.ca','SI6985V31','(155) 762-1237',NULL),(6812,'Tutor813','1989-12-02','812tutor328@edu.ca','QN7690C47','(875) 175-5749',NULL),(6813,'Tutor814','1994-06-11','813tutor344@edu.ca','JF5385E27','(206) 333-2707',NULL),(6814,'Tutor815','1990-10-08','814tutor331@edu.ca','TT9875S23','(133) 751-3191',NULL),(6815,'Tutor816','1993-07-12','815tutor341@edu.ca','XU2285K93','(501) 450-1057',NULL),(6816,'Tutor817','1993-02-01','816tutor340@edu.ca','UX4890H83','(348) 971-6705',NULL),(6817,'Tutor818','1995-12-24','817tutor350@edu.ca','XW5781K95','(875) 157-6900',NULL),(6818,'Tutor819','1994-10-03','818tutor346@edu.ca','SO1085P35','(708) 298-5036',NULL),(6819,'Tutor820','1985-07-18','819tutor312@edu.ca','DZ3478J13','(435) 535-7329',NULL),(6820,'Tutor821','1987-01-31','820tutor318@edu.ca','MY2987X31','(479) 286-6193',NULL),(6821,'Tutor822','1989-07-01','821tutor326@edu.ca','FN9268Y20','(686) 843-1345',NULL),(6822,'Tutor823','1993-05-22','822tutor341@edu.ca','DY1675V65','(944) 803-3246',NULL),(6823,'Tutor824','1992-01-16','823tutor336@edu.ca','AK7374W84','(519) 335-2098',NULL),(6824,'Tutor825','1984-03-09','824tutor307@edu.ca','DZ5376J51','(781) 553-9542',NULL),(6825,'Tutor826','1990-05-03','825tutor329@edu.ca','VK5980W83','(748) 527-4382',NULL),(6826,'Tutor827','1987-08-17','826tutor320@edu.ca','EF1974N61','(704) 422-6478',NULL),(6827,'Tutor828','1987-11-20','827tutor321@edu.ca','EQ4485X89','(260) 555-7635',NULL),(6828,'Tutor829','1989-07-27','828tutor327@edu.ca','OQ5765M27','(473) 916-5528',NULL),(6829,'Tutor830','1989-10-20','829tutor328@edu.ca','WQ2376R85','(784) 791-8743',NULL),(6830,'Tutor831','1991-02-21','830tutor332@edu.ca','SS2665Q27','(205) 989-1726',NULL),(6831,'Tutor832','1987-03-10','831tutor318@edu.ca','ZT1782U97','(562) 496-9543',NULL),(6832,'Tutor833','1984-05-21','832tutor308@edu.ca','JE4281Q52','(406) 494-3089',NULL),(6833,'Tutor834','1995-03-20','833tutor347@edu.ca','QY9182N10','(460) 735-4782',NULL),(6834,'Tutor835','1985-05-18','834tutor311@edu.ca','GD6185X43','(170) 392-7971',NULL),(6835,'Tutor836','1993-02-18','835tutor340@edu.ca','MW5790D50','(905) 465-8320',NULL),(6836,'Tutor837','1995-12-13','836tutor350@edu.ca','KV8079D62','(778) 635-5880',NULL),(6837,'Tutor838','1994-12-22','837tutor346@edu.ca','KX6976C24','(607) 737-8343',NULL),(6838,'Tutor839','1991-08-04','838tutor334@edu.ca','WR2765K49','(768) 419-8813',NULL),(6839,'Tutor840','1989-03-05','839tutor325@edu.ca','AL9678C44','(667) 991-7461',NULL),(6840,'Tutor841','1995-08-28','840tutor349@edu.ca','XZ2276P23','(878) 215-6187',NULL),(6841,'Tutor842','1984-03-25','841tutor307@edu.ca','TS2070T21','(396) 779-5472',NULL),(6842,'Tutor843','1986-12-06','842tutor317@edu.ca','WE3588F36','(122) 193-7650',NULL),(6843,'Tutor844','1984-08-26','843tutor309@edu.ca','RV7568O21','(478) 132-5906',NULL),(6844,'Tutor845','1995-10-28','844tutor350@edu.ca','VY2281N36','(220) 772-9013',NULL),(6845,'Tutor846','1984-04-29','845tutor308@edu.ca','NZ6169P36','(375) 953-6557',NULL),(6846,'Tutor847','1994-01-12','846tutor343@edu.ca','VN3978B30','(585) 260-9464',NULL),(6847,'Tutor848','1989-12-28','847tutor328@edu.ca','SA1878Q28','(502) 395-3600',NULL),(6848,'Tutor849','1984-12-20','848tutor310@edu.ca','XL2378B49','(513) 191-2661',NULL),(6849,'Tutor850','1986-03-11','849tutor314@edu.ca','PG4881Y26','(703) 367-1626',NULL),(6850,'Tutor851','1994-07-13','850tutor345@edu.ca','ZK1167I50','(604) 191-8108',NULL),(6851,'Tutor852','1993-03-20','851tutor340@edu.ca','TN3966Q50','(529) 507-8618',NULL),(6852,'Tutor853','1988-01-26','852tutor321@edu.ca','UC7275Q41','(553) 851-8701',NULL),(6853,'Tutor854','1985-12-01','853tutor313@edu.ca','ED4270B78','(970) 458-2278',NULL),(6854,'Tutor855','1995-11-17','854tutor350@edu.ca','RM5874Q23','(406) 599-3818',NULL),(6855,'Tutor856','1991-04-05','855tutor333@edu.ca','XY5379N75','(659) 150-9965',NULL),(6856,'Tutor857','1995-05-24','856tutor348@edu.ca','KU8186O56','(730) 715-6018',NULL),(6857,'Tutor858','1995-01-03','857tutor347@edu.ca','EI8369V63','(986) 242-1793',NULL),(6858,'Tutor859','1986-03-11','858tutor314@edu.ca','GM1979Z38','(586) 813-1298',NULL),(6859,'Tutor860','1989-03-08','859tutor325@edu.ca','AE6266L50','(840) 287-1884',NULL),(6860,'Tutor861','1990-11-27','860tutor332@edu.ca','JW7486X69','(363) 276-7081',NULL),(6861,'Tutor862','1986-07-06','861tutor315@edu.ca','WY4787N64','(790) 592-6620',NULL),(6862,'Tutor863','1992-09-21','862tutor338@edu.ca','TV1774W18','(982) 928-4335',NULL),(6863,'Tutor864','1987-05-19','863tutor319@edu.ca','ON9784J17','(543) 780-1612',NULL),(6864,'Tutor865','1985-12-23','864tutor314@edu.ca','EB4784L18','(497) 139-8695',NULL),(6865,'Tutor866','1993-01-19','865tutor339@edu.ca','SY7667L66','(246) 619-7789',NULL),(6866,'Tutor867','1994-12-16','866tutor346@edu.ca','HK1382S65','(721) 383-8517',NULL),(6867,'Tutor868','1991-03-06','867tutor333@edu.ca','AN7368L68','(917) 825-9117',NULL),(6868,'Tutor869','1989-07-25','868tutor327@edu.ca','DU8576F37','(772) 410-3392',NULL),(6869,'Tutor870','1985-10-16','869tutor313@edu.ca','VN2271C23','(863) 955-3374',NULL),(6870,'Tutor871','1986-09-12','870tutor316@edu.ca','TW4186Q38','(242) 162-1387',NULL),(6871,'Tutor872','1988-08-11','871tutor323@edu.ca','WE2268I51','(956) 921-5154',NULL),(6872,'Tutor873','1994-09-17','872tutor345@edu.ca','SU3869P94','(926) 356-4173',NULL),(6873,'Tutor874','1994-04-01','873tutor344@edu.ca','ED3870X48','(723) 182-1602',NULL),(6874,'Tutor875','1985-06-09','874tutor312@edu.ca','WY3574H27','(992) 408-4239',NULL),(6875,'Tutor876','1992-10-19','875tutor338@edu.ca','VI2388P66','(382) 851-8688',NULL),(6876,'Tutor877','1989-05-29','876tutor326@edu.ca','JH2688H95','(631) 676-6724',NULL),(6877,'Tutor878','1990-01-31','877tutor329@edu.ca','TI1771P46','(222) 304-5468',NULL),(6878,'Tutor879','1985-12-01','878tutor313@edu.ca','QK8567Z99','(205) 542-1806',NULL),(6879,'Tutor880','1994-10-11','879tutor346@edu.ca','PA7386J42','(334) 307-4494',NULL),(6880,'Tutor881','1991-09-29','880tutor335@edu.ca','AJ4170Q75','(995) 732-5837',NULL),(6881,'Tutor882','1990-03-04','881tutor329@edu.ca','RX5988K70','(793) 610-8492',NULL),(6882,'Tutor883','1993-07-23','882tutor341@edu.ca','GV1479C32','(425) 591-4904',NULL),(6883,'Tutor884','1992-05-04','883tutor337@edu.ca','HO6282L85','(749) 209-3239',NULL),(6884,'Tutor885','1992-05-16','884tutor337@edu.ca','DP4073N23','(849) 703-8402',NULL),(6885,'Tutor886','1989-02-21','885tutor325@edu.ca','LY6475G42','(596) 169-4976',NULL),(6886,'Tutor887','1995-10-09','886tutor349@edu.ca','UC1186T87','(697) 167-5179',NULL),(6887,'Tutor888','1987-12-08','887tutor321@edu.ca','AG6572F33','(427) 499-5889',NULL),(6888,'Tutor889','1985-06-08','888tutor312@edu.ca','PO7677N85','(339) 247-2333',NULL),(6889,'Tutor890','1993-12-31','889tutor343@edu.ca','VZ5584B31','(663) 493-3727',NULL),(6890,'Tutor891','1986-01-27','890tutor314@edu.ca','NC4672K87','(431) 151-3657',NULL),(6891,'Tutor892','1995-01-02','891tutor347@edu.ca','DL7777G31','(465) 113-3678',NULL),(6892,'Tutor893','1992-06-05','892tutor337@edu.ca','CL3488P12','(764) 233-4654',NULL),(6893,'Tutor894','1991-07-17','893tutor334@edu.ca','ES1389A25','(106) 839-2478',NULL),(6894,'Tutor895','1992-04-23','894tutor337@edu.ca','IN1469F18','(227) 856-2043',NULL),(6895,'Tutor896','1991-04-14','895tutor333@edu.ca','CF7681S12','(608) 853-3415',NULL),(6896,'Tutor897','1988-07-13','896tutor323@edu.ca','MM1567K29','(936) 204-3591',NULL),(6897,'Tutor898','1986-11-15','897tutor317@edu.ca','YT9575A17','(484) 456-6851',NULL),(6898,'Tutor899','1990-09-16','898tutor331@edu.ca','MP5683M60','(667) 521-4152',NULL),(6899,'Tutor900','1990-08-20','899tutor331@edu.ca','ZD6867U70','(680) 875-8252',NULL),(6900,'Tutor901','1992-12-21','900tutor339@edu.ca','BN5773E83','(834) 843-2627',NULL),(6901,'Tutor902','1993-07-11','901tutor341@edu.ca','QT3278K36','(972) 589-4668',NULL),(6902,'Tutor903','1988-09-22','902tutor324@edu.ca','DL6384O38','(290) 298-1150',NULL),(6903,'Tutor904','1985-09-07','903tutor312@edu.ca','CX2188H42','(270) 167-5007',NULL),(6904,'Tutor905','1992-11-09','904tutor339@edu.ca','LH2074Q21','(189) 559-4805',NULL),(6905,'Tutor906','1994-12-12','905tutor346@edu.ca','UI2389M19','(102) 848-3011',NULL),(6906,'Tutor907','1987-09-11','906tutor320@edu.ca','CN7883R89','(548) 220-2337',NULL),(6907,'Tutor908','1985-03-30','907tutor311@edu.ca','ET9284L86','(609) 421-2932',NULL),(6908,'Tutor909','1984-03-19','908tutor307@edu.ca','TD6171K96','(852) 617-9322',NULL),(6909,'Tutor910','1989-05-27','909tutor326@edu.ca','BX8688O63','(271) 964-4198',NULL),(6910,'Tutor911','1990-10-31','910tutor331@edu.ca','OU4989S85','(125) 149-5787',NULL),(6911,'Tutor912','1988-02-21','911tutor321@edu.ca','IO2273A45','(127) 151-5507',NULL),(6912,'Tutor913','1990-12-07','912tutor332@edu.ca','PW1274V94','(259) 371-3702',NULL),(6913,'Tutor914','1995-06-04','913tutor348@edu.ca','KY1672T77','(528) 705-5056',NULL),(6914,'Tutor915','1992-10-11','914tutor338@edu.ca','AU7378Y61','(138) 802-5628',NULL),(6915,'Tutor916','1984-09-30','915tutor309@edu.ca','TX2669Z45','(757) 881-9454',NULL),(6916,'Tutor917','1994-04-21','916tutor344@edu.ca','QA8971Z80','(520) 782-6417',NULL),(6917,'Tutor918','1993-12-02','917tutor343@edu.ca','QB9581D19','(424) 286-7151',NULL),(6918,'Tutor919','1987-04-05','918tutor318@edu.ca','NT8086K91','(241) 800-9395',NULL),(6919,'Tutor920','1990-10-13','919tutor331@edu.ca','CO2083Q84','(125) 495-9835',NULL),(6920,'Tutor921','1993-08-06','920tutor341@edu.ca','WA3274E69','(371) 816-2851',NULL),(6921,'Tutor922','1989-04-15','921tutor326@edu.ca','ZE7072C16','(582) 526-6671',NULL),(6922,'Tutor923','1990-03-31','922tutor329@edu.ca','SK6771T16','(880) 780-3780',NULL),(6923,'Tutor924','1989-03-12','923tutor325@edu.ca','AQ5883H82','(917) 521-7120',NULL),(6924,'Tutor925','1991-10-30','924tutor335@edu.ca','DM8368Z62','(304) 412-6102',NULL),(6925,'Tutor926','1992-02-27','925tutor336@edu.ca','LF7278Q65','(298) 208-7359',NULL),(6926,'Tutor927','1991-02-23','926tutor332@edu.ca','YM9572V64','(788) 265-9912',NULL),(6927,'Tutor928','1989-05-12','927tutor326@edu.ca','RS9272A55','(607) 577-2073',NULL),(6928,'Tutor929','1990-12-17','928tutor332@edu.ca','HD7667M18','(751) 601-8100',NULL),(6929,'Tutor930','1994-08-16','929tutor345@edu.ca','TB7184H45','(871) 387-7964',NULL),(6930,'Tutor931','1988-08-29','930tutor323@edu.ca','AO9165Q78','(418) 468-2289',NULL),(6931,'Tutor932','1988-01-06','931tutor321@edu.ca','RR3166T26','(349) 648-5474',NULL),(6932,'Tutor933','1994-04-12','932tutor344@edu.ca','KE7180J55','(548) 969-2879',NULL),(6933,'Tutor934','1986-02-22','933tutor314@edu.ca','ZL7471W91','(464) 764-2612',NULL),(6934,'Tutor935','1984-08-10','934tutor309@edu.ca','EL4575S20','(308) 972-3084',NULL),(6935,'Tutor936','1994-12-03','935tutor346@edu.ca','CG1588X74','(586) 917-4560',NULL),(6936,'Tutor937','1984-05-31','936tutor308@edu.ca','TC6471I95','(293) 152-1590',NULL),(6937,'Tutor938','1993-10-14','937tutor342@edu.ca','XP9873O34','(970) 760-9538',NULL),(6938,'Tutor939','1995-04-12','938tutor348@edu.ca','RE2270Y72','(895) 306-2267',NULL),(6939,'Tutor940','1987-09-15','939tutor320@edu.ca','AH5773I27','(674) 950-3111',NULL),(6940,'Tutor941','1989-08-25','940tutor327@edu.ca','VD1873D63','(344) 251-8190',NULL),(6941,'Tutor942','1988-05-14','941tutor322@edu.ca','QG7572N16','(796) 804-3812',NULL),(6942,'Tutor943','1994-06-20','942tutor345@edu.ca','TZ6070A44','(386) 740-6607',NULL),(6943,'Tutor944','1990-09-02','943tutor331@edu.ca','VS7487S87','(675) 680-4946',NULL),(6944,'Tutor945','1988-05-06','944tutor322@edu.ca','NB5972R32','(958) 702-1868',NULL),(6945,'Tutor946','1984-02-25','945tutor307@edu.ca','GV7280W28','(742) 828-2804',NULL),(6946,'Tutor947','1989-12-31','946tutor328@edu.ca','TZ9270K72','(913) 330-1185',NULL),(6947,'Tutor948','1984-03-07','947tutor307@edu.ca','LO6180H61','(293) 708-4142',NULL),(6948,'Tutor949','1995-07-25','948tutor349@edu.ca','LT7688D93','(477) 962-1931',NULL),(6949,'Tutor950','1991-06-25','949tutor334@edu.ca','DF9572D52','(498) 678-6324',NULL),(6950,'Tutor951','1993-06-19','950tutor341@edu.ca','LU9590Q46','(300) 937-8314',NULL),(6951,'Tutor952','1988-03-17','951tutor322@edu.ca','BD8490S47','(162) 666-2500',NULL),(6952,'Tutor953','1995-07-10','952tutor348@edu.ca','ZQ7075X97','(157) 481-3180',NULL),(6953,'Tutor954','1989-03-24','953tutor325@edu.ca','AP4083Y74','(104) 822-3064',NULL),(6954,'Tutor955','1984-04-26','954tutor307@edu.ca','UV7677I15','(321) 100-8798',NULL),(6955,'Tutor956','1993-07-04','955tutor341@edu.ca','UE9687I78','(521) 933-6052',NULL),(6956,'Tutor957','1995-04-03','956tutor347@edu.ca','HY6685T29','(813) 743-4027',NULL),(6957,'Tutor958','1985-01-10','957tutor310@edu.ca','LB9577D14','(592) 708-3999',NULL),(6958,'Tutor959','1994-11-12','958tutor346@edu.ca','YY1570U32','(254) 705-4120',NULL),(6959,'Tutor960','1994-05-21','959tutor344@edu.ca','EN7171N92','(938) 469-8321',NULL),(6960,'Tutor961','1990-08-28','960tutor331@edu.ca','KC9177A68','(107) 875-2842',NULL),(6961,'Tutor962','1986-01-10','961tutor314@edu.ca','EO8865N65','(664) 816-8990',NULL),(6962,'Tutor963','1985-10-13','962tutor313@edu.ca','VH1970M31','(895) 671-9299',NULL),(6963,'Tutor964','1985-12-19','963tutor314@edu.ca','EF7667X11','(392) 973-2629',NULL),(6964,'Tutor965','1993-07-28','964tutor341@edu.ca','JP6666L61','(580) 886-9627',NULL),(6965,'Tutor966','1995-03-31','965tutor347@edu.ca','DI9375R50','(467) 513-3907',NULL),(6966,'Tutor967','1990-08-24','966tutor331@edu.ca','WO5081G58','(674) 481-5265',NULL),(6967,'Tutor968','1986-09-20','967tutor316@edu.ca','LP8580V61','(724) 834-9801',NULL),(6968,'Tutor969','1988-05-10','968tutor322@edu.ca','IF3574V72','(825) 208-2583',NULL),(6969,'Tutor970','1991-03-25','969tutor333@edu.ca','OI6172K88','(447) 217-6088',NULL),(6970,'Tutor971','1992-11-19','970tutor339@edu.ca','YZ9081H65','(862) 626-5825',NULL),(6971,'Tutor972','1985-03-21','971tutor311@edu.ca','GW1870J87','(823) 635-6600',NULL),(6972,'Tutor973','1990-07-11','972tutor330@edu.ca','MY4068N96','(309) 823-1143',NULL),(6973,'Tutor974','1987-04-09','973tutor318@edu.ca','NU7087K24','(365) 276-3146',NULL),(6974,'Tutor975','1994-05-16','974tutor344@edu.ca','GN2077X17','(889) 359-4528',NULL),(6975,'Tutor976','1985-08-29','975tutor312@edu.ca','IO6080Y38','(201) 321-6929',NULL),(6976,'Tutor977','1994-12-19','976tutor346@edu.ca','CB1766Y44','(221) 434-4234',NULL),(6977,'Tutor978','1993-10-06','977tutor342@edu.ca','WX1365E97','(757) 397-3142',NULL),(6978,'Tutor979','1990-02-27','978tutor329@edu.ca','EI1581F77','(916) 696-4914',NULL),(6979,'Tutor980','1995-11-08','979tutor350@edu.ca','KC5081Q63','(122) 417-3019',NULL),(6980,'Tutor981','1990-10-27','980tutor331@edu.ca','UT1267X76','(925) 197-9040',NULL),(6981,'Tutor982','1986-10-10','981tutor316@edu.ca','KN6489B81','(471) 999-1922',NULL),(6982,'Tutor983','1990-10-08','982tutor331@edu.ca','FQ8579N32','(304) 255-4613',NULL),(6983,'Tutor984','1986-09-28','983tutor316@edu.ca','RG2180Y64','(810) 494-2942',NULL),(6984,'Tutor985','1987-12-30','984tutor321@edu.ca','ZE1881I67','(260) 971-4090',NULL),(6985,'Tutor986','1995-02-22','985tutor347@edu.ca','GO6071I95','(643) 507-9273',NULL),(6986,'Tutor987','1985-04-30','986tutor311@edu.ca','XR5867O43','(129) 771-1308',NULL),(6987,'Tutor988','1988-11-20','987tutor324@edu.ca','CA7882N25','(483) 924-3258',NULL),(6988,'Tutor989','1993-11-05','988tutor342@edu.ca','HA6878H95','(255) 681-7670',NULL),(6989,'Tutor990','1986-11-22','989tutor317@edu.ca','MZ1988N33','(205) 419-1693',NULL),(6990,'Tutor991','1984-01-10','990tutor306@edu.ca','CQ1467O36','(821) 442-4817',NULL),(6991,'Tutor992','1991-08-23','991tutor334@edu.ca','RE8678K25','(919) 285-8665',NULL),(6992,'Tutor993','1995-08-29','992tutor349@edu.ca','CJ3372W28','(506) 647-2687',NULL),(6993,'Tutor994','1988-12-04','993tutor324@edu.ca','HS5880U47','(205) 609-7448',NULL),(6994,'Tutor995','1994-11-09','994tutor346@edu.ca','MF2367U53','(209) 152-9350',NULL),(6995,'Tutor996','1984-09-10','995tutor309@edu.ca','PX1567I69','(296) 615-3180',NULL),(6996,'Tutor997','1984-04-09','996tutor307@edu.ca','MF2387O70','(605) 556-8950',NULL),(6997,'Tutor998','1991-01-23','997tutor332@edu.ca','CE9074E22','(560) 294-6087',NULL),(6998,'Tutor999','1992-10-26','998tutor339@edu.ca','JU4975B82','(183) 956-8895',NULL),(6999,'Tutor1000','1988-04-21','999tutor322@edu.ca','RK1170N43','(942) 982-5038',2),(7001,'Bob','1980','000tutor315@edu.ca','1234','(878) 541-3444',NULL),(7019,'Jeff','1980','031tutor790@edu.ca','1234','(878) 444-5676',NULL);
/*!40000 ALTER TABLE `Tutor` ENABLE KEYS */;
UNLOCK TABLES;

--
-- Table structure for table `TutorSubject`
--

DROP TABLE IF EXISTS `TutorSubject`;
/*!40101 SET @saved_cs_client     = @@character_set_client */;
/*!50503 SET character_set_client = utf8mb4 */;
CREATE TABLE `TutorSubject` (
  `tutorNo` int(11) NOT NULL,
  `subjectCode` int(11) NOT NULL,
  `yearsOfExperience` int(11) NOT NULL,
  PRIMARY KEY (`tutorNo`,`subjectCode`),
  KEY `subjectCode_idx` (`subjectCode`),
  CONSTRAINT `fk_TutorSubject_Subject` FOREIGN KEY (`subjectCode`) REFERENCES `Subject` (`subjectCode`) ON DELETE CASCADE ON UPDATE NO ACTION,
  CONSTRAINT `fk_TutorSubject_Tutor` FOREIGN KEY (`tutorNo`) REFERENCES `Tutor` (`tutorNo`) ON DELETE CASCADE ON UPDATE CASCADE
) ENGINE=InnoDB DEFAULT CHARSET=utf8;
/*!40101 SET character_set_client = @saved_cs_client */;

--
-- Dumping data for table `TutorSubject`
--

LOCK TABLES `TutorSubject` WRITE;
/*!40000 ALTER TABLE `TutorSubject` DISABLE KEYS */;
INSERT INTO `TutorSubject` VALUES (6001,9966,5),(6002,1252,6),(6003,2700,3),(6004,2824,6),(6005,2235,5),(6006,8047,4),(6007,7551,5),(6008,5742,3),(6009,4697,3),(6010,9722,5),(6011,3241,4),(6012,4648,4),(6013,1947,4),(6014,2027,6),(6015,2589,3),(6016,5970,3),(6017,6611,3),(6018,9195,3),(6019,5544,6),(6020,3337,6),(6021,2696,6),(6022,9753,5),(6023,7818,3),(6024,2907,3),(6025,4899,3),(6026,1959,5),(6027,1222,3),(6028,6851,6),(6029,7297,5),(6030,9476,5),(6031,5191,4),(6032,6192,3),(6033,8374,4),(6034,7777,3),(6035,4659,6),(6036,7921,3),(6037,9811,6),(6038,4086,6),(6039,8112,4),(6040,1970,3),(6041,1847,5),(6042,1966,4),(6043,2189,5),(6044,9650,5),(6045,3932,3),(6046,4079,3),(6047,7822,6),(6048,1378,6),(6049,6732,5),(6050,4124,3),(6051,8258,5),(6052,7514,3),(6053,3486,5),(6054,4051,6),(6055,8395,3),(6056,7481,5),(6057,1237,4),(6058,5159,5),(6059,4436,4),(6060,8652,3),(6061,1916,6),(6062,3188,5),(6063,7463,6),(6064,4337,4),(6065,7151,4),(6066,6697,3),(6067,3787,4),(6068,7244,6),(6069,9000,3),(6070,4109,5),(6071,3889,5),(6072,5451,3),(6073,7491,6),(6074,1411,5),(6075,8288,5),(6076,4851,3),(6077,1982,6),(6078,3217,5),(6079,4999,3),(6080,7022,4),(6081,4986,4),(6082,1316,5),(6083,9180,5),(6084,2859,5),(6085,4368,5),(6086,1665,6),(6087,9715,6),(6088,6081,3),(6089,9089,5),(6090,9087,6),(6091,9389,6),(6092,6549,5),(6093,9094,6),(6094,4465,6),(6095,4125,4),(6096,4284,4),(6097,2737,6),(6098,3874,3),(6099,1183,6),(6100,4198,5),(6101,6549,3),(6102,9005,3),(6103,4212,4),(6104,1762,6),(6105,5631,6),(6106,9199,4),(6107,1782,3),(6108,1172,4),(6109,9850,4),(6110,7465,3),(6111,6351,5),(6112,3122,6),(6113,9409,5),(6114,6826,3),(6115,1497,6),(6116,7615,4),(6117,5715,4),(6118,2393,4),(6119,7028,6),(6120,8336,5),(6121,4697,5),(6122,4339,6),(6123,5226,5),(6124,5998,4),(6125,6137,5),(6126,1838,5),(6127,4356,5),(6128,5834,3),(6129,5980,4),(6130,7323,3),(6131,2608,5),(6132,4964,5),(6133,5120,4),(6134,4710,6),(6135,1999,6),(6136,7729,6),(6137,2176,6),(6138,8323,3),(6139,9252,5),(6140,7233,4),(6141,1898,6),(6142,8985,4),(6143,3939,3),(6144,9293,6),(6145,5453,3),(6146,8122,5),(6147,9035,5),(6148,3758,4),(6149,5401,5),(6150,9898,3),(6151,7597,3),(6152,5635,6),(6153,9157,6),(6154,1417,6),(6155,4351,4),(6156,1489,4),(6157,4350,4),(6158,1871,3),(6159,9817,3),(6160,8175,4),(6161,5567,5),(6162,6114,3),(6163,3112,5),(6164,8282,5),(6165,5201,3),(6166,4350,3),(6167,3429,6),(6168,2440,6),(6169,7303,3),(6170,9757,3),(6171,1076,4),(6172,8454,3),(6173,1365,5),(6174,5506,3),(6175,6405,5),(6176,5958,3),(6177,3895,3),(6178,8391,5),(6179,4744,6),(6180,4859,3),(6181,7370,5),(6182,8865,3),(6183,6401,5),(6184,9936,5),(6185,8930,5),(6186,1677,3),(6187,2310,5),(6188,9600,4),(6189,5301,4),(6190,6316,6),(6191,5409,4),(6192,6560,4),(6193,5246,6),(6194,3852,3),(6195,5380,3),(6196,9670,4),(6197,5836,5),(6198,5268,5),(6199,7016,5),(6200,3059,4),(6201,9966,6),(6202,1252,6),(6203,2700,4),(6204,2824,6),(6205,2235,3),(6206,8047,6),(6207,7551,5),(6208,5742,4),(6209,4697,5),(6210,9722,3),(6211,3241,5),(6212,4648,3),(6213,1947,5),(6214,2027,4),(6215,2589,3),(6216,5970,3),(6217,6611,3),(6218,9195,3),(6219,5544,5),(6220,3337,5),(6221,2696,6),(6222,9753,4),(6223,7818,4),(6224,2907,5),(6225,4899,5),(6226,1959,6),(6227,1222,4),(6228,6851,6),(6229,7297,4),(6230,9476,4),(6231,5191,5),(6232,6192,3),(6233,8374,4),(6234,7777,3),(6235,4659,5),(6236,7921,6),(6237,9811,3),(6238,4086,5),(6239,8112,3),(6240,1970,5),(6241,1847,6),(6242,1966,4),(6243,2189,6),(6244,9650,3),(6245,3932,5),(6246,4079,6),(6247,7822,6),(6248,1378,6),(6249,6732,6),(6250,4124,4),(6251,8258,4),(6252,7514,3),(6253,3486,6),(6254,4051,4),(6255,8395,5),(6256,7481,5),(6257,1237,5),(6258,5159,5),(6259,4436,5),(6260,8652,3),(6261,1916,4),(6262,3188,4),(6263,7463,5),(6264,4337,5),(6265,7151,4),(6266,6697,3),(6267,3787,3),(6268,7244,3),(6269,9000,6),(6270,4109,3),(6271,3889,4),(6272,5451,3),(6273,7491,3),(6274,1411,3),(6275,8288,5),(6276,4851,4),(6277,1982,3),(6278,3217,6),(6279,4999,3),(6280,7022,4),(6281,4986,6),(6282,1316,6),(6283,9180,4),(6284,2859,4),(6285,4368,4),(6286,1665,3),(6287,9715,4),(6288,6081,5),(6289,9089,6),(6290,9087,5),(6291,9389,4),(6292,6549,6),(6293,9094,4),(6294,4465,4),(6295,4125,6),(6296,4284,6),(6297,2737,4),(6298,3874,4),(6299,1183,3),(6300,4198,4),(6301,6549,5),(6302,9005,6),(6303,4212,4),(6304,1762,5),(6305,5631,4),(6306,9199,3),(6307,1782,3),(6308,1172,6),(6309,9850,4),(6310,7465,5),(6311,6351,5),(6312,3122,6),(6313,9409,3),(6314,6826,6),(6315,1497,4),(6316,7615,6),(6317,5715,4),(6318,2393,5),(6319,7028,4),(6320,8336,5),(6321,4697,6),(6322,4339,6),(6323,5226,4),(6324,5998,4),(6325,6137,4),(6326,1838,6),(6327,4356,5),(6328,5834,6),(6329,5980,3),(6330,7323,5),(6331,2608,4),(6332,4964,4),(6333,5120,3),(6334,4710,5),(6335,1999,6),(6336,7729,3),(6337,2176,6),(6338,8323,5),(6339,9252,4),(6340,7233,6),(6341,1898,4),(6342,8985,5),(6343,3939,6),(6344,9293,6),(6345,5453,4),(6346,8122,5),(6347,9035,5),(6348,3758,3),(6349,5401,3),(6350,9898,3),(6351,7597,4),(6352,5635,4),(6353,9157,4),(6354,1417,3),(6355,4351,4),(6356,1489,3),(6357,4350,5),(6358,1871,6),(6359,9817,4),(6360,8175,3),(6361,5567,3),(6362,6114,4),(6363,3112,4),(6364,8282,3),(6365,5201,6),(6366,4350,6),(6367,3429,4),(6368,2440,6),(6369,7303,3),(6370,9757,4),(6371,1076,3),(6372,8454,3),(6373,1365,3),(6374,5506,4),(6375,6405,4),(6376,5958,4),(6377,3895,3),(6378,8391,3),(6379,4744,6),(6380,4859,4),(6381,7370,6),(6382,8865,3),(6383,6401,4),(6384,9936,6),(6385,8930,4),(6386,1677,5),(6387,2310,5),(6388,9600,5),(6389,5301,3),(6390,6316,5),(6391,5409,4),(6392,6560,3),(6393,5246,3),(6394,3852,4),(6395,5380,4),(6396,9670,4),(6397,5836,3),(6398,5268,6),(6399,7016,5),(6400,3059,6),(6401,9966,6),(6402,1252,6),(6403,2700,6),(6404,2824,3),(6405,2235,4),(6406,8047,4),(6407,7551,5),(6408,5742,6),(6409,4697,5),(6410,9722,4),(6411,3241,5),(6412,4648,6),(6413,1947,6),(6414,2027,4),(6415,2589,5),(6416,5970,6),(6417,6611,4),(6418,9195,3),(6419,5544,6),(6420,3337,6),(6421,2696,4),(6422,9753,3),(6423,7818,4),(6424,2907,4),(6425,4899,6),(6426,1959,5),(6427,1222,5),(6428,6851,3),(6429,7297,6),(6430,9476,3),(6431,5191,4),(6432,6192,5),(6433,8374,5),(6434,7777,5),(6435,4659,3),(6436,7921,4),(6437,9811,3),(6438,4086,6),(6439,8112,4),(6440,1970,3),(6441,1847,6),(6442,1966,5),(6443,2189,3),(6444,9650,6),(6445,3932,4),(6446,4079,6),(6447,7822,6),(6448,1378,6),(6449,6732,3),(6450,4124,3),(6451,8258,6),(6452,7514,5),(6453,3486,6),(6454,4051,3),(6455,8395,5),(6456,7481,4),(6457,1237,6),(6458,5159,6),(6459,4436,5),(6460,8652,3),(6461,1916,6),(6462,3188,4),(6463,7463,4),(6464,4337,5),(6465,7151,3),(6466,6697,4),(6467,3787,6),(6468,7244,3),(6469,9000,6),(6470,4109,6),(6471,3889,4),(6472,5451,3),(6473,7491,3),(6474,1411,5),(6475,8288,6),(6476,4851,6),(6477,1982,6),(6478,3217,3),(6479,4999,3),(6480,7022,6),(6481,4986,6),(6482,1316,5),(6483,9180,6),(6484,2859,3),(6485,4368,4),(6486,1665,4),(6487,9715,5),(6488,6081,5),(6489,9089,5),(6490,9087,3),(6491,9389,5),(6492,6549,5),(6493,9094,5),(6494,4465,3),(6495,4125,6),(6496,4284,3),(6497,2737,3),(6498,3874,4),(6499,1183,4),(6500,4198,6),(6501,6549,4),(6502,9005,4),(6503,4212,4),(6504,1762,5),(6505,5631,5),(6506,9199,5),(6507,1782,6),(6508,1172,5),(6509,9850,4),(6510,7465,4),(6511,6351,5),(6512,3122,3),(6513,9409,5),(6514,6826,5),(6515,1497,3),(6516,7615,5),(6517,5715,6),(6518,2393,5),(6519,7028,4),(6520,8336,5),(6521,4697,4),(6522,4339,5),(6523,5226,4),(6524,5998,4),(6525,6137,6),(6526,1838,4),(6527,4356,5),(6528,5834,3),(6529,5980,3),(6530,7323,5),(6531,2608,6),(6532,4964,4),(6533,5120,6),(6534,4710,5),(6535,1999,3),(6536,7729,6),(6537,2176,5),(6538,8323,3),(6539,9252,6),(6540,7233,5),(6541,1898,4),(6542,8985,4),(6543,3939,3),(6544,9293,3),(6545,5453,6),(6546,8122,6),(6547,9035,4),(6548,3758,3),(6549,5401,4),(6550,9898,3),(6551,7597,4),(6552,5635,6),(6553,9157,4),(6554,1417,6),(6555,4351,3),(6556,1489,6),(6557,4350,3),(6558,1871,3),(6559,9817,4),(6560,8175,6),(6561,5567,5),(6562,6114,4),(6563,3112,3),(6564,8282,6),(6565,5201,6),(6566,4350,3),(6567,3429,6),(6568,2440,4),(6569,7303,6),(6570,9757,6),(6571,1076,6),(6572,8454,4),(6573,1365,3),(6574,5506,4),(6575,6405,6),(6576,5958,3),(6577,3895,6),(6578,8391,4),(6579,4744,6),(6580,4859,6),(6581,7370,5),(6582,8865,4),(6583,6401,6),(6584,9936,6),(6585,8930,3),(6586,1677,3),(6587,2310,4),(6588,9600,3),(6589,5301,3),(6590,6316,4),(6591,5409,5),(6592,6560,4),(6593,5246,6),(6594,3852,6),(6595,5380,3),(6596,9670,5),(6597,5836,3),(6598,5268,6),(6599,7016,6),(6600,3059,6),(6601,9966,5),(6602,1252,6),(6603,2700,6),(6604,2824,5),(6605,2235,5),(6606,8047,4),(6607,7551,5),(6608,5742,4),(6609,4697,6),(6610,9722,5),(6611,3241,5),(6612,4648,3),(6613,1947,4),(6614,2027,6),(6615,2589,3),(6616,5970,3),(6617,6611,6),(6618,9195,6),(6619,5544,4),(6620,3337,4),(6621,2696,3),(6622,9753,6),(6623,7818,5),(6624,2907,6),(6625,4899,4),(6626,1959,5),(6627,1222,4),(6628,6851,6),(6629,7297,6),(6630,9476,4),(6631,5191,4),(6632,6192,4),(6633,8374,6),(6634,7777,4),(6635,4659,4),(6636,7921,5),(6637,9811,4),(6638,4086,4),(6639,8112,6),(6640,1970,3),(6641,1847,4),(6642,1966,4),(6643,2189,6),(6644,9650,3),(6645,3932,6),(6646,4079,6),(6647,7822,3),(6648,1378,3),(6649,6732,6),(6650,4124,6),(6651,8258,3),(6652,7514,4),(6653,3486,6),(6654,4051,4),(6655,8395,6),(6656,7481,4),(6657,1237,5),(6658,5159,3),(6659,4436,4),(6660,8652,3),(6661,1916,4),(6662,3188,3),(6663,7463,5),(6664,4337,5),(6665,7151,4),(6666,6697,5),(6667,3787,3),(6668,7244,3),(6669,9000,3),(6670,4109,6),(6671,3889,5),(6672,5451,5),(6673,7491,6),(6674,1411,3),(6675,8288,4),(6676,4851,3),(6677,1982,3),(6678,3217,3),(6679,4999,5),(6680,7022,4),(6681,4986,6),(6682,1316,4),(6683,9180,3),(6684,2859,3),(6685,4368,6),(6686,1665,4),(6687,9715,5),(6688,6081,6),(6689,9089,6),(6690,9087,5),(6691,9389,3),(6692,6549,5),(6693,9094,5),(6694,4465,5),(6695,4125,6),(6696,4284,3),(6697,2737,3),(6698,3874,4),(6699,1183,3),(6700,4198,5),(6701,6549,4),(6702,9005,4),(6703,4212,4),(6704,1762,3),(6705,5631,6),(6706,9199,6),(6707,1782,6),(6708,1172,3),(6709,9850,6),(6710,7465,6),(6711,6351,4),(6712,3122,6),(6713,9409,3),(6714,6826,6),(6715,1497,6),(6716,7615,6),(6717,5715,4),(6718,2393,3),(6719,7028,4),(6720,8336,5),(6721,4697,3),(6722,4339,4),(6723,5226,6),(6724,5998,6),(6725,6137,6),(6726,1838,5),(6727,4356,6),(6728,5834,3),(6729,5980,5),(6730,7323,3),(6731,2608,4),(6732,4964,5),(6733,5120,5),(6734,4710,5),(6735,1999,3),(6736,7729,6),(6737,2176,5),(6738,8323,6),(6739,9252,3),(6740,7233,4),(6741,1898,5),(6742,8985,5),(6743,3939,3),(6744,9293,5),(6745,5453,4),(6746,8122,3),(6747,9035,4),(6748,3758,5),(6749,5401,6),(6750,9898,3),(6751,7597,4),(6752,5635,5),(6753,9157,4),(6754,1417,6),(6755,4351,3),(6756,1489,6),(6757,4350,4),(6758,1871,6),(6759,9817,4),(6760,8175,6),(6761,5567,6),(6762,6114,3),(6763,3112,3),(6764,8282,5),(6765,5201,5),(6766,4350,5),(6767,3429,4),(6768,2440,3),(6769,7303,5),(6770,9757,6),(6771,1076,4),(6772,8454,3),(6773,1365,4),(6774,5506,4),(6775,6405,4),(6776,5958,3),(6777,3895,4),(6778,8391,5),(6779,4744,5),(6780,4859,5),(6781,7370,5),(6782,8865,5),(6783,6401,3),(6784,9936,6),(6785,8930,5),(6786,1677,5),(6787,2310,6),(6788,9600,5),(6789,5301,5),(6790,6316,4),(6791,5409,4),(6792,6560,6),(6793,5246,3),(6794,3852,5),(6795,5380,4),(6796,9670,3),(6797,5836,6),(6798,5268,3),(6799,7016,6),(6800,3059,5),(6801,9966,6),(6802,1252,6),(6803,2700,4),(6804,2824,5),(6805,2235,5),(6806,8047,6),(6807,7551,4),(6808,5742,4),(6809,4697,6),(6810,9722,4),(6811,3241,5),(6812,4648,6),(6813,1947,4),(6814,2027,3),(6815,2589,4),(6816,5970,3),(6817,6611,3),(6818,9195,4),(6819,5544,3),(6820,3337,5),(6821,2696,4),(6822,9753,5),(6823,7818,6),(6824,2907,4),(6825,4899,5),(6826,1959,5),(6827,1222,3),(6828,6851,5),(6829,7297,3),(6830,9476,4),(6831,5191,5),(6832,6192,5),(6833,8374,6),(6834,7777,3),(6835,4659,6),(6836,7921,6),(6837,9811,6),(6838,4086,6),(6839,8112,6),(6840,1970,4),(6841,1847,5),(6842,1966,5),(6843,2189,4),(6844,9650,4),(6845,3932,5),(6846,4079,6),(6847,7822,6),(6848,1378,6),(6849,6732,3),(6850,4124,3),(6851,8258,4),(6852,7514,4),(6853,3486,3),(6854,4051,4),(6855,8395,4),(6856,7481,4),(6857,1237,3),(6858,5159,6),(6859,4436,6),(6860,8652,4),(6861,1916,3),(6862,3188,4),(6863,7463,4),(6864,4337,4),(6865,7151,5),(6866,6697,4),(6867,3787,5),(6868,7244,5),(6869,9000,4),(6870,4109,3),(6871,3889,6),(6872,5451,4),(6873,7491,5),(6874,1411,3),(6875,8288,4),(6876,4851,5),(6877,1982,6),(6878,3217,6),(6879,4999,3),(6880,7022,4),(6881,4986,6),(6882,1316,3),(6883,9180,3),(6884,2859,4),(6885,4368,4),(6886,1665,3),(6887,9715,3),(6888,6081,4),(6889,9089,4),(6890,9087,6),(6891,9389,4),(6892,6549,4),(6893,9094,6),(6894,4465,3),(6895,4125,3),(6896,4284,6),(6897,2737,6),(6898,3874,6),(6899,1183,4),(6900,4198,3),(6901,6549,6),(6902,9005,3),(6903,4212,6),(6904,1762,6),(6905,5631,3),(6906,9199,4),(6907,1782,4),(6908,1172,3),(6909,9850,3),(6910,7465,6),(6911,6351,4),(6912,3122,6),(6913,9409,4),(6914,6826,3),(6915,1497,4),(6916,7615,4),(6917,5715,3),(6918,2393,6),(6919,7028,3),(6920,8336,3),(6921,4697,5),(6922,4339,5),(6923,5226,4),(6924,5998,4),(6925,6137,6),(6926,1838,5),(6927,4356,3),(6928,5834,3),(6929,5980,6),(6930,7323,4),(6931,2608,3),(6932,4964,4),(6933,5120,3),(6934,4710,6),(6935,1999,3),(6936,7729,4),(6937,2176,6),(6938,8323,5),(6939,9252,3),(6940,7233,3),(6941,1898,4),(6942,8985,3),(6943,3939,4),(6944,9293,4),(6945,5453,6),(6946,8122,3),(6947,9035,5),(6948,3758,5),(6949,5401,6),(6950,9898,4),(6951,7597,5),(6952,5635,6),(6953,9157,6),(6954,1417,4),(6955,4351,5),(6956,1489,3),(6957,4350,3),(6958,1871,5),(6959,9817,5),(6960,8175,3),(6961,5567,5),(6962,6114,5),(6963,3112,5),(6964,8282,6),(6965,5201,3),(6966,4350,4),(6967,3429,5),(6968,2440,6),(6969,7303,3),(6970,9757,6),(6971,1076,6),(6972,8454,6),(6973,1365,4),(6974,5506,3),(6975,6405,4),(6976,5958,6),(6977,3895,3),(6978,8391,5),(6979,4744,5),(6980,4859,5),(6981,7370,4),(6982,8865,6),(6983,6401,5),(6984,9936,3),(6985,8930,3),(6986,1677,3),(6987,2310,6),(6988,9600,5),(6989,5301,6),(6990,6316,3),(6991,5409,4),(6992,6560,3),(6993,5246,6),(6994,3852,5),(6995,5380,6),(6996,9670,5),(6997,5836,4),(6998,5268,3),(6999,7016,6);
/*!40000 ALTER TABLE `TutorSubject` ENABLE KEYS */;
UNLOCK TABLES;

--
-- Dumping events for database 'TutorPlatform'
--

--
-- Dumping routines for database 'TutorPlatform'
--

--
-- Final view structure for view `ExperiencedCalculusTutors`
--

/*!50001 DROP VIEW IF EXISTS `ExperiencedCalculusTutors`*/;
/*!50001 SET @saved_cs_client          = @@character_set_client */;
/*!50001 SET @saved_cs_results         = @@character_set_results */;
/*!50001 SET @saved_col_connection     = @@collation_connection */;
/*!50001 SET character_set_client      = utf8mb4 */;
/*!50001 SET character_set_results     = utf8mb4 */;
/*!50001 SET collation_connection      = utf8mb4_general_ci */;
/*!50001 CREATE ALGORITHM=UNDEFINED */
/*!50013 DEFINER=`root`@`%` SQL SECURITY DEFINER */
/*!50001 VIEW `ExperiencedCalculusTutors` AS select `TutorSubject`.`tutorNo` AS `tutorNo`,`Tutor`.`name` AS `name`,`Subject`.`subjectTitle` AS `subjectTitle`,`TutorSubject`.`yearsOfExperience` AS `yearsOfExperience` from ((`TutorSubject` join `Tutor` on((`Tutor`.`tutorNo` = `TutorSubject`.`tutorNo`))) join `Subject` on((`TutorSubject`.`subjectCode` = `Subject`.`subjectCode`))) where ((`TutorSubject`.`yearsOfExperience` > 4) and (`Subject`.`subjectTitle` = 'Calculus')) */;
/*!50001 SET character_set_client      = @saved_cs_client */;
/*!50001 SET character_set_results     = @saved_cs_results */;
/*!50001 SET collation_connection      = @saved_col_connection */;

--
-- Final view structure for view `StudentsAskingQuestions`
--

/*!50001 DROP VIEW IF EXISTS `StudentsAskingQuestions`*/;
/*!50001 SET @saved_cs_client          = @@character_set_client */;
/*!50001 SET @saved_cs_results         = @@character_set_results */;
/*!50001 SET @saved_col_connection     = @@collation_connection */;
/*!50001 SET character_set_client      = utf8mb4 */;
/*!50001 SET character_set_results     = utf8mb4 */;
/*!50001 SET collation_connection      = utf8mb4_general_ci */;
/*!50001 CREATE ALGORITHM=UNDEFINED */
/*!50013 DEFINER=`root`@`%` SQL SECURITY DEFINER */
/*!50001 VIEW `StudentsAskingQuestions` AS select `Student`.`studentNo` AS `studentNo`,`Student`.`name` AS `name`,`Student`.`school` AS `school`,`Question`.`title` AS `title` from (`Question` join `Student` on((`Student`.`studentNo` = `Question`.`studentNo`))) */;
/*!50001 SET character_set_client      = @saved_cs_client */;
/*!50001 SET character_set_results     = @saved_cs_results */;
/*!50001 SET collation_connection      = @saved_col_connection */;

--
-- Final view structure for view `TransactionInfo`
--

/*!50001 DROP VIEW IF EXISTS `TransactionInfo`*/;
/*!50001 SET @saved_cs_client          = @@character_set_client */;
/*!50001 SET @saved_cs_results         = @@character_set_results */;
/*!50001 SET @saved_col_connection     = @@collation_connection */;
/*!50001 SET character_set_client      = utf8mb4 */;
/*!50001 SET character_set_results     = utf8mb4 */;
/*!50001 SET collation_connection      = utf8mb4_general_ci */;
/*!50001 CREATE ALGORITHM=UNDEFINED */
/*!50013 DEFINER=`root`@`%` SQL SECURITY DEFINER */
/*!50001 VIEW `TransactionInfo` AS select `Tutor`.`tutorNo` AS `tutorNo`,`Tutor`.`name` AS `tutorName`,`Student`.`studentNo` AS `studentNo`,`Student`.`name` AS `studentName`,`Transaction`.`transactionId` AS `transactionId`,`Transaction`.`amount` AS `amount` from ((`Transaction` join `Tutor` on((`Transaction`.`tutorNo` = `Tutor`.`tutorNo`))) join `Student` on((`Transaction`.`studentNo` = `Student`.`studentNo`))) */;
/*!50001 SET character_set_client      = @saved_cs_client */;
/*!50001 SET character_set_results     = @saved_cs_results */;
/*!50001 SET collation_connection      = @saved_col_connection */;
SET @@SESSION.SQL_LOG_BIN = @MYSQLDUMP_TEMP_LOG_BIN;
/*!40103 SET TIME_ZONE=@OLD_TIME_ZONE */;

/*!40101 SET SQL_MODE=@OLD_SQL_MODE */;
/*!40014 SET FOREIGN_KEY_CHECKS=@OLD_FOREIGN_KEY_CHECKS */;
/*!40014 SET UNIQUE_CHECKS=@OLD_UNIQUE_CHECKS */;
/*!40101 SET CHARACTER_SET_CLIENT=@OLD_CHARACTER_SET_CLIENT */;
/*!40101 SET CHARACTER_SET_RESULTS=@OLD_CHARACTER_SET_RESULTS */;
/*!40101 SET COLLATION_CONNECTION=@OLD_COLLATION_CONNECTION */;
/*!40111 SET SQL_NOTES=@OLD_SQL_NOTES */;

-- Dump completed on 2021-12-04 19:34:01
